<?xml version="1.0" encoding="UTF-8" standalone="no" ?>
<gpx xmlns="http://www.topografix.com/GPX/1/1" creator="http://nakarte.me" xmlns:xsi="http://www.w3.org/2001/XMLSchema-instance" xsi:schemaLocation="http://www.topografix.com/GPX/1/1 http://www.topografix.com/GPX/1/1/gpx.xsd" version="1.1">
	<wpt lat="55.666634" lon="37.460077">
		<name>туннель</name>
	</wpt>
	<wpt lat="55.606917" lon="37.607212">
		<name>туннель</name>
	</wpt>
	<wpt lat="55.830077" lon="37.657015">
		<name>акведук открыт только по выходным дням.</name>
	</wpt>
	<wpt lat="55.840269" lon="37.521703">
		<name>туалет</name>
	</wpt>
	<wpt lat="55.762721" lon="37.809601">
		<name>Рисунок на дереве</name>
	</wpt>
	<wpt lat="55.762635" lon="37.809601">
		<name>рисунок на дереве</name>
	</wpt>
	<wpt lat="55.833810" lon="37.550156">
		<name>туалет</name>
	</wpt>
	<wpt lat="55.800057" lon="37.732010">
		<name>туалет</name>
	</wpt>
	<wpt lat="55.617002" lon="37.683494">
		<name>туалет</name>
	</wpt>
	<wpt lat="55.842715" lon="37.587235">
		<name>Начало ЗКМ-100 миль</name>
	</wpt>
	<wpt lat="55.618590" lon="37.505116">
		<name>Высшая точка Москвы 255 метров</name>
	</wpt>
	<wpt lat="55.842544" lon="37.587192">
		<name>окончание ЗКМ 163 км</name>
	</wpt>
	<wpt lat="55.592690" lon="37.679911">
		<name>туалет</name>
	</wpt>
	<wpt lat="55.596746" lon="37.677271">
		<name>туалет</name>
	</wpt>
	<wpt lat="55.647408" lon="37.764861">
		<name>туалет</name>
	</wpt>
	<wpt lat="55.734290" lon="37.799215">
		<name>туалет</name>
	</wpt>
	<wpt lat="55.695966" lon="37.777951">
		<name>туалет</name>
	</wpt>
	<wpt lat="55.686031" lon="37.807777">
		<name>туалет</name>
	</wpt>
	<wpt lat="55.625692" lon="37.695961">
		<name>туалет</name>
	</wpt>
	<wpt lat="55.637687" lon="37.490675">
		<name>туалет</name>
	</wpt>
	<wpt lat="55.636292" lon="37.489431">
		<name>туалет</name>
	</wpt>
	<wpt lat="55.679251" lon="37.471964">
		<name>туалет</name>
	</wpt>
	<wpt lat="55.676955" lon="37.476857">
		<name>туалет</name>
	</wpt>
	<wpt lat="55.676955" lon="37.475526">
		<name>туалет</name>
	</wpt>
	<wpt lat="55.726629" lon="37.541766">
		<name>туалет</name>
	</wpt>
	<wpt lat="55.733710" lon="37.515480">
		<name>туалет</name>
	</wpt>
	<wpt lat="55.748409" lon="37.485504">
		<name>туалет</name>
	</wpt>
	<wpt lat="55.750748" lon="37.483122">
		<name>туалет</name>
	</wpt>
	<wpt lat="55.748409" lon="37.475891">
		<name>туалет</name>
	</wpt>
	<wpt lat="55.746521" lon="37.475827">
		<name>туалет</name>
	</wpt>
	<wpt lat="55.746327" lon="37.475762">
		<name>дерево новобрачных</name>
	</wpt>
	<wpt lat="55.740169" lon="37.455828">
		<name>туалет</name>
	</wpt>
	<wpt lat="55.748645" lon="37.434971">
		<name>туалет</name>
	</wpt>
	<wpt lat="55.753923" lon="37.431002">
		<name>туалет</name>
	</wpt>
	<wpt lat="55.771497" lon="37.435593">
		<name>туалет</name>
	</wpt>
	<wpt lat="55.792526" lon="37.408707">
		<name>туалет</name>
	</wpt>
	<wpt lat="55.803147" lon="37.418835">
		<name>туалет</name>
	</wpt>
	<wpt lat="55.813576" lon="37.450421">
		<name>пулемётное гнездо</name>
	</wpt>
	<wpt lat="55.824841" lon="37.462244">
		<name>бобровая плотина</name>
	</wpt>
	<wpt lat="55.825034" lon="37.473402">
		<name>туалет</name>
	</wpt>
	<wpt lat="55.824712" lon="37.473402">
		<name>туалет</name>
	</wpt>
	<wpt lat="55.817717" lon="37.476213">
		<name>туалет</name>
	</wpt>
	<wpt lat="55.820442" lon="37.481620">
		<name>туалет</name>
	</wpt>
	<wpt lat="55.820678" lon="37.483079">
		<name>туалет</name>
	</wpt>
	<wpt lat="55.823575" lon="37.480762">
		<name>туалет</name>
	</wpt>
	<wpt lat="55.843595" lon="37.517304">
		<name>линия обороны Москвы</name>
	</wpt>
	<wpt lat="55.838316" lon="37.613606">
		<name>туалет</name>
	</wpt>
	<wpt lat="55.790831" lon="37.762501">
		<name>туалет</name>
	</wpt>
	<wpt lat="55.717875" lon="37.794258">
		<name>туалет</name>
	</wpt>
	<wpt lat="55.716973" lon="37.792499">
		<name>туалет</name>
	</wpt>
	<wpt lat="55.716222" lon="37.792241">
		<name>туалет</name>
	</wpt>
	<wpt lat="55.690902" lon="37.788551">
		<name>скамья Любви и Верности</name>
	</wpt>
	<wpt lat="55.689486" lon="37.784967">
		<name>Скульптуры коней</name>
	</wpt>
	<wpt lat="55.667749" lon="37.836316">
		<name>переход к метро Котельники 2 км.</name>
	</wpt>
	<wpt lat="55.651871" lon="37.775440">
		<name>Памятник</name>
	</wpt>
	<wpt lat="55.647365" lon="37.764304">
		<name>Памятник Г.Х.Андерсену</name>
	</wpt>
	<wpt lat="55.645798" lon="37.761192">
		<name>Памятник студенческим приметам</name>
	</wpt>
	<wpt lat="55.623439" lon="37.684202">
		<name>Погибшим на п/л Курск</name>
	</wpt>
	<wpt lat="55.831944" lon="37.658925">
		<name>памятник дворнику</name>
	</wpt>
	<wpt lat="55.842758" lon="37.640257">
		<name>памятник</name>
	</wpt>
	<wpt lat="55.825013" lon="37.543654">
		<name>&#39;кладбище учёных&#39;</name>
	</wpt>
	<wpt lat="55.821687" lon="37.680297">
		<name>10 км.</name>
	</wpt>
	<wpt lat="55.817288" lon="37.721302">
		<name>20 км</name>
	</wpt>
	<wpt lat="55.730213" lon="37.802648">
		<name>40 км.</name>
	</wpt>
	<wpt lat="55.677534" lon="37.830307">
		<name>50 км.</name>
	</wpt>
	<wpt lat="55.638224" lon="37.729370">
		<name>60 км</name>
	</wpt>
	<wpt lat="55.593399" lon="37.701948">
		<name>70 км</name>
	</wpt>
	<wpt lat="55.626014" lon="37.492606">
		<name>90 км.</name>
	</wpt>
	<wpt lat="55.723196" lon="37.539813">
		<name>110 км.</name>
	</wpt>
	<wpt lat="55.748580" lon="37.487070">
		<name>120 км.</name>
	</wpt>
	<wpt lat="55.774265" lon="37.409007">
		<name>130 км.</name>
	</wpt>
	<wpt lat="55.839947" lon="37.522089">
		<name>150 км.</name>
	</wpt>
	<wpt lat="55.839711" lon="37.578566">
		<name>переход Ж/Д</name>
	</wpt>
	<wpt lat="55.834754" lon="37.572858">
		<name>переход</name>
	</wpt>
	<wpt lat="55.835505" lon="37.497628">
		<name>кролики</name>
	</wpt>
	<wpt lat="55.826665" lon="37.472522">
		<name>родники</name>
	</wpt>
	<wpt lat="55.812975" lon="37.448082">
		<name>шлюз</name>
	</wpt>
	<wpt lat="55.683027" lon="37.492027">
		<name>памятник Ярыгину.</name>
	</wpt>
	<wpt lat="55.593441" lon="37.681670">
		<name>Сакуровая аллея, роща.</name>
	</wpt>
	<wpt lat="55.598613" lon="37.675168">
		<name>Туевая аллея</name>
	</wpt>
	<wpt lat="55.598591" lon="37.677207">
		<name>Листвиничная аллея</name>
	</wpt>
	<wpt lat="55.596939" lon="37.679610">
		<name>Туевая площадь</name>
	</wpt>
	<wpt lat="55.596703" lon="37.679632">
		<name>Кленовая аллея</name>
	</wpt>
	<wpt lat="55.595029" lon="37.679717">
		<name>Рябиновая аллея</name>
	</wpt>
	<wpt lat="55.594235" lon="37.683236">
		<name>Еловая аллея</name>
	</wpt>
	<wpt lat="55.606402" lon="37.604036">
		<name>Памятник Родная Гавань</name>
	</wpt>
	<wpt lat="55.636335" lon="37.496018">
		<name>ДОТ времён ВОВ</name>
	</wpt>
	<wpt lat="55.835634" lon="37.652767">
		<name>памятник дворовому капитану</name>
	</wpt>
	<wpt lat="55.722917" lon="37.797756">
		<name>тоннель</name>
	</wpt>
	<wpt lat="55.705966" lon="37.535865">
		<name>Бюсты ученых России</name>
	</wpt>
	<wpt lat="55.748774" lon="37.486083">
		<name>Штурвал корабля мечты</name>
	</wpt>
	<wpt lat="55.842350" lon="37.518356">
		<name>памятники</name>
	</wpt>
	<wpt lat="55.801710" lon="37.741215">
		<name>Локомотив</name>
	</wpt>
	<wpt lat="55.801946" lon="37.740679">
		<name>погибшим спортсменам</name>
	</wpt>
	<wpt lat="55.842372" lon="37.587149">
		<name>Ворота закрыты с 22 часов до 8 часов</name>
	</wpt>
	<wpt lat="55.773879" lon="37.794001">
		<name>Рисунок на дереве</name>
	</wpt>
	<wpt lat="55.591038" lon="37.642145">
		<name>Романский дворик</name>
	</wpt>
	<wpt lat="55.818983" lon="37.548289">
		<name>Отряду спец.назначения &#39;Русь&#39;</name>
	</wpt>
	<wpt lat="55.681268" lon="37.503786">
		<name>Ладошки</name>
	</wpt>
	<wpt lat="55.678714" lon="37.480011">
		<name>туалет</name>
	</wpt>
	<wpt lat="55.645798" lon="37.472436">
		<name>Водителям -героям.</name>
	</wpt>
	<wpt lat="55.820485" lon="37.483466">
		<name>Асерьянц-рыбак</name>
	</wpt>
	<wpt lat="55.819369" lon="37.482672">
		<name>Асерьянц-дачники</name>
	</wpt>
	<wpt lat="55.819198" lon="37.482200">
		<name>Асерьянц-стремянка</name>
	</wpt>
	<wpt lat="55.659059" lon="37.811296">
		<name>нет светофора, нет перехода. Идёт стройка.</name>
	</wpt>
	<wpt lat="55.681783" lon="37.502177">
		<name>Зелёный лабиринт</name>
	</wpt>
	<wpt lat="55.657621" lon="37.799473">
		<name>Идёт стройка до леса</name>
	</wpt>
	<wpt lat="55.644940" lon="37.759948">
		<name>Самая низкая точка ЗКМ 110 метров над уровнем моря.</name>
	</wpt>
	<wpt lat="55.660518" lon="37.779732">
		<name>Стройка переходов нет. :(</name>
	</wpt>
	<wpt lat="55.672728" lon="37.809987">
		<name>Дырка в заборе. :( По другому ни как.</name>
	</wpt>
	<trk>
		<name>ЗКМ_14-12-2020</name>
		<trkseg>
			<trkpt lat="55.842715" lon="37.587213"><time>1970-01-01T00:00:01.000Z</time></trkpt>
			<trkpt lat="55.842758" lon="37.587364"><time>1970-01-01T00:00:01.000Z</time></trkpt>
			<trkpt lat="55.842694" lon="37.587535"><time>1970-01-01T00:00:01.000Z</time></trkpt>
			<trkpt lat="55.843187" lon="37.589187"><time>1970-01-01T00:00:01.000Z</time></trkpt>
			<trkpt lat="55.842908" lon="37.589917"><time>1970-01-01T00:00:01.000Z</time></trkpt>
			<trkpt lat="55.842715" lon="37.589960"><time>1970-01-01T00:00:01.000Z</time></trkpt>
			<trkpt lat="55.841514" lon="37.590024"><time>1970-01-01T00:00:01.000Z</time></trkpt>
			<trkpt lat="55.841385" lon="37.590089"><time>1970-01-01T00:00:01.000Z</time></trkpt>
			<trkpt lat="55.841256" lon="37.590282"><time>1970-01-01T00:00:01.000Z</time></trkpt>
			<trkpt lat="55.840505" lon="37.592664"><time>1970-01-01T00:00:01.000Z</time></trkpt>
			<trkpt lat="55.840333" lon="37.593028"><time>1970-01-01T00:00:01.000Z</time></trkpt>
			<trkpt lat="55.840205" lon="37.593179"><time>1970-01-01T00:00:01.000Z</time></trkpt>
			<trkpt lat="55.839904" lon="37.593329"><time>1970-01-01T00:00:01.000Z</time></trkpt>
			<trkpt lat="55.839218" lon="37.593522"><time>1970-01-01T00:00:01.000Z</time></trkpt>
			<trkpt lat="55.838016" lon="37.593930"><time>1970-01-01T00:00:01.000Z</time></trkpt>
			<trkpt lat="55.837501" lon="37.593973"><time>1970-01-01T00:00:01.000Z</time></trkpt>
			<trkpt lat="55.836407" lon="37.595346"><time>1970-01-01T00:00:01.000Z</time></trkpt>
			<trkpt lat="55.834390" lon="37.598693"><time>1970-01-01T00:00:01.000Z</time></trkpt>
			<trkpt lat="55.833918" lon="37.598607"><time>1970-01-01T00:00:01.000Z</time></trkpt>
			<trkpt lat="55.833553" lon="37.597942"><time>1970-01-01T00:00:01.000Z</time></trkpt>
			<trkpt lat="55.832158" lon="37.600324"><time>1970-01-01T00:00:01.000Z</time></trkpt>
			<trkpt lat="55.831321" lon="37.601333"><time>1970-01-01T00:00:01.000Z</time></trkpt>
			<trkpt lat="55.831150" lon="37.602019"><time>1970-01-01T00:00:01.000Z</time></trkpt>
			<trkpt lat="55.831665" lon="37.604487"><time>1970-01-01T00:00:01.000Z</time></trkpt>
			<trkpt lat="55.832072" lon="37.605324"><time>1970-01-01T00:00:01.000Z</time></trkpt>
			<trkpt lat="55.833982" lon="37.608263"><time>1970-01-01T00:00:01.000Z</time></trkpt>
			<trkpt lat="55.835119" lon="37.610173"><time>1970-01-01T00:00:01.000Z</time></trkpt>
			<trkpt lat="55.836020" lon="37.611375"><time>1970-01-01T00:00:01.000Z</time></trkpt>
			<trkpt lat="55.836557" lon="37.611954"><time>1970-01-01T00:00:01.000Z</time></trkpt>
			<trkpt lat="55.836664" lon="37.611847"><time>1970-01-01T00:00:01.000Z</time></trkpt>
			<trkpt lat="55.837608" lon="37.611675"><time>1970-01-01T00:00:01.000Z</time></trkpt>
			<trkpt lat="55.838166" lon="37.611418"><time>1970-01-01T00:00:01.000Z</time></trkpt>
			<trkpt lat="55.838338" lon="37.611203"><time>1970-01-01T00:00:01.000Z</time></trkpt>
			<trkpt lat="55.838853" lon="37.611139"><time>1970-01-01T00:00:01.000Z</time></trkpt>
			<trkpt lat="55.839003" lon="37.611310"><time>1970-01-01T00:00:01.000Z</time></trkpt>
			<trkpt lat="55.839861" lon="37.613263"><time>1970-01-01T00:00:01.000Z</time></trkpt>
			<trkpt lat="55.840033" lon="37.614336"><time>1970-01-01T00:00:01.000Z</time></trkpt>
			<trkpt lat="55.840140" lon="37.615559"><time>1970-01-01T00:00:01.000Z</time></trkpt>
			<trkpt lat="55.840505" lon="37.617812"><time>1970-01-01T00:00:01.000Z</time></trkpt>
			<trkpt lat="55.841020" lon="37.619657"><time>1970-01-01T00:00:01.000Z</time></trkpt>
			<trkpt lat="55.841042" lon="37.620151"><time>1970-01-01T00:00:01.000Z</time></trkpt>
			<trkpt lat="55.840870" lon="37.621782"><time>1970-01-01T00:00:01.000Z</time></trkpt>
			<trkpt lat="55.841449" lon="37.623219"><time>1970-01-01T00:00:01.000Z</time></trkpt>
			<trkpt lat="55.841278" lon="37.623670"><time>1970-01-01T00:00:01.000Z</time></trkpt>
			<trkpt lat="55.840913" lon="37.623970"><time>1970-01-01T00:00:01.000Z</time></trkpt>
			<trkpt lat="55.840569" lon="37.624035"><time>1970-01-01T00:00:01.000Z</time></trkpt>
			<trkpt lat="55.840527" lon="37.624893"><time>1970-01-01T00:00:01.000Z</time></trkpt>
			<trkpt lat="55.840913" lon="37.625236"><time>1970-01-01T00:00:01.000Z</time></trkpt>
			<trkpt lat="55.841492" lon="37.628584"><time>1970-01-01T00:00:01.000Z</time></trkpt>
			<trkpt lat="55.841621" lon="37.630837"><time>1970-01-01T00:00:01.000Z</time></trkpt>
			<trkpt lat="55.841771" lon="37.631824"><time>1970-01-01T00:00:01.000Z</time></trkpt>
			<trkpt lat="55.842114" lon="37.632983"><time>1970-01-01T00:00:01.000Z</time></trkpt>
			<trkpt lat="55.842265" lon="37.633798"><time>1970-01-01T00:00:01.000Z</time></trkpt>
			<trkpt lat="55.842801" lon="37.634764"><time>1970-01-01T00:00:01.000Z</time></trkpt>
			<trkpt lat="55.843080" lon="37.635965"><time>1970-01-01T00:00:01.000Z</time></trkpt>
			<trkpt lat="55.843080" lon="37.636223"><time>1970-01-01T00:00:01.000Z</time></trkpt>
			<trkpt lat="55.843209" lon="37.636502"><time>1970-01-01T00:00:01.000Z</time></trkpt>
			<trkpt lat="55.843252" lon="37.637596"><time>1970-01-01T00:00:01.000Z</time></trkpt>
			<trkpt lat="55.842951" lon="37.637703"><time>1970-01-01T00:00:01.000Z</time></trkpt>
			<trkpt lat="55.842737" lon="37.637725"><time>1970-01-01T00:00:01.000Z</time></trkpt>
			<trkpt lat="55.842350" lon="37.638540"><time>1970-01-01T00:00:01.000Z</time></trkpt>
			<trkpt lat="55.842265" lon="37.640235"><time>1970-01-01T00:00:01.000Z</time></trkpt>
			<trkpt lat="55.842157" lon="37.641330"><time>1970-01-01T00:00:01.000Z</time></trkpt>
			<trkpt lat="55.842050" lon="37.643282"><time>1970-01-01T00:00:01.000Z</time></trkpt>
			<trkpt lat="55.841921" lon="37.643411"><time>1970-01-01T00:00:01.000Z</time></trkpt>
			<trkpt lat="55.841707" lon="37.643325"><time>1970-01-01T00:00:01.000Z</time></trkpt>
			<trkpt lat="55.841321" lon="37.643239"><time>1970-01-01T00:00:01.000Z</time></trkpt>
			<trkpt lat="55.840999" lon="37.643218"><time>1970-01-01T00:00:01.000Z</time></trkpt>
			<trkpt lat="55.840913" lon="37.643497"><time>1970-01-01T00:00:01.000Z</time></trkpt>
			<trkpt lat="55.840162" lon="37.643561"><time>1970-01-01T00:00:01.000Z</time></trkpt>
			<trkpt lat="55.839389" lon="37.643926"><time>1970-01-01T00:00:01.000Z</time></trkpt>
			<trkpt lat="55.839282" lon="37.643905"><time>1970-01-01T00:00:01.000Z</time></trkpt>
			<trkpt lat="55.839110" lon="37.644591"><time>1970-01-01T00:00:01.000Z</time></trkpt>
			<trkpt lat="55.838295" lon="37.647080"><time>1970-01-01T00:00:01.000Z</time></trkpt>
			<trkpt lat="55.837737" lon="37.648432"><time>1970-01-01T00:00:01.000Z</time></trkpt>
			<trkpt lat="55.837630" lon="37.648604"><time>1970-01-01T00:00:01.000Z</time></trkpt>
			<trkpt lat="55.837737" lon="37.648969"><time>1970-01-01T00:00:01.000Z</time></trkpt>
			<trkpt lat="55.837737" lon="37.649226"><time>1970-01-01T00:00:01.000Z</time></trkpt>
			<trkpt lat="55.837823" lon="37.649548"><time>1970-01-01T00:00:01.000Z</time></trkpt>
			<trkpt lat="55.837973" lon="37.649891"><time>1970-01-01T00:00:01.000Z</time></trkpt>
			<trkpt lat="55.838037" lon="37.650277"><time>1970-01-01T00:00:01.000Z</time></trkpt>
			<trkpt lat="55.837801" lon="37.650471"><time>1970-01-01T00:00:01.000Z</time></trkpt>
			<trkpt lat="55.837415" lon="37.650449"><time>1970-01-01T00:00:01.000Z</time></trkpt>
			<trkpt lat="55.836836" lon="37.650986"><time>1970-01-01T00:00:01.000Z</time></trkpt>
			<trkpt lat="55.835892" lon="37.652294"><time>1970-01-01T00:00:01.000Z</time></trkpt>
			<trkpt lat="55.835720" lon="37.652681"><time>1970-01-01T00:00:01.000Z</time></trkpt>
			<trkpt lat="55.835591" lon="37.652767"><time>1970-01-01T00:00:01.000Z</time></trkpt>
			<trkpt lat="55.835420" lon="37.653110"><time>1970-01-01T00:00:01.000Z</time></trkpt>
			<trkpt lat="55.835033" lon="37.653196"><time>1970-01-01T00:00:01.000Z</time></trkpt>
			<trkpt lat="55.834411" lon="37.653754"><time>1970-01-01T00:00:01.000Z</time></trkpt>
			<trkpt lat="55.833767" lon="37.654054"><time>1970-01-01T00:00:01.000Z</time></trkpt>
			<trkpt lat="55.833210" lon="37.654741"><time>1970-01-01T00:00:01.000Z</time></trkpt>
			<trkpt lat="55.831750" lon="37.658324"><time>1970-01-01T00:00:01.000Z</time></trkpt>
			<trkpt lat="55.831944" lon="37.658882"><time>1970-01-01T00:00:01.000Z</time></trkpt>
			<trkpt lat="55.831686" lon="37.658238"><time>1970-01-01T00:00:01.000Z</time></trkpt>
			<trkpt lat="55.830549" lon="37.656929"><time>1970-01-01T00:00:01.000Z</time></trkpt>
			<trkpt lat="55.830163" lon="37.656951"><time>1970-01-01T00:00:01.000Z</time></trkpt>
			<trkpt lat="55.827459" lon="37.654097"><time>1970-01-01T00:00:01.000Z</time></trkpt>
			<trkpt lat="55.827652" lon="37.653625"><time>1970-01-01T00:00:01.000Z</time></trkpt>
			<trkpt lat="55.827824" lon="37.653625"><time>1970-01-01T00:00:01.000Z</time></trkpt>
			<trkpt lat="55.828253" lon="37.653904"><time>1970-01-01T00:00:01.000Z</time></trkpt>
			<trkpt lat="55.828575" lon="37.654226"><time>1970-01-01T00:00:01.000Z</time></trkpt>
			<trkpt lat="55.828832" lon="37.654655"><time>1970-01-01T00:00:01.000Z</time></trkpt>
			<trkpt lat="55.828682" lon="37.655256"><time>1970-01-01T00:00:01.000Z</time></trkpt>
			<trkpt lat="55.828339" lon="37.656264"><time>1970-01-01T00:00:01.000Z</time></trkpt>
			<trkpt lat="55.827995" lon="37.657895"><time>1970-01-01T00:00:01.000Z</time></trkpt>
			<trkpt lat="55.827759" lon="37.659547"><time>1970-01-01T00:00:01.000Z</time></trkpt>
			<trkpt lat="55.827695" lon="37.660599"><time>1970-01-01T00:00:01.000Z</time></trkpt>
			<trkpt lat="55.827309" lon="37.662508"><time>1970-01-01T00:00:01.000Z</time></trkpt>
			<trkpt lat="55.826622" lon="37.665448"><time>1970-01-01T00:00:01.000Z</time></trkpt>
			<trkpt lat="55.826214" lon="37.666736"><time>1970-01-01T00:00:01.000Z</time></trkpt>
			<trkpt lat="55.826300" lon="37.667594"><time>1970-01-01T00:00:01.000Z</time></trkpt>
			<trkpt lat="55.825850" lon="37.668259"><time>1970-01-01T00:00:01.000Z</time></trkpt>
			<trkpt lat="55.825635" lon="37.669225"><time>1970-01-01T00:00:01.000Z</time></trkpt>
			<trkpt lat="55.824948" lon="37.669268"><time>1970-01-01T00:00:01.000Z</time></trkpt>
			<trkpt lat="55.824562" lon="37.669933"><time>1970-01-01T00:00:01.000Z</time></trkpt>
			<trkpt lat="55.824476" lon="37.670963"><time>1970-01-01T00:00:01.000Z</time></trkpt>
			<trkpt lat="55.823554" lon="37.672121"><time>1970-01-01T00:00:01.000Z</time></trkpt>
			<trkpt lat="55.822803" lon="37.672744"><time>1970-01-01T00:00:01.000Z</time></trkpt>
			<trkpt lat="55.821837" lon="37.674095"><time>1970-01-01T00:00:01.000Z</time></trkpt>
			<trkpt lat="55.821258" lon="37.674782"><time>1970-01-01T00:00:01.000Z</time></trkpt>
			<trkpt lat="55.820635" lon="37.675125"><time>1970-01-01T00:00:01.000Z</time></trkpt>
			<trkpt lat="55.819906" lon="37.676306"><time>1970-01-01T00:00:01.000Z</time></trkpt>
			<trkpt lat="55.819691" lon="37.676799"><time>1970-01-01T00:00:01.000Z</time></trkpt>
			<trkpt lat="55.820206" lon="37.677657"><time>1970-01-01T00:00:01.000Z</time></trkpt>
			<trkpt lat="55.820592" lon="37.677915"><time>1970-01-01T00:00:01.000Z</time></trkpt>
			<trkpt lat="55.820743" lon="37.677872"><time>1970-01-01T00:00:01.000Z</time></trkpt>
			<trkpt lat="55.821558" lon="37.678816"><time>1970-01-01T00:00:01.000Z</time></trkpt>
			<trkpt lat="55.821901" lon="37.682915"><time>1970-01-01T00:00:01.000Z</time></trkpt>
			<trkpt lat="55.821944" lon="37.684760"><time>1970-01-01T00:00:01.000Z</time></trkpt>
			<trkpt lat="55.822631" lon="37.684653"><time>1970-01-01T00:00:01.000Z</time></trkpt>
			<trkpt lat="55.823639" lon="37.688300"><time>1970-01-01T00:00:01.000Z</time></trkpt>
			<trkpt lat="55.823296" lon="37.689824"><time>1970-01-01T00:00:01.000Z</time></trkpt>
			<trkpt lat="55.823124" lon="37.690189"><time>1970-01-01T00:00:01.000Z</time></trkpt>
			<trkpt lat="55.824648" lon="37.691583"><time>1970-01-01T00:00:01.000Z</time></trkpt>
			<trkpt lat="55.824648" lon="37.691820"><time>1970-01-01T00:00:01.000Z</time></trkpt>
			<trkpt lat="55.824219" lon="37.692528"><time>1970-01-01T00:00:01.000Z</time></trkpt>
			<trkpt lat="55.824176" lon="37.692935"><time>1970-01-01T00:00:01.000Z</time></trkpt>
			<trkpt lat="55.824562" lon="37.693193"><time>1970-01-01T00:00:01.000Z</time></trkpt>
			<trkpt lat="55.825463" lon="37.694287"><time>1970-01-01T00:00:01.000Z</time></trkpt>
			<trkpt lat="55.825678" lon="37.694652"><time>1970-01-01T00:00:01.000Z</time></trkpt>
			<trkpt lat="55.825699" lon="37.695317"><time>1970-01-01T00:00:01.000Z</time></trkpt>
			<trkpt lat="55.825850" lon="37.695339"><time>1970-01-01T00:00:01.000Z</time></trkpt>
			<trkpt lat="55.825957" lon="37.695553"><time>1970-01-01T00:00:01.000Z</time></trkpt>
			<trkpt lat="55.826150" lon="37.695660"><time>1970-01-01T00:00:01.000Z</time></trkpt>
			<trkpt lat="55.826386" lon="37.695532"><time>1970-01-01T00:00:01.000Z</time></trkpt>
			<trkpt lat="55.826536" lon="37.695575"><time>1970-01-01T00:00:01.000Z</time></trkpt>
			<trkpt lat="55.826708" lon="37.695896"><time>1970-01-01T00:00:01.000Z</time></trkpt>
			<trkpt lat="55.826965" lon="37.696154"><time>1970-01-01T00:00:01.000Z</time></trkpt>
			<trkpt lat="55.827116" lon="37.696369"><time>1970-01-01T00:00:01.000Z</time></trkpt>
			<trkpt lat="55.827094" lon="37.697034"><time>1970-01-01T00:00:01.000Z</time></trkpt>
			<trkpt lat="55.827266" lon="37.697549"><time>1970-01-01T00:00:01.000Z</time></trkpt>
			<trkpt lat="55.827738" lon="37.697506"><time>1970-01-01T00:00:01.000Z</time></trkpt>
			<trkpt lat="55.827802" lon="37.697677"><time>1970-01-01T00:00:01.000Z</time></trkpt>
			<trkpt lat="55.827909" lon="37.698986"><time>1970-01-01T00:00:01.000Z</time></trkpt>
			<trkpt lat="55.827180" lon="37.699866"><time>1970-01-01T00:00:01.000Z</time></trkpt>
			<trkpt lat="55.827008" lon="37.699952"><time>1970-01-01T00:00:01.000Z</time></trkpt>
			<trkpt lat="55.827073" lon="37.701390"><time>1970-01-01T00:00:01.000Z</time></trkpt>
			<trkpt lat="55.827266" lon="37.702076"><time>1970-01-01T00:00:01.000Z</time></trkpt>
			<trkpt lat="55.827201" lon="37.702892"><time>1970-01-01T00:00:01.000Z</time></trkpt>
			<trkpt lat="55.827137" lon="37.702956"><time>1970-01-01T00:00:01.000Z</time></trkpt>
			<trkpt lat="55.826858" lon="37.703664"><time>1970-01-01T00:00:01.000Z</time></trkpt>
			<trkpt lat="55.826837" lon="37.704115"><time>1970-01-01T00:00:01.000Z</time></trkpt>
			<trkpt lat="55.826601" lon="37.704587"><time>1970-01-01T00:00:01.000Z</time></trkpt>
			<trkpt lat="55.826343" lon="37.704952"><time>1970-01-01T00:00:01.000Z</time></trkpt>
			<trkpt lat="55.826257" lon="37.705209"><time>1970-01-01T00:00:01.000Z</time></trkpt>
			<trkpt lat="55.826214" lon="37.705767"><time>1970-01-01T00:00:01.000Z</time></trkpt>
			<trkpt lat="55.826021" lon="37.705939"><time>1970-01-01T00:00:01.000Z</time></trkpt>
			<trkpt lat="55.825313" lon="37.705767"><time>1970-01-01T00:00:01.000Z</time></trkpt>
			<trkpt lat="55.825227" lon="37.706303"><time>1970-01-01T00:00:01.000Z</time></trkpt>
			<trkpt lat="55.825120" lon="37.706475"><time>1970-01-01T00:00:01.000Z</time></trkpt>
			<trkpt lat="55.824884" lon="37.706518"><time>1970-01-01T00:00:01.000Z</time></trkpt>
			<trkpt lat="55.824498" lon="37.707162"><time>1970-01-01T00:00:01.000Z</time></trkpt>
			<trkpt lat="55.824498" lon="37.708127"><time>1970-01-01T00:00:01.000Z</time></trkpt>
			<trkpt lat="55.824197" lon="37.707999"><time>1970-01-01T00:00:01.000Z</time></trkpt>
			<trkpt lat="55.823833" lon="37.708793"><time>1970-01-01T00:00:01.000Z</time></trkpt>
			<trkpt lat="55.822459" lon="37.709329"><time>1970-01-01T00:00:01.000Z</time></trkpt>
			<trkpt lat="55.821665" lon="37.709479"><time>1970-01-01T00:00:01.000Z</time></trkpt>
			<trkpt lat="55.820378" lon="37.709586"><time>1970-01-01T00:00:01.000Z</time></trkpt>
			<trkpt lat="55.820292" lon="37.709994"><time>1970-01-01T00:00:01.000Z</time></trkpt>
			<trkpt lat="55.819863" lon="37.710380"><time>1970-01-01T00:00:01.000Z</time></trkpt>
			<trkpt lat="55.819648" lon="37.711046"><time>1970-01-01T00:00:01.000Z</time></trkpt>
			<trkpt lat="55.819348" lon="37.710981"><time>1970-01-01T00:00:01.000Z</time></trkpt>
			<trkpt lat="55.818661" lon="37.712011"><time>1970-01-01T00:00:01.000Z</time></trkpt>
			<trkpt lat="55.818382" lon="37.712591"><time>1970-01-01T00:00:01.000Z</time></trkpt>
			<trkpt lat="55.818275" lon="37.713106"><time>1970-01-01T00:00:01.000Z</time></trkpt>
			<trkpt lat="55.818060" lon="37.712719"><time>1970-01-01T00:00:01.000Z</time></trkpt>
			<trkpt lat="55.815764" lon="37.717097"><time>1970-01-01T00:00:01.000Z</time></trkpt>
			<trkpt lat="55.815722" lon="37.717032"><time>1970-01-01T00:00:01.000Z</time></trkpt>
			<trkpt lat="55.811451" lon="37.725336"><time>1970-01-01T00:00:01.000Z</time></trkpt>
			<trkpt lat="55.811172" lon="37.724972"><time>1970-01-01T00:00:01.000Z</time></trkpt>
			<trkpt lat="55.810700" lon="37.725680"><time>1970-01-01T00:00:01.000Z</time></trkpt>
			<trkpt lat="55.809949" lon="37.725744"><time>1970-01-01T00:00:01.000Z</time></trkpt>
			<trkpt lat="55.809778" lon="37.725572"><time>1970-01-01T00:00:01.000Z</time></trkpt>
			<trkpt lat="55.809177" lon="37.726924"><time>1970-01-01T00:00:01.000Z</time></trkpt>
			<trkpt lat="55.808962" lon="37.727611"><time>1970-01-01T00:00:01.000Z</time></trkpt>
			<trkpt lat="55.808984" lon="37.727847"><time>1970-01-01T00:00:01.000Z</time></trkpt>
			<trkpt lat="55.809628" lon="37.728963"><time>1970-01-01T00:00:01.000Z</time></trkpt>
			<trkpt lat="55.809413" lon="37.729328"><time>1970-01-01T00:00:01.000Z</time></trkpt>
			<trkpt lat="55.809005" lon="37.728577"><time>1970-01-01T00:00:01.000Z</time></trkpt>
			<trkpt lat="55.808404" lon="37.729628"><time>1970-01-01T00:00:01.000Z</time></trkpt>
			<trkpt lat="55.808404" lon="37.730486"><time>1970-01-01T00:00:01.000Z</time></trkpt>
			<trkpt lat="55.808319" lon="37.731173"><time>1970-01-01T00:00:01.000Z</time></trkpt>
			<trkpt lat="55.807589" lon="37.732353"><time>1970-01-01T00:00:01.000Z</time></trkpt>
			<trkpt lat="55.807203" lon="37.733083"><time>1970-01-01T00:00:01.000Z</time></trkpt>
			<trkpt lat="55.807010" lon="37.733040"><time>1970-01-01T00:00:01.000Z</time></trkpt>
			<trkpt lat="55.806581" lon="37.732761"><time>1970-01-01T00:00:01.000Z</time></trkpt>
			<trkpt lat="55.806409" lon="37.732761"><time>1970-01-01T00:00:01.000Z</time></trkpt>
			<trkpt lat="55.805186" lon="37.732546"><time>1970-01-01T00:00:01.000Z</time></trkpt>
			<trkpt lat="55.804885" lon="37.732375"><time>1970-01-01T00:00:01.000Z</time></trkpt>
			<trkpt lat="55.803555" lon="37.731044"><time>1970-01-01T00:00:01.000Z</time></trkpt>
			<trkpt lat="55.803083" lon="37.731023"><time>1970-01-01T00:00:01.000Z</time></trkpt>
			<trkpt lat="55.802225" lon="37.731795"><time>1970-01-01T00:00:01.000Z</time></trkpt>
			<trkpt lat="55.802353" lon="37.732332"><time>1970-01-01T00:00:01.000Z</time></trkpt>
			<trkpt lat="55.801710" lon="37.732911"><time>1970-01-01T00:00:01.000Z</time></trkpt>
			<trkpt lat="55.801817" lon="37.733941"><time>1970-01-01T00:00:01.000Z</time></trkpt>
			<trkpt lat="55.801044" lon="37.734563"><time>1970-01-01T00:00:01.000Z</time></trkpt>
			<trkpt lat="55.801173" lon="37.737417"><time>1970-01-01T00:00:01.000Z</time></trkpt>
			<trkpt lat="55.801002" lon="37.737760"><time>1970-01-01T00:00:01.000Z</time></trkpt>
			<trkpt lat="55.800959" lon="37.738168"><time>1970-01-01T00:00:01.000Z</time></trkpt>
			<trkpt lat="55.800808" lon="37.738318"><time>1970-01-01T00:00:01.000Z</time></trkpt>
			<trkpt lat="55.800680" lon="37.738705"><time>1970-01-01T00:00:01.000Z</time></trkpt>
			<trkpt lat="55.800680" lon="37.739048"><time>1970-01-01T00:00:01.000Z</time></trkpt>
			<trkpt lat="55.800487" lon="37.739541"><time>1970-01-01T00:00:01.000Z</time></trkpt>
			<trkpt lat="55.800572" lon="37.739971"><time>1970-01-01T00:00:01.000Z</time></trkpt>
			<trkpt lat="55.800465" lon="37.740078"><time>1970-01-01T00:00:01.000Z</time></trkpt>
			<trkpt lat="55.800508" lon="37.740443"><time>1970-01-01T00:00:01.000Z</time></trkpt>
			<trkpt lat="55.800079" lon="37.740636"><time>1970-01-01T00:00:01.000Z</time></trkpt>
			<trkpt lat="55.800143" lon="37.741279"><time>1970-01-01T00:00:01.000Z</time></trkpt>
			<trkpt lat="55.800014" lon="37.741859"><time>1970-01-01T00:00:01.000Z</time></trkpt>
			<trkpt lat="55.799585" lon="37.742052"><time>1970-01-01T00:00:01.000Z</time></trkpt>
			<trkpt lat="55.799499" lon="37.742352"><time>1970-01-01T00:00:01.000Z</time></trkpt>
			<trkpt lat="55.799542" lon="37.742696"><time>1970-01-01T00:00:01.000Z</time></trkpt>
			<trkpt lat="55.798985" lon="37.742782"><time>1970-01-01T00:00:01.000Z</time></trkpt>
			<trkpt lat="55.798834" lon="37.742910"><time>1970-01-01T00:00:01.000Z</time></trkpt>
			<trkpt lat="55.797440" lon="37.743125"><time>1970-01-01T00:00:01.000Z</time></trkpt>
			<trkpt lat="55.796495" lon="37.743039"><time>1970-01-01T00:00:01.000Z</time></trkpt>
			<trkpt lat="55.796023" lon="37.742202"><time>1970-01-01T00:00:01.000Z</time></trkpt>
			<trkpt lat="55.795616" lon="37.742846"><time>1970-01-01T00:00:01.000Z</time></trkpt>
			<trkpt lat="55.795337" lon="37.742846"><time>1970-01-01T00:00:01.000Z</time></trkpt>
			<trkpt lat="55.795101" lon="37.744455"><time>1970-01-01T00:00:01.000Z</time></trkpt>
			<trkpt lat="55.793105" lon="37.743769"><time>1970-01-01T00:00:01.000Z</time></trkpt>
			<trkpt lat="55.793062" lon="37.744090"><time>1970-01-01T00:00:01.000Z</time></trkpt>
			<trkpt lat="55.792912" lon="37.744112"><time>1970-01-01T00:00:01.000Z</time></trkpt>
			<trkpt lat="55.792612" lon="37.746773"><time>1970-01-01T00:00:01.000Z</time></trkpt>
			<trkpt lat="55.792697" lon="37.746816"><time>1970-01-01T00:00:01.000Z</time></trkpt>
			<trkpt lat="55.792719" lon="37.746644"><time>1970-01-01T00:00:01.000Z</time></trkpt>
			<trkpt lat="55.793556" lon="37.747009"><time>1970-01-01T00:00:01.000Z</time></trkpt>
			<trkpt lat="55.792976" lon="37.752759"><time>1970-01-01T00:00:01.000Z</time></trkpt>
			<trkpt lat="55.791775" lon="37.752330"><time>1970-01-01T00:00:01.000Z</time></trkpt>
			<trkpt lat="55.791753" lon="37.752588"><time>1970-01-01T00:00:01.000Z</time></trkpt>
			<trkpt lat="55.791303" lon="37.754562"><time>1970-01-01T00:00:01.000Z</time></trkpt>
			<trkpt lat="55.791646" lon="37.755077"><time>1970-01-01T00:00:01.000Z</time></trkpt>
			<trkpt lat="55.791453" lon="37.755484"><time>1970-01-01T00:00:01.000Z</time></trkpt>
			<trkpt lat="55.791152" lon="37.756665"><time>1970-01-01T00:00:01.000Z</time></trkpt>
			<trkpt lat="55.790187" lon="37.757974"><time>1970-01-01T00:00:01.000Z</time></trkpt>
			<trkpt lat="55.789908" lon="37.758660"><time>1970-01-01T00:00:01.000Z</time></trkpt>
			<trkpt lat="55.789886" lon="37.760484"><time>1970-01-01T00:00:01.000Z</time></trkpt>
			<trkpt lat="55.790401" lon="37.763188"><time>1970-01-01T00:00:01.000Z</time></trkpt>
			<trkpt lat="55.790788" lon="37.763617"><time>1970-01-01T00:00:01.000Z</time></trkpt>
			<trkpt lat="55.790766" lon="37.763789"><time>1970-01-01T00:00:01.000Z</time></trkpt>
			<trkpt lat="55.790874" lon="37.763896"><time>1970-01-01T00:00:01.000Z</time></trkpt>
			<trkpt lat="55.790938" lon="37.764411"><time>1970-01-01T00:00:01.000Z</time></trkpt>
			<trkpt lat="55.790680" lon="37.764990"><time>1970-01-01T00:00:01.000Z</time></trkpt>
			<trkpt lat="55.790509" lon="37.765999"><time>1970-01-01T00:00:01.000Z</time></trkpt>
			<trkpt lat="55.790466" lon="37.767050"><time>1970-01-01T00:00:01.000Z</time></trkpt>
			<trkpt lat="55.790509" lon="37.767436"><time>1970-01-01T00:00:01.000Z</time></trkpt>
			<trkpt lat="55.791195" lon="37.768659"><time>1970-01-01T00:00:01.000Z</time></trkpt>
			<trkpt lat="55.791603" lon="37.768938"><time>1970-01-01T00:00:01.000Z</time></trkpt>
			<trkpt lat="55.792354" lon="37.769110"><time>1970-01-01T00:00:01.000Z</time></trkpt>
			<trkpt lat="55.792354" lon="37.770569"><time>1970-01-01T00:00:01.000Z</time></trkpt>
			<trkpt lat="55.792504" lon="37.775226"><time>1970-01-01T00:00:01.000Z</time></trkpt>
			<trkpt lat="55.792440" lon="37.775655"><time>1970-01-01T00:00:01.000Z</time></trkpt>
			<trkpt lat="55.792504" lon="37.776706"><time>1970-01-01T00:00:01.000Z</time></trkpt>
			<trkpt lat="55.792118" lon="37.776964"><time>1970-01-01T00:00:01.000Z</time></trkpt>
			<trkpt lat="55.792182" lon="37.777543"><time>1970-01-01T00:00:01.000Z</time></trkpt>
			<trkpt lat="55.790423" lon="37.778294"><time>1970-01-01T00:00:01.000Z</time></trkpt>
			<trkpt lat="55.788899" lon="37.779024"><time>1970-01-01T00:00:01.000Z</time></trkpt>
			<trkpt lat="55.788427" lon="37.779002"><time>1970-01-01T00:00:01.000Z</time></trkpt>
			<trkpt lat="55.788148" lon="37.779131"><time>1970-01-01T00:00:01.000Z</time></trkpt>
			<trkpt lat="55.787912" lon="37.779667"><time>1970-01-01T00:00:01.000Z</time></trkpt>
			<trkpt lat="55.787805" lon="37.779689"><time>1970-01-01T00:00:01.000Z</time></trkpt>
			<trkpt lat="55.787805" lon="37.779989"><time>1970-01-01T00:00:01.000Z</time></trkpt>
			<trkpt lat="55.787633" lon="37.779989"><time>1970-01-01T00:00:01.000Z</time></trkpt>
			<trkpt lat="55.787612" lon="37.779689"><time>1970-01-01T00:00:01.000Z</time></trkpt>
			<trkpt lat="55.786389" lon="37.779860"><time>1970-01-01T00:00:01.000Z</time></trkpt>
			<trkpt lat="55.786346" lon="37.779710"><time>1970-01-01T00:00:01.000Z</time></trkpt>
			<trkpt lat="55.786131" lon="37.779517"><time>1970-01-01T00:00:01.000Z</time></trkpt>
			<trkpt lat="55.785123" lon="37.779281"><time>1970-01-01T00:00:01.000Z</time></trkpt>
			<trkpt lat="55.784715" lon="37.779024"><time>1970-01-01T00:00:01.000Z</time></trkpt>
			<trkpt lat="55.784608" lon="37.779174"><time>1970-01-01T00:00:01.000Z</time></trkpt>
			<trkpt lat="55.783277" lon="37.779839"><time>1970-01-01T00:00:01.000Z</time></trkpt>
			<trkpt lat="55.782698" lon="37.779217"><time>1970-01-01T00:00:01.000Z</time></trkpt>
			<trkpt lat="55.782355" lon="37.779281"><time>1970-01-01T00:00:01.000Z</time></trkpt>
			<trkpt lat="55.781926" lon="37.779024"><time>1970-01-01T00:00:01.000Z</time></trkpt>
			<trkpt lat="55.781861" lon="37.779131"><time>1970-01-01T00:00:01.000Z</time></trkpt>
			<trkpt lat="55.780745" lon="37.777586"><time>1970-01-01T00:00:01.000Z</time></trkpt>
			<trkpt lat="55.780574" lon="37.777243"><time>1970-01-01T00:00:01.000Z</time></trkpt>
			<trkpt lat="55.780338" lon="37.776921"><time>1970-01-01T00:00:01.000Z</time></trkpt>
			<trkpt lat="55.780145" lon="37.776513"><time>1970-01-01T00:00:01.000Z</time></trkpt>
			<trkpt lat="55.779844" lon="37.776406"><time>1970-01-01T00:00:01.000Z</time></trkpt>
			<trkpt lat="55.779050" lon="37.776234"><time>1970-01-01T00:00:01.000Z</time></trkpt>
			<trkpt lat="55.778814" lon="37.775912"><time>1970-01-01T00:00:01.000Z</time></trkpt>
			<trkpt lat="55.776905" lon="37.774925"><time>1970-01-01T00:00:01.000Z</time></trkpt>
			<trkpt lat="55.776647" lon="37.774689"><time>1970-01-01T00:00:01.000Z</time></trkpt>
			<trkpt lat="55.776154" lon="37.774453"><time>1970-01-01T00:00:01.000Z</time></trkpt>
			<trkpt lat="55.775939" lon="37.774496"><time>1970-01-01T00:00:01.000Z</time></trkpt>
			<trkpt lat="55.775789" lon="37.774603"><time>1970-01-01T00:00:01.000Z</time></trkpt>
			<trkpt lat="55.775553" lon="37.774904"><time>1970-01-01T00:00:01.000Z</time></trkpt>
			<trkpt lat="55.775038" lon="37.776406"><time>1970-01-01T00:00:01.000Z</time></trkpt>
			<trkpt lat="55.774587" lon="37.777543"><time>1970-01-01T00:00:01.000Z</time></trkpt>
			<trkpt lat="55.773600" lon="37.781405"><time>1970-01-01T00:00:01.000Z</time></trkpt>
			<trkpt lat="55.773729" lon="37.784281"><time>1970-01-01T00:00:01.000Z</time></trkpt>
			<trkpt lat="55.773750" lon="37.789066"><time>1970-01-01T00:00:01.000Z</time></trkpt>
			<trkpt lat="55.771841" lon="37.792177"><time>1970-01-01T00:00:01.000Z</time></trkpt>
			<trkpt lat="55.770060" lon="37.795310"><time>1970-01-01T00:00:01.000Z</time></trkpt>
			<trkpt lat="55.769738" lon="37.796082"><time>1970-01-01T00:00:01.000Z</time></trkpt>
			<trkpt lat="55.768879" lon="37.797241"><time>1970-01-01T00:00:01.000Z</time></trkpt>
			<trkpt lat="55.768021" lon="37.798679"><time>1970-01-01T00:00:01.000Z</time></trkpt>
			<trkpt lat="55.768085" lon="37.799365"><time>1970-01-01T00:00:01.000Z</time></trkpt>
			<trkpt lat="55.768279" lon="37.799687"><time>1970-01-01T00:00:01.000Z</time></trkpt>
			<trkpt lat="55.768128" lon="37.800009"><time>1970-01-01T00:00:01.000Z</time></trkpt>
			<trkpt lat="55.768107" lon="37.800696"><time>1970-01-01T00:00:01.000Z</time></trkpt>
			<trkpt lat="55.767570" lon="37.800996"><time>1970-01-01T00:00:01.000Z</time></trkpt>
			<trkpt lat="55.767764" lon="37.801490"><time>1970-01-01T00:00:01.000Z</time></trkpt>
			<trkpt lat="55.767699" lon="37.801704"><time>1970-01-01T00:00:01.000Z</time></trkpt>
			<trkpt lat="55.767506" lon="37.801962"><time>1970-01-01T00:00:01.000Z</time></trkpt>
			<trkpt lat="55.766819" lon="37.801661"><time>1970-01-01T00:00:01.000Z</time></trkpt>
			<trkpt lat="55.766326" lon="37.801769"><time>1970-01-01T00:00:01.000Z</time></trkpt>
			<trkpt lat="55.766240" lon="37.802584"><time>1970-01-01T00:00:01.000Z</time></trkpt>
			<trkpt lat="55.766026" lon="37.806017"><time>1970-01-01T00:00:01.000Z</time></trkpt>
			<trkpt lat="55.765854" lon="37.806125"><time>1970-01-01T00:00:01.000Z</time></trkpt>
			<trkpt lat="55.765639" lon="37.805996"><time>1970-01-01T00:00:01.000Z</time></trkpt>
			<trkpt lat="55.765446" lon="37.807562"><time>1970-01-01T00:00:01.000Z</time></trkpt>
			<trkpt lat="55.764931" lon="37.810716"><time>1970-01-01T00:00:01.000Z</time></trkpt>
			<trkpt lat="55.762228" lon="37.809386"><time>1970-01-01T00:00:01.000Z</time></trkpt>
			<trkpt lat="55.761562" lon="37.811360"><time>1970-01-01T00:00:01.000Z</time></trkpt>
			<trkpt lat="55.761627" lon="37.811446"><time>1970-01-01T00:00:01.000Z</time></trkpt>
			<trkpt lat="55.761627" lon="37.811789"><time>1970-01-01T00:00:01.000Z</time></trkpt>
			<trkpt lat="55.761541" lon="37.812433"><time>1970-01-01T00:00:01.000Z</time></trkpt>
			<trkpt lat="55.761369" lon="37.813141"><time>1970-01-01T00:00:01.000Z</time></trkpt>
			<trkpt lat="55.761455" lon="37.814472"><time>1970-01-01T00:00:01.000Z</time></trkpt>
			<trkpt lat="55.761798" lon="37.815609"><time>1970-01-01T00:00:01.000Z</time></trkpt>
			<trkpt lat="55.762077" lon="37.816295"><time>1970-01-01T00:00:01.000Z</time></trkpt>
			<trkpt lat="55.762249" lon="37.816939"><time>1970-01-01T00:00:01.000Z</time></trkpt>
			<trkpt lat="55.762399" lon="37.817840"><time>1970-01-01T00:00:01.000Z</time></trkpt>
			<trkpt lat="55.762721" lon="37.819128"><time>1970-01-01T00:00:01.000Z</time></trkpt>
			<trkpt lat="55.762871" lon="37.819471"><time>1970-01-01T00:00:01.000Z</time></trkpt>
			<trkpt lat="55.763236" lon="37.819772"><time>1970-01-01T00:00:01.000Z</time></trkpt>
			<trkpt lat="55.762056" lon="37.821660"><time>1970-01-01T00:00:01.000Z</time></trkpt>
			<trkpt lat="55.761884" lon="37.821724"><time>1970-01-01T00:00:01.000Z</time></trkpt>
			<trkpt lat="55.761691" lon="37.822389"><time>1970-01-01T00:00:01.000Z</time></trkpt>
			<trkpt lat="55.761519" lon="37.822733"><time>1970-01-01T00:00:01.000Z</time></trkpt>
			<trkpt lat="55.760532" lon="37.824406"><time>1970-01-01T00:00:01.000Z</time></trkpt>
			<trkpt lat="55.760210" lon="37.824728"><time>1970-01-01T00:00:01.000Z</time></trkpt>
			<trkpt lat="55.759889" lon="37.824728"><time>1970-01-01T00:00:01.000Z</time></trkpt>
			<trkpt lat="55.759545" lon="37.825200"><time>1970-01-01T00:00:01.000Z</time></trkpt>
			<trkpt lat="55.759331" lon="37.825415"><time>1970-01-01T00:00:01.000Z</time></trkpt>
			<trkpt lat="55.758794" lon="37.825200"><time>1970-01-01T00:00:01.000Z</time></trkpt>
			<trkpt lat="55.756734" lon="37.824170"><time>1970-01-01T00:00:01.000Z</time></trkpt>
			<trkpt lat="55.751198" lon="37.821767"><time>1970-01-01T00:00:01.000Z</time></trkpt>
			<trkpt lat="55.751220" lon="37.821574"><time>1970-01-01T00:00:01.000Z</time></trkpt>
			<trkpt lat="55.748044" lon="37.820158"><time>1970-01-01T00:00:01.000Z</time></trkpt>
			<trkpt lat="55.745641" lon="37.817304"><time>1970-01-01T00:00:01.000Z</time></trkpt>
			<trkpt lat="55.745491" lon="37.817304"><time>1970-01-01T00:00:01.000Z</time></trkpt>
			<trkpt lat="55.744868" lon="37.817669"><time>1970-01-01T00:00:01.000Z</time></trkpt>
			<trkpt lat="55.744675" lon="37.817862"><time>1970-01-01T00:00:01.000Z</time></trkpt>
			<trkpt lat="55.744804" lon="37.818785"><time>1970-01-01T00:00:01.000Z</time></trkpt>
			<trkpt lat="55.744203" lon="37.819235"><time>1970-01-01T00:00:01.000Z</time></trkpt>
			<trkpt lat="55.744310" lon="37.820136"><time>1970-01-01T00:00:01.000Z</time></trkpt>
			<trkpt lat="55.743967" lon="37.820437"><time>1970-01-01T00:00:01.000Z</time></trkpt>
			<trkpt lat="55.743302" lon="37.817819"><time>1970-01-01T00:00:01.000Z</time></trkpt>
			<trkpt lat="55.743130" lon="37.818012"><time>1970-01-01T00:00:01.000Z</time></trkpt>
			<trkpt lat="55.742680" lon="37.816081"><time>1970-01-01T00:00:01.000Z</time></trkpt>
			<trkpt lat="55.742744" lon="37.815909"><time>1970-01-01T00:00:01.000Z</time></trkpt>
			<trkpt lat="55.742401" lon="37.814407"><time>1970-01-01T00:00:01.000Z</time></trkpt>
			<trkpt lat="55.740233" lon="37.812412"><time>1970-01-01T00:00:01.000Z</time></trkpt>
			<trkpt lat="55.740148" lon="37.810309"><time>1970-01-01T00:00:01.000Z</time></trkpt>
			<trkpt lat="55.740405" lon="37.809064"><time>1970-01-01T00:00:01.000Z</time></trkpt>
			<trkpt lat="55.740190" lon="37.808421"><time>1970-01-01T00:00:01.000Z</time></trkpt>
			<trkpt lat="55.740105" lon="37.807670"><time>1970-01-01T00:00:01.000Z</time></trkpt>
			<trkpt lat="55.739718" lon="37.806811"><time>1970-01-01T00:00:01.000Z</time></trkpt>
			<trkpt lat="55.739268" lon="37.804558"><time>1970-01-01T00:00:01.000Z</time></trkpt>
			<trkpt lat="55.738731" lon="37.802648"><time>1970-01-01T00:00:01.000Z</time></trkpt>
			<trkpt lat="55.738517" lon="37.802842"><time>1970-01-01T00:00:01.000Z</time></trkpt>
			<trkpt lat="55.738109" lon="37.802498"><time>1970-01-01T00:00:01.000Z</time></trkpt>
			<trkpt lat="55.737658" lon="37.802262"><time>1970-01-01T00:00:01.000Z</time></trkpt>
			<trkpt lat="55.736865" lon="37.801683"><time>1970-01-01T00:00:01.000Z</time></trkpt>
			<trkpt lat="55.736543" lon="37.801597"><time>1970-01-01T00:00:01.000Z</time></trkpt>
			<trkpt lat="55.736350" lon="37.801618"><time>1970-01-01T00:00:01.000Z</time></trkpt>
			<trkpt lat="55.735041" lon="37.800224"><time>1970-01-01T00:00:01.000Z</time></trkpt>
			<trkpt lat="55.734805" lon="37.800374"><time>1970-01-01T00:00:01.000Z</time></trkpt>
			<trkpt lat="55.734654" lon="37.800588"><time>1970-01-01T00:00:01.000Z</time></trkpt>
			<trkpt lat="55.733732" lon="37.800374"><time>1970-01-01T00:00:01.000Z</time></trkpt>
			<trkpt lat="55.733646" lon="37.800181"><time>1970-01-01T00:00:01.000Z</time></trkpt>
			<trkpt lat="55.733367" lon="37.801640"><time>1970-01-01T00:00:01.000Z</time></trkpt>
			<trkpt lat="55.732273" lon="37.802198"><time>1970-01-01T00:00:01.000Z</time></trkpt>
			<trkpt lat="55.730728" lon="37.802691"><time>1970-01-01T00:00:01.000Z</time></trkpt>
			<trkpt lat="55.730449" lon="37.802434"><time>1970-01-01T00:00:01.000Z</time></trkpt>
			<trkpt lat="55.730213" lon="37.802648"><time>1970-01-01T00:00:01.000Z</time></trkpt>
			<trkpt lat="55.728839" lon="37.801275"><time>1970-01-01T00:00:01.000Z</time></trkpt>
			<trkpt lat="55.728024" lon="37.800610"><time>1970-01-01T00:00:01.000Z</time></trkpt>
			<trkpt lat="55.727337" lon="37.799880"><time>1970-01-01T00:00:01.000Z</time></trkpt>
			<trkpt lat="55.726286" lon="37.799752"><time>1970-01-01T00:00:01.000Z</time></trkpt>
			<trkpt lat="55.725878" lon="37.799816"><time>1970-01-01T00:00:01.000Z</time></trkpt>
			<trkpt lat="55.725234" lon="37.801168"><time>1970-01-01T00:00:01.000Z</time></trkpt>
			<trkpt lat="55.724226" lon="37.799666"><time>1970-01-01T00:00:01.000Z</time></trkpt>
			<trkpt lat="55.724097" lon="37.799365"><time>1970-01-01T00:00:01.000Z</time></trkpt>
			<trkpt lat="55.724076" lon="37.798078"><time>1970-01-01T00:00:01.000Z</time></trkpt>
			<trkpt lat="55.723539" lon="37.797906"><time>1970-01-01T00:00:01.000Z</time></trkpt>
			<trkpt lat="55.723561" lon="37.797456"><time>1970-01-01T00:00:01.000Z</time></trkpt>
			<trkpt lat="55.723647" lon="37.797198"><time>1970-01-01T00:00:01.000Z</time></trkpt>
			<trkpt lat="55.723475" lon="37.797391"><time>1970-01-01T00:00:01.000Z</time></trkpt>
			<trkpt lat="55.723239" lon="37.797563"><time>1970-01-01T00:00:01.000Z</time></trkpt>
			<trkpt lat="55.723046" lon="37.797413"><time>1970-01-01T00:00:01.000Z</time></trkpt>
			<trkpt lat="55.722939" lon="37.797692"><time>1970-01-01T00:00:01.000Z</time></trkpt>
			<trkpt lat="55.722595" lon="37.797348"><time>1970-01-01T00:00:01.000Z</time></trkpt>
			<trkpt lat="55.722702" lon="37.797005"><time>1970-01-01T00:00:01.000Z</time></trkpt>
			<trkpt lat="55.722509" lon="37.796726"><time>1970-01-01T00:00:01.000Z</time></trkpt>
			<trkpt lat="55.717875" lon="37.794795"><time>1970-01-01T00:00:01.000Z</time></trkpt>
			<trkpt lat="55.717917" lon="37.794452"><time>1970-01-01T00:00:01.000Z</time></trkpt>
			<trkpt lat="55.717596" lon="37.793980"><time>1970-01-01T00:00:01.000Z</time></trkpt>
			<trkpt lat="55.717681" lon="37.793422"><time>1970-01-01T00:00:01.000Z</time></trkpt>
			<trkpt lat="55.717467" lon="37.793293"><time>1970-01-01T00:00:01.000Z</time></trkpt>
			<trkpt lat="55.717553" lon="37.792756"><time>1970-01-01T00:00:01.000Z</time></trkpt>
			<trkpt lat="55.717166" lon="37.792542"><time>1970-01-01T00:00:01.000Z</time></trkpt>
			<trkpt lat="55.717145" lon="37.792756"><time>1970-01-01T00:00:01.000Z</time></trkpt>
			<trkpt lat="55.716845" lon="37.792585"><time>1970-01-01T00:00:01.000Z</time></trkpt>
			<trkpt lat="55.716415" lon="37.792778"><time>1970-01-01T00:00:01.000Z</time></trkpt>
			<trkpt lat="55.714463" lon="37.791126"><time>1970-01-01T00:00:01.000Z</time></trkpt>
			<trkpt lat="55.713368" lon="37.790096"><time>1970-01-01T00:00:01.000Z</time></trkpt>
			<trkpt lat="55.713197" lon="37.790267"><time>1970-01-01T00:00:01.000Z</time></trkpt>
			<trkpt lat="55.712317" lon="37.789237"><time>1970-01-01T00:00:01.000Z</time></trkpt>
			<trkpt lat="55.711158" lon="37.787735"><time>1970-01-01T00:00:01.000Z</time></trkpt>
			<trkpt lat="55.711330" lon="37.786598"><time>1970-01-01T00:00:01.000Z</time></trkpt>
			<trkpt lat="55.711115" lon="37.786147"><time>1970-01-01T00:00:01.000Z</time></trkpt>
			<trkpt lat="55.711030" lon="37.785182"><time>1970-01-01T00:00:01.000Z</time></trkpt>
			<trkpt lat="55.711180" lon="37.785010"><time>1970-01-01T00:00:01.000Z</time></trkpt>
			<trkpt lat="55.711287" lon="37.784560"><time>1970-01-01T00:00:01.000Z</time></trkpt>
			<trkpt lat="55.710965" lon="37.783358"><time>1970-01-01T00:00:01.000Z</time></trkpt>
			<trkpt lat="55.710493" lon="37.779946"><time>1970-01-01T00:00:01.000Z</time></trkpt>
			<trkpt lat="55.710021" lon="37.780847"><time>1970-01-01T00:00:01.000Z</time></trkpt>
			<trkpt lat="55.709871" lon="37.781684"><time>1970-01-01T00:00:01.000Z</time></trkpt>
			<trkpt lat="55.709163" lon="37.782156"><time>1970-01-01T00:00:01.000Z</time></trkpt>
			<trkpt lat="55.708948" lon="37.782156"><time>1970-01-01T00:00:01.000Z</time></trkpt>
			<trkpt lat="55.708970" lon="37.781577"><time>1970-01-01T00:00:01.000Z</time></trkpt>
			<trkpt lat="55.708734" lon="37.781470"><time>1970-01-01T00:00:01.000Z</time></trkpt>
			<trkpt lat="55.708755" lon="37.781169"><time>1970-01-01T00:00:01.000Z</time></trkpt>
			<trkpt lat="55.708240" lon="37.781041"><time>1970-01-01T00:00:01.000Z</time></trkpt>
			<trkpt lat="55.707210" lon="37.780332"><time>1970-01-01T00:00:01.000Z</time></trkpt>
			<trkpt lat="55.706738" lon="37.780375"><time>1970-01-01T00:00:01.000Z</time></trkpt>
			<trkpt lat="55.705794" lon="37.779946"><time>1970-01-01T00:00:01.000Z</time></trkpt>
			<trkpt lat="55.705193" lon="37.779775"><time>1970-01-01T00:00:01.000Z</time></trkpt>
			<trkpt lat="55.704034" lon="37.779131"><time>1970-01-01T00:00:01.000Z</time></trkpt>
			<trkpt lat="55.703884" lon="37.780504"><time>1970-01-01T00:00:01.000Z</time></trkpt>
			<trkpt lat="55.703348" lon="37.780161"><time>1970-01-01T00:00:01.000Z</time></trkpt>
			<trkpt lat="55.703197" lon="37.779839"><time>1970-01-01T00:00:01.000Z</time></trkpt>
			<trkpt lat="55.703219" lon="37.779474"><time>1970-01-01T00:00:01.000Z</time></trkpt>
			<trkpt lat="55.703047" lon="37.778959"><time>1970-01-01T00:00:01.000Z</time></trkpt>
			<trkpt lat="55.701889" lon="37.778187"><time>1970-01-01T00:00:01.000Z</time></trkpt>
			<trkpt lat="55.701138" lon="37.778058"><time>1970-01-01T00:00:01.000Z</time></trkpt>
			<trkpt lat="55.700773" lon="37.777779"><time>1970-01-01T00:00:01.000Z</time></trkpt>
			<trkpt lat="55.700000" lon="37.777607"><time>1970-01-01T00:00:01.000Z</time></trkpt>
			<trkpt lat="55.698992" lon="37.777307"><time>1970-01-01T00:00:01.000Z</time></trkpt>
			<trkpt lat="55.698734" lon="37.777178"><time>1970-01-01T00:00:01.000Z</time></trkpt>
			<trkpt lat="55.698670" lon="37.777736"><time>1970-01-01T00:00:01.000Z</time></trkpt>
			<trkpt lat="55.698391" lon="37.777629"><time>1970-01-01T00:00:01.000Z</time></trkpt>
			<trkpt lat="55.698369" lon="37.777457"><time>1970-01-01T00:00:01.000Z</time></trkpt>
			<trkpt lat="55.698412" lon="37.776878"><time>1970-01-01T00:00:01.000Z</time></trkpt>
			<trkpt lat="55.697576" lon="37.776556"><time>1970-01-01T00:00:01.000Z</time></trkpt>
			<trkpt lat="55.697490" lon="37.776792"><time>1970-01-01T00:00:01.000Z</time></trkpt>
			<trkpt lat="55.696803" lon="37.777157"><time>1970-01-01T00:00:01.000Z</time></trkpt>
			<trkpt lat="55.695258" lon="37.779603"><time>1970-01-01T00:00:01.000Z</time></trkpt>
			<trkpt lat="55.693992" lon="37.781191"><time>1970-01-01T00:00:01.000Z</time></trkpt>
			<trkpt lat="55.693606" lon="37.782221"><time>1970-01-01T00:00:01.000Z</time></trkpt>
			<trkpt lat="55.693434" lon="37.783873"><time>1970-01-01T00:00:01.000Z</time></trkpt>
			<trkpt lat="55.693112" lon="37.785418"><time>1970-01-01T00:00:01.000Z</time></trkpt>
			<trkpt lat="55.692790" lon="37.786383"><time>1970-01-01T00:00:01.000Z</time></trkpt>
			<trkpt lat="55.692061" lon="37.787692"><time>1970-01-01T00:00:01.000Z</time></trkpt>
			<trkpt lat="55.691739" lon="37.787993"><time>1970-01-01T00:00:01.000Z</time></trkpt>
			<trkpt lat="55.691524" lon="37.788293"><time>1970-01-01T00:00:01.000Z</time></trkpt>
			<trkpt lat="55.691353" lon="37.788229"><time>1970-01-01T00:00:01.000Z</time></trkpt>
			<trkpt lat="55.691138" lon="37.788508"><time>1970-01-01T00:00:01.000Z</time></trkpt>
			<trkpt lat="55.690924" lon="37.788958"><time>1970-01-01T00:00:01.000Z</time></trkpt>
			<trkpt lat="55.690859" lon="37.788787"><time>1970-01-01T00:00:01.000Z</time></trkpt>
			<trkpt lat="55.690773" lon="37.788916"><time>1970-01-01T00:00:01.000Z</time></trkpt>
			<trkpt lat="55.690537" lon="37.788572"><time>1970-01-01T00:00:01.000Z</time></trkpt>
			<trkpt lat="55.690537" lon="37.786448"><time>1970-01-01T00:00:01.000Z</time></trkpt>
			<trkpt lat="55.690323" lon="37.786083"><time>1970-01-01T00:00:01.000Z</time></trkpt>
			<trkpt lat="55.690065" lon="37.785761"><time>1970-01-01T00:00:01.000Z</time></trkpt>
			<trkpt lat="55.689701" lon="37.785504"><time>1970-01-01T00:00:01.000Z</time></trkpt>
			<trkpt lat="55.688606" lon="37.785525"><time>1970-01-01T00:00:01.000Z</time></trkpt>
			<trkpt lat="55.688477" lon="37.785568"><time>1970-01-01T00:00:01.000Z</time></trkpt>
			<trkpt lat="55.688306" lon="37.785740"><time>1970-01-01T00:00:01.000Z</time></trkpt>
			<trkpt lat="55.686525" lon="37.789323"><time>1970-01-01T00:00:01.000Z</time></trkpt>
			<trkpt lat="55.686139" lon="37.790761"><time>1970-01-01T00:00:01.000Z</time></trkpt>
			<trkpt lat="55.686182" lon="37.791576"><time>1970-01-01T00:00:01.000Z</time></trkpt>
			<trkpt lat="55.686418" lon="37.792392"><time>1970-01-01T00:00:01.000Z</time></trkpt>
			<trkpt lat="55.686868" lon="37.793271"><time>1970-01-01T00:00:01.000Z</time></trkpt>
			<trkpt lat="55.687061" lon="37.794580"><time>1970-01-01T00:00:01.000Z</time></trkpt>
			<trkpt lat="55.687769" lon="37.796705"><time>1970-01-01T00:00:01.000Z</time></trkpt>
			<trkpt lat="55.688113" lon="37.798293"><time>1970-01-01T00:00:01.000Z</time></trkpt>
			<trkpt lat="55.688113" lon="37.799966"><time>1970-01-01T00:00:01.000Z</time></trkpt>
			<trkpt lat="55.687855" lon="37.801790"><time>1970-01-01T00:00:01.000Z</time></trkpt>
			<trkpt lat="55.687405" lon="37.804386"><time>1970-01-01T00:00:01.000Z</time></trkpt>
			<trkpt lat="55.687233" lon="37.804837"><time>1970-01-01T00:00:01.000Z</time></trkpt>
			<trkpt lat="55.686739" lon="37.805030"><time>1970-01-01T00:00:01.000Z</time></trkpt>
			<trkpt lat="55.686654" lon="37.806361"><time>1970-01-01T00:00:01.000Z</time></trkpt>
			<trkpt lat="55.686310" lon="37.807391"><time>1970-01-01T00:00:01.000Z</time></trkpt>
			<trkpt lat="55.686031" lon="37.807841"><time>1970-01-01T00:00:01.000Z</time></trkpt>
			<trkpt lat="55.686031" lon="37.809665"><time>1970-01-01T00:00:01.000Z</time></trkpt>
			<trkpt lat="55.685559" lon="37.814128"><time>1970-01-01T00:00:01.000Z</time></trkpt>
			<trkpt lat="55.685602" lon="37.814600"><time>1970-01-01T00:00:01.000Z</time></trkpt>
			<trkpt lat="55.685967" lon="37.815180"><time>1970-01-01T00:00:01.000Z</time></trkpt>
			<trkpt lat="55.686224" lon="37.815931"><time>1970-01-01T00:00:01.000Z</time></trkpt>
			<trkpt lat="55.686289" lon="37.816338"><time>1970-01-01T00:00:01.000Z</time></trkpt>
			<trkpt lat="55.686246" lon="37.816725"><time>1970-01-01T00:00:01.000Z</time></trkpt>
			<trkpt lat="55.686117" lon="37.816918"><time>1970-01-01T00:00:01.000Z</time></trkpt>
			<trkpt lat="55.686482" lon="37.817411"><time>1970-01-01T00:00:01.000Z</time></trkpt>
			<trkpt lat="55.686418" lon="37.817669"><time>1970-01-01T00:00:01.000Z</time></trkpt>
			<trkpt lat="55.686396" lon="37.819621"><time>1970-01-01T00:00:01.000Z</time></trkpt>
			<trkpt lat="55.686053" lon="37.820887"><time>1970-01-01T00:00:01.000Z</time></trkpt>
			<trkpt lat="55.685924" lon="37.821574"><time>1970-01-01T00:00:01.000Z</time></trkpt>
			<trkpt lat="55.685409" lon="37.823076"><time>1970-01-01T00:00:01.000Z</time></trkpt>
			<trkpt lat="55.684744" lon="37.827282"><time>1970-01-01T00:00:01.000Z</time></trkpt>
			<trkpt lat="55.683177" lon="37.830329"><time>1970-01-01T00:00:01.000Z</time></trkpt>
			<trkpt lat="55.681482" lon="37.828290"><time>1970-01-01T00:00:01.000Z</time></trkpt>
			<trkpt lat="55.681160" lon="37.828119"><time>1970-01-01T00:00:01.000Z</time></trkpt>
			<trkpt lat="55.680345" lon="37.828462"><time>1970-01-01T00:00:01.000Z</time></trkpt>
			<trkpt lat="55.680088" lon="37.828677"><time>1970-01-01T00:00:01.000Z</time></trkpt>
			<trkpt lat="55.679573" lon="37.828805"><time>1970-01-01T00:00:01.000Z</time></trkpt>
			<trkpt lat="55.679294" lon="37.829106"><time>1970-01-01T00:00:01.000Z</time></trkpt>
			<trkpt lat="55.678950" lon="37.829213"><time>1970-01-01T00:00:01.000Z</time></trkpt>
			<trkpt lat="55.678092" lon="37.830264"><time>1970-01-01T00:00:01.000Z</time></trkpt>
			<trkpt lat="55.677556" lon="37.830307"><time>1970-01-01T00:00:01.000Z</time></trkpt>
			<trkpt lat="55.676869" lon="37.831230"><time>1970-01-01T00:00:01.000Z</time></trkpt>
			<trkpt lat="55.676182" lon="37.830393"><time>1970-01-01T00:00:01.000Z</time></trkpt>
			<trkpt lat="55.675281" lon="37.830565"><time>1970-01-01T00:00:01.000Z</time></trkpt>
			<trkpt lat="55.674551" lon="37.830114"><time>1970-01-01T00:00:01.000Z</time></trkpt>
			<trkpt lat="55.673994" lon="37.830200"><time>1970-01-01T00:00:01.000Z</time></trkpt>
			<trkpt lat="55.673414" lon="37.829106"><time>1970-01-01T00:00:01.000Z</time></trkpt>
			<trkpt lat="55.672513" lon="37.828526"><time>1970-01-01T00:00:01.000Z</time></trkpt>
			<trkpt lat="55.672427" lon="37.826788"><time>1970-01-01T00:00:01.000Z</time></trkpt>
			<trkpt lat="55.671762" lon="37.826788"><time>1970-01-01T00:00:01.000Z</time></trkpt>
			<trkpt lat="55.670839" lon="37.827089"><time>1970-01-01T00:00:01.000Z</time></trkpt>
			<trkpt lat="55.669960" lon="37.827046"><time>1970-01-01T00:00:01.000Z</time></trkpt>
			<trkpt lat="55.669595" lon="37.827754"><time>1970-01-01T00:00:01.000Z</time></trkpt>
			<trkpt lat="55.668972" lon="37.828140"><time>1970-01-01T00:00:01.000Z</time></trkpt>
			<trkpt lat="55.668372" lon="37.828376"><time>1970-01-01T00:00:01.000Z</time></trkpt>
			<trkpt lat="55.666784" lon="37.828762"><time>1970-01-01T00:00:01.000Z</time></trkpt>
			<trkpt lat="55.666440" lon="37.828634"><time>1970-01-01T00:00:01.000Z</time></trkpt>
			<trkpt lat="55.665282" lon="37.828913"><time>1970-01-01T00:00:01.000Z</time></trkpt>
			<trkpt lat="55.661570" lon="37.830071"><time>1970-01-01T00:00:01.000Z</time></trkpt>
			<trkpt lat="55.661012" lon="37.830157"><time>1970-01-01T00:00:01.000Z</time></trkpt>
			<trkpt lat="55.660561" lon="37.829943"><time>1970-01-01T00:00:01.000Z</time></trkpt>
			<trkpt lat="55.659982" lon="37.828677"><time>1970-01-01T00:00:01.000Z</time></trkpt>
			<trkpt lat="55.659810" lon="37.826574"><time>1970-01-01T00:00:01.000Z</time></trkpt>
			<trkpt lat="55.659703" lon="37.825887"><time>1970-01-01T00:00:01.000Z</time></trkpt>
			<trkpt lat="55.659574" lon="37.825522"><time>1970-01-01T00:00:01.000Z</time></trkpt>
			<trkpt lat="55.659789" lon="37.824406"><time>1970-01-01T00:00:01.000Z</time></trkpt>
			<trkpt lat="55.659746" lon="37.823527"><time>1970-01-01T00:00:01.000Z</time></trkpt>
			<trkpt lat="55.659917" lon="37.822711"><time>1970-01-01T00:00:01.000Z</time></trkpt>
			<trkpt lat="55.659810" lon="37.822046"><time>1970-01-01T00:00:01.000Z</time></trkpt>
			<trkpt lat="55.659832" lon="37.821681"><time>1970-01-01T00:00:01.000Z</time></trkpt>
			<trkpt lat="55.659638" lon="37.820673"><time>1970-01-01T00:00:01.000Z</time></trkpt>
			<trkpt lat="55.659359" lon="37.820115"><time>1970-01-01T00:00:01.000Z</time></trkpt>
			<trkpt lat="55.659467" lon="37.819536"><time>1970-01-01T00:00:01.000Z</time></trkpt>
			<trkpt lat="55.659123" lon="37.817991"><time>1970-01-01T00:00:01.000Z</time></trkpt>
			<trkpt lat="55.659123" lon="37.817798"><time>1970-01-01T00:00:01.000Z</time></trkpt>
			<trkpt lat="55.658930" lon="37.817240"><time>1970-01-01T00:00:01.000Z</time></trkpt>
			<trkpt lat="55.658930" lon="37.817025"><time>1970-01-01T00:00:01.000Z</time></trkpt>
			<trkpt lat="55.658866" lon="37.816789"><time>1970-01-01T00:00:01.000Z</time></trkpt>
			<trkpt lat="55.658930" lon="37.816424"><time>1970-01-01T00:00:01.000Z</time></trkpt>
			<trkpt lat="55.659059" lon="37.816124"><time>1970-01-01T00:00:01.000Z</time></trkpt>
			<trkpt lat="55.659102" lon="37.815351"><time>1970-01-01T00:00:01.000Z</time></trkpt>
			<trkpt lat="55.659016" lon="37.814901"><time>1970-01-01T00:00:01.000Z</time></trkpt>
			<trkpt lat="55.659295" lon="37.813291"><time>1970-01-01T00:00:01.000Z</time></trkpt>
			<trkpt lat="55.659746" lon="37.812497"><time>1970-01-01T00:00:01.000Z</time></trkpt>
			<trkpt lat="55.662900" lon="37.810566"><time>1970-01-01T00:00:01.000Z</time></trkpt>
			<trkpt lat="55.663050" lon="37.810674"><time>1970-01-01T00:00:01.000Z</time></trkpt>
			<trkpt lat="55.663265" lon="37.810352"><time>1970-01-01T00:00:01.000Z</time></trkpt>
			<trkpt lat="55.665775" lon="37.809429"><time>1970-01-01T00:00:01.000Z</time></trkpt>
			<trkpt lat="55.666269" lon="37.809021"><time>1970-01-01T00:00:01.000Z</time></trkpt>
			<trkpt lat="55.666462" lon="37.809021"><time>1970-01-01T00:00:01.000Z</time></trkpt>
			<trkpt lat="55.666934" lon="37.809107"><time>1970-01-01T00:00:01.000Z</time></trkpt>
			<trkpt lat="55.667706" lon="37.808764"><time>1970-01-01T00:00:01.000Z</time></trkpt>
			<trkpt lat="55.668694" lon="37.808678"><time>1970-01-01T00:00:01.000Z</time></trkpt>
			<trkpt lat="55.672148" lon="37.809493"><time>1970-01-01T00:00:01.000Z</time></trkpt>
			<trkpt lat="55.672534" lon="37.809987"><time>1970-01-01T00:00:01.000Z</time></trkpt>
			<trkpt lat="55.672942" lon="37.809901"><time>1970-01-01T00:00:01.000Z</time></trkpt>
			<trkpt lat="55.673221" lon="37.807219"><time>1970-01-01T00:00:01.000Z</time></trkpt>
			<trkpt lat="55.673049" lon="37.805889"><time>1970-01-01T00:00:01.000Z</time></trkpt>
			<trkpt lat="55.674079" lon="37.799945"><time>1970-01-01T00:00:01.000Z</time></trkpt>
			<trkpt lat="55.674273" lon="37.799365"><time>1970-01-01T00:00:01.000Z</time></trkpt>
			<trkpt lat="55.674702" lon="37.798593"><time>1970-01-01T00:00:01.000Z</time></trkpt>
			<trkpt lat="55.674444" lon="37.798207"><time>1970-01-01T00:00:01.000Z</time></trkpt>
			<trkpt lat="55.673307" lon="37.796748"><time>1970-01-01T00:00:01.000Z</time></trkpt>
			<trkpt lat="55.672942" lon="37.797091"><time>1970-01-01T00:00:01.000Z</time></trkpt>
			<trkpt lat="55.672749" lon="37.797134"><time>1970-01-01T00:00:01.000Z</time></trkpt>
			<trkpt lat="55.671504" lon="37.796190"><time>1970-01-01T00:00:01.000Z</time></trkpt>
			<trkpt lat="55.670260" lon="37.794773"><time>1970-01-01T00:00:01.000Z</time></trkpt>
			<trkpt lat="55.667020" lon="37.791791"><time>1970-01-01T00:00:01.000Z</time></trkpt>
			<trkpt lat="55.667084" lon="37.791040"><time>1970-01-01T00:00:01.000Z</time></trkpt>
			<trkpt lat="55.666355" lon="37.790761"><time>1970-01-01T00:00:01.000Z</time></trkpt>
			<trkpt lat="55.665539" lon="37.789130"><time>1970-01-01T00:00:01.000Z</time></trkpt>
			<trkpt lat="55.664810" lon="37.787049"><time>1970-01-01T00:00:01.000Z</time></trkpt>
			<trkpt lat="55.664574" lon="37.786898"><time>1970-01-01T00:00:01.000Z</time></trkpt>
			<trkpt lat="55.664509" lon="37.786598"><time>1970-01-01T00:00:01.000Z</time></trkpt>
			<trkpt lat="55.664574" lon="37.786105"><time>1970-01-01T00:00:01.000Z</time></trkpt>
			<trkpt lat="55.663951" lon="37.785225"><time>1970-01-01T00:00:01.000Z</time></trkpt>
			<trkpt lat="55.663179" lon="37.784366"><time>1970-01-01T00:00:01.000Z</time></trkpt>
			<trkpt lat="55.662921" lon="37.783916"><time>1970-01-01T00:00:01.000Z</time></trkpt>
			<trkpt lat="55.662964" lon="37.783508"><time>1970-01-01T00:00:01.000Z</time></trkpt>
			<trkpt lat="55.663372" lon="37.782864"><time>1970-01-01T00:00:01.000Z</time></trkpt>
			<trkpt lat="55.663458" lon="37.782500"><time>1970-01-01T00:00:01.000Z</time></trkpt>
			<trkpt lat="55.663351" lon="37.782242"><time>1970-01-01T00:00:01.000Z</time></trkpt>
			<trkpt lat="55.663544" lon="37.781813"><time>1970-01-01T00:00:01.000Z</time></trkpt>
			<trkpt lat="55.663372" lon="37.781684"><time>1970-01-01T00:00:01.000Z</time></trkpt>
			<trkpt lat="55.663479" lon="37.781405"><time>1970-01-01T00:00:01.000Z</time></trkpt>
			<trkpt lat="55.662020" lon="37.780311"><time>1970-01-01T00:00:01.000Z</time></trkpt>
			<trkpt lat="55.662149" lon="37.779410"><time>1970-01-01T00:00:01.000Z</time></trkpt>
			<trkpt lat="55.661269" lon="37.779281"><time>1970-01-01T00:00:01.000Z</time></trkpt>
			<trkpt lat="55.661076" lon="37.778809"><time>1970-01-01T00:00:01.000Z</time></trkpt>
			<trkpt lat="55.660904" lon="37.778551"><time>1970-01-01T00:00:01.000Z</time></trkpt>
			<trkpt lat="55.661140" lon="37.777371"><time>1970-01-01T00:00:01.000Z</time></trkpt>
			<trkpt lat="55.659102" lon="37.776556"><time>1970-01-01T00:00:01.000Z</time></trkpt>
			<trkpt lat="55.658673" lon="37.777843"><time>1970-01-01T00:00:01.000Z</time></trkpt>
			<trkpt lat="55.657149" lon="37.777607"><time>1970-01-01T00:00:01.000Z</time></trkpt>
			<trkpt lat="55.657128" lon="37.778830"><time>1970-01-01T00:00:01.000Z</time></trkpt>
			<trkpt lat="55.655004" lon="37.779345"><time>1970-01-01T00:00:01.000Z</time></trkpt>
			<trkpt lat="55.653287" lon="37.778830"><time>1970-01-01T00:00:01.000Z</time></trkpt>
			<trkpt lat="55.653158" lon="37.778315"><time>1970-01-01T00:00:01.000Z</time></trkpt>
			<trkpt lat="55.651978" lon="37.775891"><time>1970-01-01T00:00:01.000Z</time></trkpt>
			<trkpt lat="55.650798" lon="37.773080"><time>1970-01-01T00:00:01.000Z</time></trkpt>
			<trkpt lat="55.650669" lon="37.772393"><time>1970-01-01T00:00:01.000Z</time></trkpt>
			<trkpt lat="55.650540" lon="37.772007"><time>1970-01-01T00:00:01.000Z</time></trkpt>
			<trkpt lat="55.649854" lon="37.772307"><time>1970-01-01T00:00:01.000Z</time></trkpt>
			<trkpt lat="55.649274" lon="37.771964"><time>1970-01-01T00:00:01.000Z</time></trkpt>
			<trkpt lat="55.648952" lon="37.771299"><time>1970-01-01T00:00:01.000Z</time></trkpt>
			<trkpt lat="55.648695" lon="37.770376"><time>1970-01-01T00:00:01.000Z</time></trkpt>
			<trkpt lat="55.648266" lon="37.770505"><time>1970-01-01T00:00:01.000Z</time></trkpt>
			<trkpt lat="55.648223" lon="37.768509"><time>1970-01-01T00:00:01.000Z</time></trkpt>
			<trkpt lat="55.648159" lon="37.767351"><time>1970-01-01T00:00:01.000Z</time></trkpt>
			<trkpt lat="55.647365" lon="37.764561"><time>1970-01-01T00:00:01.000Z</time></trkpt>
			<trkpt lat="55.647257" lon="37.764497"><time>1970-01-01T00:00:01.000Z</time></trkpt>
			<trkpt lat="55.647214" lon="37.764175"><time>1970-01-01T00:00:01.000Z</time></trkpt>
			<trkpt lat="55.645798" lon="37.761342"><time>1970-01-01T00:00:01.000Z</time></trkpt>
			<trkpt lat="55.645669" lon="37.761299"><time>1970-01-01T00:00:01.000Z</time></trkpt>
			<trkpt lat="55.645712" lon="37.761128"><time>1970-01-01T00:00:01.000Z</time></trkpt>
			<trkpt lat="55.645112" lon="37.759712"><time>1970-01-01T00:00:01.000Z</time></trkpt>
			<trkpt lat="55.644854" lon="37.760012"><time>1970-01-01T00:00:01.000Z</time></trkpt>
			<trkpt lat="55.642000" lon="37.750528"><time>1970-01-01T00:00:01.000Z</time></trkpt>
			<trkpt lat="55.641314" lon="37.747738"><time>1970-01-01T00:00:01.000Z</time></trkpt>
			<trkpt lat="55.641700" lon="37.747609"><time>1970-01-01T00:00:01.000Z</time></trkpt>
			<trkpt lat="55.641657" lon="37.747288"><time>1970-01-01T00:00:01.000Z</time></trkpt>
			<trkpt lat="55.638932" lon="37.748468"><time>1970-01-01T00:00:01.000Z</time></trkpt>
			<trkpt lat="55.638953" lon="37.748532"><time>1970-01-01T00:00:01.000Z</time></trkpt>
			<trkpt lat="55.639060" lon="37.748511"><time>1970-01-01T00:00:01.000Z</time></trkpt>
			<trkpt lat="55.638932" lon="37.747738"><time>1970-01-01T00:00:01.000Z</time></trkpt>
			<trkpt lat="55.638932" lon="37.747266"><time>1970-01-01T00:00:01.000Z</time></trkpt>
			<trkpt lat="55.638631" lon="37.746386"><time>1970-01-01T00:00:01.000Z</time></trkpt>
			<trkpt lat="55.638524" lon="37.745828"><time>1970-01-01T00:00:01.000Z</time></trkpt>
			<trkpt lat="55.638588" lon="37.745442"><time>1970-01-01T00:00:01.000Z</time></trkpt>
			<trkpt lat="55.638524" lon="37.744648"><time>1970-01-01T00:00:01.000Z</time></trkpt>
			<trkpt lat="55.638352" lon="37.743704"><time>1970-01-01T00:00:01.000Z</time></trkpt>
			<trkpt lat="55.638674" lon="37.743404"><time>1970-01-01T00:00:01.000Z</time></trkpt>
			<trkpt lat="55.638545" lon="37.743018"><time>1970-01-01T00:00:01.000Z</time></trkpt>
			<trkpt lat="55.638202" lon="37.741408"><time>1970-01-01T00:00:01.000Z</time></trkpt>
			<trkpt lat="55.637923" lon="37.741001"><time>1970-01-01T00:00:01.000Z</time></trkpt>
			<trkpt lat="55.637794" lon="37.740443"><time>1970-01-01T00:00:01.000Z</time></trkpt>
			<trkpt lat="55.637752" lon="37.739498"><time>1970-01-01T00:00:01.000Z</time></trkpt>
			<trkpt lat="55.637988" lon="37.739005"><time>1970-01-01T00:00:01.000Z</time></trkpt>
			<trkpt lat="55.638631" lon="37.738404"><time>1970-01-01T00:00:01.000Z</time></trkpt>
			<trkpt lat="55.638932" lon="37.738447"><time>1970-01-01T00:00:01.000Z</time></trkpt>
			<trkpt lat="55.638953" lon="37.738318"><time>1970-01-01T00:00:01.000Z</time></trkpt>
			<trkpt lat="55.639125" lon="37.738275"><time>1970-01-01T00:00:01.000Z</time></trkpt>
			<trkpt lat="55.639490" lon="37.729714"><time>1970-01-01T00:00:01.000Z</time></trkpt>
			<trkpt lat="55.639640" lon="37.729456"><time>1970-01-01T00:00:01.000Z</time></trkpt>
			<trkpt lat="55.639361" lon="37.728319"><time>1970-01-01T00:00:01.000Z</time></trkpt>
			<trkpt lat="55.638395" lon="37.728255"><time>1970-01-01T00:00:01.000Z</time></trkpt>
			<trkpt lat="55.638352" lon="37.727632"><time>1970-01-01T00:00:01.000Z</time></trkpt>
			<trkpt lat="55.638116" lon="37.726838"><time>1970-01-01T00:00:01.000Z</time></trkpt>
			<trkpt lat="55.638159" lon="37.725594"><time>1970-01-01T00:00:01.000Z</time></trkpt>
			<trkpt lat="55.637966" lon="37.724864"><time>1970-01-01T00:00:01.000Z</time></trkpt>
			<trkpt lat="55.637237" lon="37.725208"><time>1970-01-01T00:00:01.000Z</time></trkpt>
			<trkpt lat="55.637108" lon="37.725637"><time>1970-01-01T00:00:01.000Z</time></trkpt>
			<trkpt lat="55.636979" lon="37.725787"><time>1970-01-01T00:00:01.000Z</time></trkpt>
			<trkpt lat="55.636443" lon="37.725680"><time>1970-01-01T00:00:01.000Z</time></trkpt>
			<trkpt lat="55.636335" lon="37.725594"><time>1970-01-01T00:00:01.000Z</time></trkpt>
			<trkpt lat="55.635949" lon="37.725615"><time>1970-01-01T00:00:01.000Z</time></trkpt>
			<trkpt lat="55.635477" lon="37.725530"><time>1970-01-01T00:00:01.000Z</time></trkpt>
			<trkpt lat="55.635413" lon="37.727182"><time>1970-01-01T00:00:01.000Z</time></trkpt>
			<trkpt lat="55.634747" lon="37.727311"><time>1970-01-01T00:00:01.000Z</time></trkpt>
			<trkpt lat="55.634061" lon="37.728040"><time>1970-01-01T00:00:01.000Z</time></trkpt>
			<trkpt lat="55.633374" lon="37.728340"><time>1970-01-01T00:00:01.000Z</time></trkpt>
			<trkpt lat="55.633160" lon="37.728577"><time>1970-01-01T00:00:01.000Z</time></trkpt>
			<trkpt lat="55.632838" lon="37.729177"><time>1970-01-01T00:00:01.000Z</time></trkpt>
			<trkpt lat="55.632602" lon="37.729456"><time>1970-01-01T00:00:01.000Z</time></trkpt>
			<trkpt lat="55.631979" lon="37.729843"><time>1970-01-01T00:00:01.000Z</time></trkpt>
			<trkpt lat="55.631958" lon="37.729993"><time>1970-01-01T00:00:01.000Z</time></trkpt>
			<trkpt lat="55.631186" lon="37.729757"><time>1970-01-01T00:00:01.000Z</time></trkpt>
			<trkpt lat="55.630520" lon="37.729006"><time>1970-01-01T00:00:01.000Z</time></trkpt>
			<trkpt lat="55.629812" lon="37.728104"><time>1970-01-01T00:00:01.000Z</time></trkpt>
			<trkpt lat="55.629555" lon="37.727032"><time>1970-01-01T00:00:01.000Z</time></trkpt>
			<trkpt lat="55.629683" lon="37.725873"><time>1970-01-01T00:00:01.000Z</time></trkpt>
			<trkpt lat="55.629576" lon="37.725165"><time>1970-01-01T00:00:01.000Z</time></trkpt>
			<trkpt lat="55.629319" lon="37.724349"><time>1970-01-01T00:00:01.000Z</time></trkpt>
			<trkpt lat="55.629297" lon="37.723727"><time>1970-01-01T00:00:01.000Z</time></trkpt>
			<trkpt lat="55.629383" lon="37.723727"><time>1970-01-01T00:00:01.000Z</time></trkpt>
			<trkpt lat="55.629662" lon="37.722440"><time>1970-01-01T00:00:01.000Z</time></trkpt>
			<trkpt lat="55.630027" lon="37.718599"><time>1970-01-01T00:00:01.000Z</time></trkpt>
			<trkpt lat="55.630456" lon="37.717140"><time>1970-01-01T00:00:01.000Z</time></trkpt>
			<trkpt lat="55.630198" lon="37.716389"><time>1970-01-01T00:00:01.000Z</time></trkpt>
			<trkpt lat="55.629834" lon="37.715874"><time>1970-01-01T00:00:01.000Z</time></trkpt>
			<trkpt lat="55.629641" lon="37.715058"><time>1970-01-01T00:00:01.000Z</time></trkpt>
			<trkpt lat="55.629276" lon="37.714522"><time>1970-01-01T00:00:01.000Z</time></trkpt>
			<trkpt lat="55.629147" lon="37.713814"><time>1970-01-01T00:00:01.000Z</time></trkpt>
			<trkpt lat="55.628804" lon="37.713299"><time>1970-01-01T00:00:01.000Z</time></trkpt>
			<trkpt lat="55.628568" lon="37.712290"><time>1970-01-01T00:00:01.000Z</time></trkpt>
			<trkpt lat="55.628568" lon="37.711925"><time>1970-01-01T00:00:01.000Z</time></trkpt>
			<trkpt lat="55.628632" lon="37.711625"><time>1970-01-01T00:00:01.000Z</time></trkpt>
			<trkpt lat="55.628890" lon="37.711303"><time>1970-01-01T00:00:01.000Z</time></trkpt>
			<trkpt lat="55.629233" lon="37.710574"><time>1970-01-01T00:00:01.000Z</time></trkpt>
			<trkpt lat="55.629490" lon="37.707527"><time>1970-01-01T00:00:01.000Z</time></trkpt>
			<trkpt lat="55.629061" lon="37.706582"><time>1970-01-01T00:00:01.000Z</time></trkpt>
			<trkpt lat="55.628890" lon="37.706389"><time>1970-01-01T00:00:01.000Z</time></trkpt>
			<trkpt lat="55.628718" lon="37.706025"><time>1970-01-01T00:00:01.000Z</time></trkpt>
			<trkpt lat="55.628460" lon="37.705166"><time>1970-01-01T00:00:01.000Z</time></trkpt>
			<trkpt lat="55.628289" lon="37.704952"><time>1970-01-01T00:00:01.000Z</time></trkpt>
			<trkpt lat="55.628375" lon="37.704072"><time>1970-01-01T00:00:01.000Z</time></trkpt>
			<trkpt lat="55.628611" lon="37.702849"><time>1970-01-01T00:00:01.000Z</time></trkpt>
			<trkpt lat="55.628289" lon="37.700467"><time>1970-01-01T00:00:01.000Z</time></trkpt>
			<trkpt lat="55.628375" lon="37.699501"><time>1970-01-01T00:00:01.000Z</time></trkpt>
			<trkpt lat="55.628224" lon="37.698235"><time>1970-01-01T00:00:01.000Z</time></trkpt>
			<trkpt lat="55.628375" lon="37.696712"><time>1970-01-01T00:00:01.000Z</time></trkpt>
			<trkpt lat="55.628353" lon="37.695896"><time>1970-01-01T00:00:01.000Z</time></trkpt>
			<trkpt lat="55.628224" lon="37.695575"><time>1970-01-01T00:00:01.000Z</time></trkpt>
			<trkpt lat="55.627388" lon="37.694909"><time>1970-01-01T00:00:01.000Z</time></trkpt>
			<trkpt lat="55.626808" lon="37.693086"><time>1970-01-01T00:00:01.000Z</time></trkpt>
			<trkpt lat="55.627130" lon="37.692377"><time>1970-01-01T00:00:01.000Z</time></trkpt>
			<trkpt lat="55.627602" lon="37.692227"><time>1970-01-01T00:00:01.000Z</time></trkpt>
			<trkpt lat="55.627624" lon="37.691948"><time>1970-01-01T00:00:01.000Z</time></trkpt>
			<trkpt lat="55.626722" lon="37.691626"><time>1970-01-01T00:00:01.000Z</time></trkpt>
			<trkpt lat="55.626400" lon="37.690918"><time>1970-01-01T00:00:01.000Z</time></trkpt>
			<trkpt lat="55.626272" lon="37.690167"><time>1970-01-01T00:00:01.000Z</time></trkpt>
			<trkpt lat="55.626572" lon="37.688815"><time>1970-01-01T00:00:01.000Z</time></trkpt>
			<trkpt lat="55.626551" lon="37.688537"><time>1970-01-01T00:00:01.000Z</time></trkpt>
			<trkpt lat="55.626164" lon="37.686906"><time>1970-01-01T00:00:01.000Z</time></trkpt>
			<trkpt lat="55.626164" lon="37.686241"><time>1970-01-01T00:00:01.000Z</time></trkpt>
			<trkpt lat="55.625714" lon="37.685039"><time>1970-01-01T00:00:01.000Z</time></trkpt>
			<trkpt lat="55.625263" lon="37.684610"><time>1970-01-01T00:00:01.000Z</time></trkpt>
			<trkpt lat="55.624963" lon="37.684760"><time>1970-01-01T00:00:01.000Z</time></trkpt>
			<trkpt lat="55.624705" lon="37.685575"><time>1970-01-01T00:00:01.000Z</time></trkpt>
			<trkpt lat="55.624341" lon="37.685253"><time>1970-01-01T00:00:01.000Z</time></trkpt>
			<trkpt lat="55.624169" lon="37.684867"><time>1970-01-01T00:00:01.000Z</time></trkpt>
			<trkpt lat="55.624126" lon="37.685511"><time>1970-01-01T00:00:01.000Z</time></trkpt>
			<trkpt lat="55.623933" lon="37.685983"><time>1970-01-01T00:00:01.000Z</time></trkpt>
			<trkpt lat="55.623868" lon="37.685919"><time>1970-01-01T00:00:01.000Z</time></trkpt>
			<trkpt lat="55.623804" lon="37.685447"><time>1970-01-01T00:00:01.000Z</time></trkpt>
			<trkpt lat="55.623654" lon="37.685082"><time>1970-01-01T00:00:01.000Z</time></trkpt>
			<trkpt lat="55.623589" lon="37.684610"><time>1970-01-01T00:00:01.000Z</time></trkpt>
			<trkpt lat="55.623075" lon="37.682979"><time>1970-01-01T00:00:01.000Z</time></trkpt>
			<trkpt lat="55.622989" lon="37.682443"><time>1970-01-01T00:00:01.000Z</time></trkpt>
			<trkpt lat="55.622731" lon="37.681370"><time>1970-01-01T00:00:01.000Z</time></trkpt>
			<trkpt lat="55.621980" lon="37.680919"><time>1970-01-01T00:00:01.000Z</time></trkpt>
			<trkpt lat="55.621744" lon="37.681262"><time>1970-01-01T00:00:01.000Z</time></trkpt>
			<trkpt lat="55.621637" lon="37.681799"><time>1970-01-01T00:00:01.000Z</time></trkpt>
			<trkpt lat="55.621658" lon="37.681928"><time>1970-01-01T00:00:01.000Z</time></trkpt>
			<trkpt lat="55.621465" lon="37.682206"><time>1970-01-01T00:00:01.000Z</time></trkpt>
			<trkpt lat="55.621444" lon="37.682721"><time>1970-01-01T00:00:01.000Z</time></trkpt>
			<trkpt lat="55.621208" lon="37.683322"><time>1970-01-01T00:00:01.000Z</time></trkpt>
			<trkpt lat="55.621165" lon="37.684631"><time>1970-01-01T00:00:01.000Z</time></trkpt>
			<trkpt lat="55.621100" lon="37.684610"><time>1970-01-01T00:00:01.000Z</time></trkpt>
			<trkpt lat="55.620371" lon="37.686133"><time>1970-01-01T00:00:01.000Z</time></trkpt>
			<trkpt lat="55.620113" lon="37.686155"><time>1970-01-01T00:00:01.000Z</time></trkpt>
			<trkpt lat="55.619963" lon="37.686219"><time>1970-01-01T00:00:01.000Z</time></trkpt>
			<trkpt lat="55.619791" lon="37.686005"><time>1970-01-01T00:00:01.000Z</time></trkpt>
			<trkpt lat="55.619706" lon="37.686155"><time>1970-01-01T00:00:01.000Z</time></trkpt>
			<trkpt lat="55.619448" lon="37.685447"><time>1970-01-01T00:00:01.000Z</time></trkpt>
			<trkpt lat="55.618418" lon="37.683194"><time>1970-01-01T00:00:01.000Z</time></trkpt>
			<trkpt lat="55.618311" lon="37.682743"><time>1970-01-01T00:00:01.000Z</time></trkpt>
			<trkpt lat="55.618311" lon="37.681455"><time>1970-01-01T00:00:01.000Z</time></trkpt>
			<trkpt lat="55.618397" lon="37.680704"><time>1970-01-01T00:00:01.000Z</time></trkpt>
			<trkpt lat="55.616830" lon="37.680683"><time>1970-01-01T00:00:01.000Z</time></trkpt>
			<trkpt lat="55.616659" lon="37.680812"><time>1970-01-01T00:00:01.000Z</time></trkpt>
			<trkpt lat="55.616272" lon="37.680790"><time>1970-01-01T00:00:01.000Z</time></trkpt>
			<trkpt lat="55.616315" lon="37.680361"><time>1970-01-01T00:00:01.000Z</time></trkpt>
			<trkpt lat="55.616294" lon="37.680061"><time>1970-01-01T00:00:01.000Z</time></trkpt>
			<trkpt lat="55.615843" lon="37.679717"><time>1970-01-01T00:00:01.000Z</time></trkpt>
			<trkpt lat="55.615586" lon="37.679717"><time>1970-01-01T00:00:01.000Z</time></trkpt>
			<trkpt lat="55.615371" lon="37.679481"><time>1970-01-01T00:00:01.000Z</time></trkpt>
			<trkpt lat="55.615178" lon="37.678838"><time>1970-01-01T00:00:01.000Z</time></trkpt>
			<trkpt lat="55.614942" lon="37.678752"><time>1970-01-01T00:00:01.000Z</time></trkpt>
			<trkpt lat="55.614513" lon="37.679202"><time>1970-01-01T00:00:01.000Z</time></trkpt>
			<trkpt lat="55.614084" lon="37.679396"><time>1970-01-01T00:00:01.000Z</time></trkpt>
			<trkpt lat="55.613397" lon="37.679396"><time>1970-01-01T00:00:01.000Z</time></trkpt>
			<trkpt lat="55.612989" lon="37.679589"><time>1970-01-01T00:00:01.000Z</time></trkpt>
			<trkpt lat="55.612775" lon="37.679803"><time>1970-01-01T00:00:01.000Z</time></trkpt>
			<trkpt lat="55.612195" lon="37.680704"><time>1970-01-01T00:00:01.000Z</time></trkpt>
			<trkpt lat="55.611938" lon="37.680898"><time>1970-01-01T00:00:01.000Z</time></trkpt>
			<trkpt lat="55.610801" lon="37.681005"><time>1970-01-01T00:00:01.000Z</time></trkpt>
			<trkpt lat="55.610543" lon="37.681091"><time>1970-01-01T00:00:01.000Z</time></trkpt>
			<trkpt lat="55.610393" lon="37.681219"><time>1970-01-01T00:00:01.000Z</time></trkpt>
			<trkpt lat="55.610114" lon="37.682271"><time>1970-01-01T00:00:01.000Z</time></trkpt>
			<trkpt lat="55.609299" lon="37.683945"><time>1970-01-01T00:00:01.000Z</time></trkpt>
			<trkpt lat="55.609234" lon="37.684202"><time>1970-01-01T00:00:01.000Z</time></trkpt>
			<trkpt lat="55.609385" lon="37.685189"><time>1970-01-01T00:00:01.000Z</time></trkpt>
			<trkpt lat="55.609342" lon="37.685318"><time>1970-01-01T00:00:01.000Z</time></trkpt>
			<trkpt lat="55.609191" lon="37.685447"><time>1970-01-01T00:00:01.000Z</time></trkpt>
			<trkpt lat="55.608505" lon="37.685618"><time>1970-01-01T00:00:01.000Z</time></trkpt>
			<trkpt lat="55.608204" lon="37.686241"><time>1970-01-01T00:00:01.000Z</time></trkpt>
			<trkpt lat="55.608204" lon="37.687657"><time>1970-01-01T00:00:01.000Z</time></trkpt>
			<trkpt lat="55.608140" lon="37.689159"><time>1970-01-01T00:00:01.000Z</time></trkpt>
			<trkpt lat="55.608333" lon="37.690339"><time>1970-01-01T00:00:01.000Z</time></trkpt>
			<trkpt lat="55.608226" lon="37.691369"><time>1970-01-01T00:00:01.000Z</time></trkpt>
			<trkpt lat="55.608033" lon="37.691970"><time>1970-01-01T00:00:01.000Z</time></trkpt>
			<trkpt lat="55.607882" lon="37.692163"><time>1970-01-01T00:00:01.000Z</time></trkpt>
			<trkpt lat="55.607861" lon="37.692356"><time>1970-01-01T00:00:01.000Z</time></trkpt>
			<trkpt lat="55.607904" lon="37.693214"><time>1970-01-01T00:00:01.000Z</time></trkpt>
			<trkpt lat="55.607818" lon="37.693236"><time>1970-01-01T00:00:01.000Z</time></trkpt>
			<trkpt lat="55.607561" lon="37.693043"><time>1970-01-01T00:00:01.000Z</time></trkpt>
			<trkpt lat="55.607303" lon="37.692656"><time>1970-01-01T00:00:01.000Z</time></trkpt>
			<trkpt lat="55.607131" lon="37.692549"><time>1970-01-01T00:00:01.000Z</time></trkpt>
			<trkpt lat="55.606938" lon="37.692613"><time>1970-01-01T00:00:01.000Z</time></trkpt>
			<trkpt lat="55.606338" lon="37.693128"><time>1970-01-01T00:00:01.000Z</time></trkpt>
			<trkpt lat="55.606144" lon="37.693686"><time>1970-01-01T00:00:01.000Z</time></trkpt>
			<trkpt lat="55.606037" lon="37.693772"><time>1970-01-01T00:00:01.000Z</time></trkpt>
			<trkpt lat="55.605887" lon="37.694051"><time>1970-01-01T00:00:01.000Z</time></trkpt>
			<trkpt lat="55.605865" lon="37.694352"><time>1970-01-01T00:00:01.000Z</time></trkpt>
			<trkpt lat="55.605780" lon="37.694566"><time>1970-01-01T00:00:01.000Z</time></trkpt>
			<trkpt lat="55.605780" lon="37.694759"><time>1970-01-01T00:00:01.000Z</time></trkpt>
			<trkpt lat="55.605372" lon="37.695188"><time>1970-01-01T00:00:01.000Z</time></trkpt>
			<trkpt lat="55.604750" lon="37.696025"><time>1970-01-01T00:00:01.000Z</time></trkpt>
			<trkpt lat="55.604557" lon="37.696540"><time>1970-01-01T00:00:01.000Z</time></trkpt>
			<trkpt lat="55.604042" lon="37.697055"><time>1970-01-01T00:00:01.000Z</time></trkpt>
			<trkpt lat="55.603548" lon="37.697184"><time>1970-01-01T00:00:01.000Z</time></trkpt>
			<trkpt lat="55.603012" lon="37.697441"><time>1970-01-01T00:00:01.000Z</time></trkpt>
			<trkpt lat="55.602797" lon="37.697849"><time>1970-01-01T00:00:01.000Z</time></trkpt>
			<trkpt lat="55.602561" lon="37.699051"><time>1970-01-01T00:00:01.000Z</time></trkpt>
			<trkpt lat="55.602604" lon="37.699888"><time>1970-01-01T00:00:01.000Z</time></trkpt>
			<trkpt lat="55.602540" lon="37.700617"><time>1970-01-01T00:00:01.000Z</time></trkpt>
			<trkpt lat="55.602368" lon="37.700553"><time>1970-01-01T00:00:01.000Z</time></trkpt>
			<trkpt lat="55.602218" lon="37.700338"><time>1970-01-01T00:00:01.000Z</time></trkpt>
			<trkpt lat="55.601853" lon="37.699480"><time>1970-01-01T00:00:01.000Z</time></trkpt>
			<trkpt lat="55.601531" lon="37.699437"><time>1970-01-01T00:00:01.000Z</time></trkpt>
			<trkpt lat="55.601016" lon="37.699845"><time>1970-01-01T00:00:01.000Z</time></trkpt>
			<trkpt lat="55.599900" lon="37.701218"><time>1970-01-01T00:00:01.000Z</time></trkpt>
			<trkpt lat="55.599557" lon="37.701411"><time>1970-01-01T00:00:01.000Z</time></trkpt>
			<trkpt lat="55.599321" lon="37.701990"><time>1970-01-01T00:00:01.000Z</time></trkpt>
			<trkpt lat="55.599171" lon="37.702248"><time>1970-01-01T00:00:01.000Z</time></trkpt>
			<trkpt lat="55.598613" lon="37.701776"><time>1970-01-01T00:00:01.000Z</time></trkpt>
			<trkpt lat="55.597604" lon="37.705467"><time>1970-01-01T00:00:01.000Z</time></trkpt>
			<trkpt lat="55.597604" lon="37.706625"><time>1970-01-01T00:00:01.000Z</time></trkpt>
			<trkpt lat="55.597368" lon="37.707720"><time>1970-01-01T00:00:01.000Z</time></trkpt>
			<trkpt lat="55.596832" lon="37.708750"><time>1970-01-01T00:00:01.000Z</time></trkpt>
			<trkpt lat="55.596424" lon="37.709093"><time>1970-01-01T00:00:01.000Z</time></trkpt>
			<trkpt lat="55.595308" lon="37.707827"><time>1970-01-01T00:00:01.000Z</time></trkpt>
			<trkpt lat="55.594321" lon="37.704823"><time>1970-01-01T00:00:01.000Z</time></trkpt>
			<trkpt lat="55.593785" lon="37.703450"><time>1970-01-01T00:00:01.000Z</time></trkpt>
			<trkpt lat="55.593356" lon="37.701840"><time>1970-01-01T00:00:01.000Z</time></trkpt>
			<trkpt lat="55.592969" lon="37.701218"><time>1970-01-01T00:00:01.000Z</time></trkpt>
			<trkpt lat="55.592347" lon="37.700510"><time>1970-01-01T00:00:01.000Z</time></trkpt>
			<trkpt lat="55.590588" lon="37.699523"><time>1970-01-01T00:00:01.000Z</time></trkpt>
			<trkpt lat="55.590287" lon="37.699180"><time>1970-01-01T00:00:01.000Z</time></trkpt>
			<trkpt lat="55.590008" lon="37.698493"><time>1970-01-01T00:00:01.000Z</time></trkpt>
			<trkpt lat="55.589665" lon="37.698171"><time>1970-01-01T00:00:01.000Z</time></trkpt>
			<trkpt lat="55.589579" lon="37.697956"><time>1970-01-01T00:00:01.000Z</time></trkpt>
			<trkpt lat="55.588635" lon="37.696690"><time>1970-01-01T00:00:01.000Z</time></trkpt>
			<trkpt lat="55.587991" lon="37.696540"><time>1970-01-01T00:00:01.000Z</time></trkpt>
			<trkpt lat="55.587605" lon="37.696626"><time>1970-01-01T00:00:01.000Z</time></trkpt>
			<trkpt lat="55.587369" lon="37.696390"><time>1970-01-01T00:00:01.000Z</time></trkpt>
			<trkpt lat="55.587090" lon="37.696304"><time>1970-01-01T00:00:01.000Z</time></trkpt>
			<trkpt lat="55.586983" lon="37.696004"><time>1970-01-01T00:00:01.000Z</time></trkpt>
			<trkpt lat="55.587133" lon="37.692270"><time>1970-01-01T00:00:01.000Z</time></trkpt>
			<trkpt lat="55.587412" lon="37.686863"><time>1970-01-01T00:00:01.000Z</time></trkpt>
			<trkpt lat="55.587626" lon="37.686841"><time>1970-01-01T00:00:01.000Z</time></trkpt>
			<trkpt lat="55.587734" lon="37.686627"><time>1970-01-01T00:00:01.000Z</time></trkpt>
			<trkpt lat="55.587841" lon="37.686241"><time>1970-01-01T00:00:01.000Z</time></trkpt>
			<trkpt lat="55.587862" lon="37.685189"><time>1970-01-01T00:00:01.000Z</time></trkpt>
			<trkpt lat="55.588099" lon="37.684545"><time>1970-01-01T00:00:01.000Z</time></trkpt>
			<trkpt lat="55.588270" lon="37.683730"><time>1970-01-01T00:00:01.000Z</time></trkpt>
			<trkpt lat="55.588721" lon="37.682979"><time>1970-01-01T00:00:01.000Z</time></trkpt>
			<trkpt lat="55.588807" lon="37.682485"><time>1970-01-01T00:00:01.000Z</time></trkpt>
			<trkpt lat="55.589214" lon="37.681713"><time>1970-01-01T00:00:01.000Z</time></trkpt>
			<trkpt lat="55.589515" lon="37.681498"><time>1970-01-01T00:00:01.000Z</time></trkpt>
			<trkpt lat="55.589879" lon="37.680640"><time>1970-01-01T00:00:01.000Z</time></trkpt>
			<trkpt lat="55.590673" lon="37.680447"><time>1970-01-01T00:00:01.000Z</time></trkpt>
			<trkpt lat="55.590995" lon="37.680232"><time>1970-01-01T00:00:01.000Z</time></trkpt>
			<trkpt lat="55.591231" lon="37.680125"><time>1970-01-01T00:00:01.000Z</time></trkpt>
			<trkpt lat="55.592240" lon="37.679953"><time>1970-01-01T00:00:01.000Z</time></trkpt>
			<trkpt lat="55.592776" lon="37.679589"><time>1970-01-01T00:00:01.000Z</time></trkpt>
			<trkpt lat="55.592926" lon="37.680340"><time>1970-01-01T00:00:01.000Z</time></trkpt>
			<trkpt lat="55.592991" lon="37.680383"><time>1970-01-01T00:00:01.000Z</time></trkpt>
			<trkpt lat="55.593163" lon="37.680232"><time>1970-01-01T00:00:01.000Z</time></trkpt>
			<trkpt lat="55.593184" lon="37.680104"><time>1970-01-01T00:00:01.000Z</time></trkpt>
			<trkpt lat="55.593270" lon="37.681026"><time>1970-01-01T00:00:01.000Z</time></trkpt>
			<trkpt lat="55.593420" lon="37.681455"><time>1970-01-01T00:00:01.000Z</time></trkpt>
			<trkpt lat="55.593720" lon="37.682721"><time>1970-01-01T00:00:01.000Z</time></trkpt>
			<trkpt lat="55.593720" lon="37.683086"><time>1970-01-01T00:00:01.000Z</time></trkpt>
			<trkpt lat="55.593871" lon="37.683279"><time>1970-01-01T00:00:01.000Z</time></trkpt>
			<trkpt lat="55.594192" lon="37.683279"><time>1970-01-01T00:00:01.000Z</time></trkpt>
			<trkpt lat="55.595051" lon="37.682164"><time>1970-01-01T00:00:01.000Z</time></trkpt>
			<trkpt lat="55.595051" lon="37.679696"><time>1970-01-01T00:00:01.000Z</time></trkpt>
			<trkpt lat="55.596810" lon="37.679610"><time>1970-01-01T00:00:01.000Z</time></trkpt>
			<trkpt lat="55.596918" lon="37.679438"><time>1970-01-01T00:00:01.000Z</time></trkpt>
			<trkpt lat="55.596896" lon="37.677872"><time>1970-01-01T00:00:01.000Z</time></trkpt>
			<trkpt lat="55.596746" lon="37.677894"><time>1970-01-01T00:00:01.000Z</time></trkpt>
			<trkpt lat="55.596617" lon="37.677593"><time>1970-01-01T00:00:01.000Z</time></trkpt>
			<trkpt lat="55.596896" lon="37.677164"><time>1970-01-01T00:00:01.000Z</time></trkpt>
			<trkpt lat="55.598591" lon="37.677185"><time>1970-01-01T00:00:01.000Z</time></trkpt>
			<trkpt lat="55.598613" lon="37.674975"><time>1970-01-01T00:00:01.000Z</time></trkpt>
			<trkpt lat="55.597239" lon="37.674975"><time>1970-01-01T00:00:01.000Z</time></trkpt>
			<trkpt lat="55.597046" lon="37.675125"><time>1970-01-01T00:00:01.000Z</time></trkpt>
			<trkpt lat="55.596875" lon="37.675061"><time>1970-01-01T00:00:01.000Z</time></trkpt>
			<trkpt lat="55.596832" lon="37.672787"><time>1970-01-01T00:00:01.000Z</time></trkpt>
			<trkpt lat="55.596252" lon="37.672829"><time>1970-01-01T00:00:01.000Z</time></trkpt>
			<trkpt lat="55.596145" lon="37.672722"><time>1970-01-01T00:00:01.000Z</time></trkpt>
			<trkpt lat="55.596124" lon="37.672572"><time>1970-01-01T00:00:01.000Z</time></trkpt>
			<trkpt lat="55.596403" lon="37.672486"><time>1970-01-01T00:00:01.000Z</time></trkpt>
			<trkpt lat="55.596360" lon="37.671714"><time>1970-01-01T00:00:01.000Z</time></trkpt>
			<trkpt lat="55.596210" lon="37.671413"><time>1970-01-01T00:00:01.000Z</time></trkpt>
			<trkpt lat="55.595716" lon="37.665491"><time>1970-01-01T00:00:01.000Z</time></trkpt>
			<trkpt lat="55.596081" lon="37.664225"><time>1970-01-01T00:00:01.000Z</time></trkpt>
			<trkpt lat="55.595973" lon="37.662551"><time>1970-01-01T00:00:01.000Z</time></trkpt>
			<trkpt lat="55.595587" lon="37.662058"><time>1970-01-01T00:00:01.000Z</time></trkpt>
			<trkpt lat="55.595416" lon="37.661650"><time>1970-01-01T00:00:01.000Z</time></trkpt>
			<trkpt lat="55.594836" lon="37.657101"><time>1970-01-01T00:00:01.000Z</time></trkpt>
			<trkpt lat="55.594450" lon="37.657165"><time>1970-01-01T00:00:01.000Z</time></trkpt>
			<trkpt lat="55.594407" lon="37.657080"><time>1970-01-01T00:00:01.000Z</time></trkpt>
			<trkpt lat="55.594150" lon="37.657101"><time>1970-01-01T00:00:01.000Z</time></trkpt>
			<trkpt lat="55.593720" lon="37.656650"><time>1970-01-01T00:00:01.000Z</time></trkpt>
			<trkpt lat="55.593313" lon="37.656908"><time>1970-01-01T00:00:01.000Z</time></trkpt>
			<trkpt lat="55.592583" lon="37.653153"><time>1970-01-01T00:00:01.000Z</time></trkpt>
			<trkpt lat="55.590974" lon="37.646479"><time>1970-01-01T00:00:01.000Z</time></trkpt>
			<trkpt lat="55.590738" lon="37.646050"><time>1970-01-01T00:00:01.000Z</time></trkpt>
			<trkpt lat="55.590867" lon="37.645986"><time>1970-01-01T00:00:01.000Z</time></trkpt>
			<trkpt lat="55.590566" lon="37.644226"><time>1970-01-01T00:00:01.000Z</time></trkpt>
			<trkpt lat="55.590652" lon="37.644119"><time>1970-01-01T00:00:01.000Z</time></trkpt>
			<trkpt lat="55.590588" lon="37.643561"><time>1970-01-01T00:00:01.000Z</time></trkpt>
			<trkpt lat="55.590888" lon="37.643432"><time>1970-01-01T00:00:01.000Z</time></trkpt>
			<trkpt lat="55.590738" lon="37.642188"><time>1970-01-01T00:00:01.000Z</time></trkpt>
			<trkpt lat="55.591274" lon="37.641995"><time>1970-01-01T00:00:01.000Z</time></trkpt>
			<trkpt lat="55.591210" lon="37.640943"><time>1970-01-01T00:00:01.000Z</time></trkpt>
			<trkpt lat="55.592004" lon="37.640579"><time>1970-01-01T00:00:01.000Z</time></trkpt>
			<trkpt lat="55.592004" lon="37.640171"><time>1970-01-01T00:00:01.000Z</time></trkpt>
			<trkpt lat="55.592991" lon="37.639913"><time>1970-01-01T00:00:01.000Z</time></trkpt>
			<trkpt lat="55.593077" lon="37.639227"><time>1970-01-01T00:00:01.000Z</time></trkpt>
			<trkpt lat="55.594364" lon="37.638390"><time>1970-01-01T00:00:01.000Z</time></trkpt>
			<trkpt lat="55.594858" lon="37.638368"><time>1970-01-01T00:00:01.000Z</time></trkpt>
			<trkpt lat="55.595265" lon="37.637832"><time>1970-01-01T00:00:01.000Z</time></trkpt>
			<trkpt lat="55.595695" lon="37.637360"><time>1970-01-01T00:00:01.000Z</time></trkpt>
			<trkpt lat="55.595931" lon="37.637553"><time>1970-01-01T00:00:01.000Z</time></trkpt>
			<trkpt lat="55.596016" lon="37.637768"><time>1970-01-01T00:00:01.000Z</time></trkpt>
			<trkpt lat="55.596446" lon="37.637982"><time>1970-01-01T00:00:01.000Z</time></trkpt>
			<trkpt lat="55.596982" lon="37.638111"><time>1970-01-01T00:00:01.000Z</time></trkpt>
			<trkpt lat="55.597368" lon="37.638047"><time>1970-01-01T00:00:01.000Z</time></trkpt>
			<trkpt lat="55.597647" lon="37.638326"><time>1970-01-01T00:00:01.000Z</time></trkpt>
			<trkpt lat="55.600029" lon="37.638497"><time>1970-01-01T00:00:01.000Z</time></trkpt>
			<trkpt lat="55.600716" lon="37.638733"><time>1970-01-01T00:00:01.000Z</time></trkpt>
			<trkpt lat="55.601316" lon="37.638883"><time>1970-01-01T00:00:01.000Z</time></trkpt>
			<trkpt lat="55.601660" lon="37.638733"><time>1970-01-01T00:00:01.000Z</time></trkpt>
			<trkpt lat="55.601767" lon="37.637403"><time>1970-01-01T00:00:01.000Z</time></trkpt>
			<trkpt lat="55.602067" lon="37.637296"><time>1970-01-01T00:00:01.000Z</time></trkpt>
			<trkpt lat="55.602067" lon="37.636909"><time>1970-01-01T00:00:01.000Z</time></trkpt>
			<trkpt lat="55.602497" lon="37.636781"><time>1970-01-01T00:00:01.000Z</time></trkpt>
			<trkpt lat="55.602776" lon="37.636587"><time>1970-01-01T00:00:01.000Z</time></trkpt>
			<trkpt lat="55.603012" lon="37.636309"><time>1970-01-01T00:00:01.000Z</time></trkpt>
			<trkpt lat="55.604084" lon="37.633111"><time>1970-01-01T00:00:01.000Z</time></trkpt>
			<trkpt lat="55.603913" lon="37.632940"><time>1970-01-01T00:00:01.000Z</time></trkpt>
			<trkpt lat="55.603913" lon="37.632832"><time>1970-01-01T00:00:01.000Z</time></trkpt>
			<trkpt lat="55.603076" lon="37.631931"><time>1970-01-01T00:00:01.000Z</time></trkpt>
			<trkpt lat="55.603183" lon="37.631652"><time>1970-01-01T00:00:01.000Z</time></trkpt>
			<trkpt lat="55.602561" lon="37.630901"><time>1970-01-01T00:00:01.000Z</time></trkpt>
			<trkpt lat="55.601166" lon="37.628219"><time>1970-01-01T00:00:01.000Z</time></trkpt>
			<trkpt lat="55.601467" lon="37.627790"><time>1970-01-01T00:00:01.000Z</time></trkpt>
			<trkpt lat="55.601638" lon="37.627318"><time>1970-01-01T00:00:01.000Z</time></trkpt>
			<trkpt lat="55.602540" lon="37.626545"><time>1970-01-01T00:00:01.000Z</time></trkpt>
			<trkpt lat="55.602604" lon="37.626331"><time>1970-01-01T00:00:01.000Z</time></trkpt>
			<trkpt lat="55.603312" lon="37.625880"><time>1970-01-01T00:00:01.000Z</time></trkpt>
			<trkpt lat="55.603248" lon="37.624872"><time>1970-01-01T00:00:01.000Z</time></trkpt>
			<trkpt lat="55.603398" lon="37.624357"><time>1970-01-01T00:00:01.000Z</time></trkpt>
			<trkpt lat="55.603248" lon="37.624163"><time>1970-01-01T00:00:01.000Z</time></trkpt>
			<trkpt lat="55.603248" lon="37.623885"><time>1970-01-01T00:00:01.000Z</time></trkpt>
			<trkpt lat="55.603441" lon="37.623412"><time>1970-01-01T00:00:01.000Z</time></trkpt>
			<trkpt lat="55.603484" lon="37.623026"><time>1970-01-01T00:00:01.000Z</time></trkpt>
			<trkpt lat="55.603076" lon="37.622897"><time>1970-01-01T00:00:01.000Z</time></trkpt>
			<trkpt lat="55.603140" lon="37.622468"><time>1970-01-01T00:00:01.000Z</time></trkpt>
			<trkpt lat="55.603054" lon="37.622361"><time>1970-01-01T00:00:01.000Z</time></trkpt>
			<trkpt lat="55.603033" lon="37.622254"><time>1970-01-01T00:00:01.000Z</time></trkpt>
			<trkpt lat="55.603548" lon="37.622468"><time>1970-01-01T00:00:01.000Z</time></trkpt>
			<trkpt lat="55.603655" lon="37.621567"><time>1970-01-01T00:00:01.000Z</time></trkpt>
			<trkpt lat="55.603569" lon="37.619786"><time>1970-01-01T00:00:01.000Z</time></trkpt>
			<trkpt lat="55.603591" lon="37.619357"><time>1970-01-01T00:00:01.000Z</time></trkpt>
			<trkpt lat="55.603419" lon="37.617447"><time>1970-01-01T00:00:01.000Z</time></trkpt>
			<trkpt lat="55.603269" lon="37.616632"><time>1970-01-01T00:00:01.000Z</time></trkpt>
			<trkpt lat="55.604020" lon="37.612040"><time>1970-01-01T00:00:01.000Z</time></trkpt>
			<trkpt lat="55.603891" lon="37.611160"><time>1970-01-01T00:00:01.000Z</time></trkpt>
			<trkpt lat="55.604621" lon="37.611632"><time>1970-01-01T00:00:01.000Z</time></trkpt>
			<trkpt lat="55.605093" lon="37.608650"><time>1970-01-01T00:00:01.000Z</time></trkpt>
			<trkpt lat="55.606273" lon="37.608006"><time>1970-01-01T00:00:01.000Z</time></trkpt>
			<trkpt lat="55.606938" lon="37.608306"><time>1970-01-01T00:00:01.000Z</time></trkpt>
			<trkpt lat="55.606960" lon="37.608135"><time>1970-01-01T00:00:01.000Z</time></trkpt>
			<trkpt lat="55.606788" lon="37.608027"><time>1970-01-01T00:00:01.000Z</time></trkpt>
			<trkpt lat="55.606981" lon="37.606718"><time>1970-01-01T00:00:01.000Z</time></trkpt>
			<trkpt lat="55.606681" lon="37.606547"><time>1970-01-01T00:00:01.000Z</time></trkpt>
			<trkpt lat="55.606531" lon="37.606289"><time>1970-01-01T00:00:01.000Z</time></trkpt>
			<trkpt lat="55.606380" lon="37.606246"><time>1970-01-01T00:00:01.000Z</time></trkpt>
			<trkpt lat="55.606466" lon="37.605903"><time>1970-01-01T00:00:01.000Z</time></trkpt>
			<trkpt lat="55.606702" lon="37.604186"><time>1970-01-01T00:00:01.000Z</time></trkpt>
			<trkpt lat="55.606445" lon="37.604015"><time>1970-01-01T00:00:01.000Z</time></trkpt>
			<trkpt lat="55.606788" lon="37.601869"><time>1970-01-01T00:00:01.000Z</time></trkpt>
			<trkpt lat="55.607003" lon="37.601676"><time>1970-01-01T00:00:01.000Z</time></trkpt>
			<trkpt lat="55.607067" lon="37.601311"><time>1970-01-01T00:00:01.000Z</time></trkpt>
			<trkpt lat="55.606123" lon="37.600796"><time>1970-01-01T00:00:01.000Z</time></trkpt>
			<trkpt lat="55.606166" lon="37.600195"><time>1970-01-01T00:00:01.000Z</time></trkpt>
			<trkpt lat="55.606016" lon="37.599766"><time>1970-01-01T00:00:01.000Z</time></trkpt>
			<trkpt lat="55.605780" lon="37.598371"><time>1970-01-01T00:00:01.000Z</time></trkpt>
			<trkpt lat="55.605823" lon="37.597170"><time>1970-01-01T00:00:01.000Z</time></trkpt>
			<trkpt lat="55.605629" lon="37.596290"><time>1970-01-01T00:00:01.000Z</time></trkpt>
			<trkpt lat="55.605715" lon="37.594874"><time>1970-01-01T00:00:01.000Z</time></trkpt>
			<trkpt lat="55.605651" lon="37.593500"><time>1970-01-01T00:00:01.000Z</time></trkpt>
			<trkpt lat="55.605672" lon="37.592599"><time>1970-01-01T00:00:01.000Z</time></trkpt>
			<trkpt lat="55.605887" lon="37.591677"><time>1970-01-01T00:00:01.000Z</time></trkpt>
			<trkpt lat="55.606295" lon="37.590840"><time>1970-01-01T00:00:01.000Z</time></trkpt>
			<trkpt lat="55.606338" lon="37.590647"><time>1970-01-01T00:00:01.000Z</time></trkpt>
			<trkpt lat="55.606380" lon="37.590003"><time>1970-01-01T00:00:01.000Z</time></trkpt>
			<trkpt lat="55.606316" lon="37.589917"><time>1970-01-01T00:00:01.000Z</time></trkpt>
			<trkpt lat="55.606531" lon="37.588050"><time>1970-01-01T00:00:01.000Z</time></trkpt>
			<trkpt lat="55.606402" lon="37.587900"><time>1970-01-01T00:00:01.000Z</time></trkpt>
			<trkpt lat="55.606380" lon="37.587621"><time>1970-01-01T00:00:01.000Z</time></trkpt>
			<trkpt lat="55.606295" lon="37.587449"><time>1970-01-01T00:00:01.000Z</time></trkpt>
			<trkpt lat="55.606101" lon="37.587449"><time>1970-01-01T00:00:01.000Z</time></trkpt>
			<trkpt lat="55.605844" lon="37.587514"><time>1970-01-01T00:00:01.000Z</time></trkpt>
			<trkpt lat="55.605844" lon="37.587149"><time>1970-01-01T00:00:01.000Z</time></trkpt>
			<trkpt lat="55.605565" lon="37.585926"><time>1970-01-01T00:00:01.000Z</time></trkpt>
			<trkpt lat="55.605629" lon="37.585647"><time>1970-01-01T00:00:01.000Z</time></trkpt>
			<trkpt lat="55.605758" lon="37.585497"><time>1970-01-01T00:00:01.000Z</time></trkpt>
			<trkpt lat="55.605844" lon="37.585153"><time>1970-01-01T00:00:01.000Z</time></trkpt>
			<trkpt lat="55.605522" lon="37.584081"><time>1970-01-01T00:00:01.000Z</time></trkpt>
			<trkpt lat="55.604621" lon="37.581591"><time>1970-01-01T00:00:01.000Z</time></trkpt>
			<trkpt lat="55.604471" lon="37.580733"><time>1970-01-01T00:00:01.000Z</time></trkpt>
			<trkpt lat="55.604492" lon="37.579918"><time>1970-01-01T00:00:01.000Z</time></trkpt>
			<trkpt lat="55.604814" lon="37.577922"><time>1970-01-01T00:00:01.000Z</time></trkpt>
			<trkpt lat="55.604878" lon="37.577171"><time>1970-01-01T00:00:01.000Z</time></trkpt>
			<trkpt lat="55.605114" lon="37.576570"><time>1970-01-01T00:00:01.000Z</time></trkpt>
			<trkpt lat="55.605587" lon="37.575047"><time>1970-01-01T00:00:01.000Z</time></trkpt>
			<trkpt lat="55.605587" lon="37.574124"><time>1970-01-01T00:00:01.000Z</time></trkpt>
			<trkpt lat="55.605823" lon="37.573309"><time>1970-01-01T00:00:01.000Z</time></trkpt>
			<trkpt lat="55.605994" lon="37.572880"><time>1970-01-01T00:00:01.000Z</time></trkpt>
			<trkpt lat="55.606016" lon="37.571914"><time>1970-01-01T00:00:01.000Z</time></trkpt>
			<trkpt lat="55.606831" lon="37.571227"><time>1970-01-01T00:00:01.000Z</time></trkpt>
			<trkpt lat="55.607282" lon="37.569640"><time>1970-01-01T00:00:01.000Z</time></trkpt>
			<trkpt lat="55.607432" lon="37.569275"><time>1970-01-01T00:00:01.000Z</time></trkpt>
			<trkpt lat="55.607475" lon="37.568931"><time>1970-01-01T00:00:01.000Z</time></trkpt>
			<trkpt lat="55.607925" lon="37.569296"><time>1970-01-01T00:00:01.000Z</time></trkpt>
			<trkpt lat="55.608569" lon="37.569253"><time>1970-01-01T00:00:01.000Z</time></trkpt>
			<trkpt lat="55.608762" lon="37.569318"><time>1970-01-01T00:00:01.000Z</time></trkpt>
			<trkpt lat="55.608805" lon="37.569468"><time>1970-01-01T00:00:01.000Z</time></trkpt>
			<trkpt lat="55.609470" lon="37.570262"><time>1970-01-01T00:00:01.000Z</time></trkpt>
			<trkpt lat="55.614170" lon="37.566142"><time>1970-01-01T00:00:01.000Z</time></trkpt>
			<trkpt lat="55.614298" lon="37.566120"><time>1970-01-01T00:00:01.000Z</time></trkpt>
			<trkpt lat="55.614406" lon="37.565906"><time>1970-01-01T00:00:01.000Z</time></trkpt>
			<trkpt lat="55.614706" lon="37.565048"><time>1970-01-01T00:00:01.000Z</time></trkpt>
			<trkpt lat="55.615114" lon="37.564854"><time>1970-01-01T00:00:01.000Z</time></trkpt>
			<trkpt lat="55.615393" lon="37.564189"><time>1970-01-01T00:00:01.000Z</time></trkpt>
			<trkpt lat="55.615929" lon="37.561078"><time>1970-01-01T00:00:01.000Z</time></trkpt>
			<trkpt lat="55.616337" lon="37.559168"><time>1970-01-01T00:00:01.000Z</time></trkpt>
			<trkpt lat="55.617023" lon="37.557731"><time>1970-01-01T00:00:01.000Z</time></trkpt>
			<trkpt lat="55.617667" lon="37.556851"><time>1970-01-01T00:00:01.000Z</time></trkpt>
			<trkpt lat="55.617925" lon="37.556679"><time>1970-01-01T00:00:01.000Z</time></trkpt>
			<trkpt lat="55.618933" lon="37.557130"><time>1970-01-01T00:00:01.000Z</time></trkpt>
			<trkpt lat="55.620070" lon="37.557301"><time>1970-01-01T00:00:01.000Z</time></trkpt>
			<trkpt lat="55.620907" lon="37.556915"><time>1970-01-01T00:00:01.000Z</time></trkpt>
			<trkpt lat="55.622002" lon="37.555950"><time>1970-01-01T00:00:01.000Z</time></trkpt>
			<trkpt lat="55.622602" lon="37.555220"><time>1970-01-01T00:00:01.000Z</time></trkpt>
			<trkpt lat="55.622946" lon="37.554619"><time>1970-01-01T00:00:01.000Z</time></trkpt>
			<trkpt lat="55.623396" lon="37.552924"><time>1970-01-01T00:00:01.000Z</time></trkpt>
			<trkpt lat="55.623675" lon="37.552667"><time>1970-01-01T00:00:01.000Z</time></trkpt>
			<trkpt lat="55.624083" lon="37.551830"><time>1970-01-01T00:00:01.000Z</time></trkpt>
			<trkpt lat="55.624147" lon="37.551401"><time>1970-01-01T00:00:01.000Z</time></trkpt>
			<trkpt lat="55.624276" lon="37.549062"><time>1970-01-01T00:00:01.000Z</time></trkpt>
			<trkpt lat="55.624491" lon="37.548740"><time>1970-01-01T00:00:01.000Z</time></trkpt>
			<trkpt lat="55.624512" lon="37.547881"><time>1970-01-01T00:00:01.000Z</time></trkpt>
			<trkpt lat="55.624619" lon="37.547431"><time>1970-01-01T00:00:01.000Z</time></trkpt>
			<trkpt lat="55.624855" lon="37.546851"><time>1970-01-01T00:00:01.000Z</time></trkpt>
			<trkpt lat="55.626079" lon="37.545650"><time>1970-01-01T00:00:01.000Z</time></trkpt>
			<trkpt lat="55.626164" lon="37.543096"><time>1970-01-01T00:00:01.000Z</time></trkpt>
			<trkpt lat="55.626100" lon="37.542388"><time>1970-01-01T00:00:01.000Z</time></trkpt>
			<trkpt lat="55.626379" lon="37.542302"><time>1970-01-01T00:00:01.000Z</time></trkpt>
			<trkpt lat="55.627924" lon="37.541466"><time>1970-01-01T00:00:01.000Z</time></trkpt>
			<trkpt lat="55.628160" lon="37.541144"><time>1970-01-01T00:00:01.000Z</time></trkpt>
			<trkpt lat="55.628267" lon="37.540886"><time>1970-01-01T00:00:01.000Z</time></trkpt>
			<trkpt lat="55.628224" lon="37.540264"><time>1970-01-01T00:00:01.000Z</time></trkpt>
			<trkpt lat="55.628096" lon="37.540221"><time>1970-01-01T00:00:01.000Z</time></trkpt>
			<trkpt lat="55.627924" lon="37.539899"><time>1970-01-01T00:00:01.000Z</time></trkpt>
			<trkpt lat="55.627559" lon="37.539749"><time>1970-01-01T00:00:01.000Z</time></trkpt>
			<trkpt lat="55.626529" lon="37.538311"><time>1970-01-01T00:00:01.000Z</time></trkpt>
			<trkpt lat="55.626400" lon="37.537560"><time>1970-01-01T00:00:01.000Z</time></trkpt>
			<trkpt lat="55.625971" lon="37.536337"><time>1970-01-01T00:00:01.000Z</time></trkpt>
			<trkpt lat="55.625821" lon="37.534814"><time>1970-01-01T00:00:01.000Z</time></trkpt>
			<trkpt lat="55.625499" lon="37.534320"><time>1970-01-01T00:00:01.000Z</time></trkpt>
			<trkpt lat="55.625456" lon="37.533805"><time>1970-01-01T00:00:01.000Z</time></trkpt>
			<trkpt lat="55.625478" lon="37.533612"><time>1970-01-01T00:00:01.000Z</time></trkpt>
			<trkpt lat="55.625370" lon="37.533376"><time>1970-01-01T00:00:01.000Z</time></trkpt>
			<trkpt lat="55.625306" lon="37.533011"><time>1970-01-01T00:00:01.000Z</time></trkpt>
			<trkpt lat="55.625156" lon="37.532604"><time>1970-01-01T00:00:01.000Z</time></trkpt>
			<trkpt lat="55.624426" lon="37.532582"><time>1970-01-01T00:00:01.000Z</time></trkpt>
			<trkpt lat="55.624019" lon="37.530866"><time>1970-01-01T00:00:01.000Z</time></trkpt>
			<trkpt lat="55.623396" lon="37.528913"><time>1970-01-01T00:00:01.000Z</time></trkpt>
			<trkpt lat="55.623332" lon="37.528162"><time>1970-01-01T00:00:01.000Z</time></trkpt>
			<trkpt lat="55.623332" lon="37.527754"><time>1970-01-01T00:00:01.000Z</time></trkpt>
			<trkpt lat="55.623611" lon="37.526553"><time>1970-01-01T00:00:01.000Z</time></trkpt>
			<trkpt lat="55.623482" lon="37.525608"><time>1970-01-01T00:00:01.000Z</time></trkpt>
			<trkpt lat="55.624190" lon="37.522583"><time>1970-01-01T00:00:01.000Z</time></trkpt>
			<trkpt lat="55.624362" lon="37.521489"><time>1970-01-01T00:00:01.000Z</time></trkpt>
			<trkpt lat="55.624813" lon="37.519536"><time>1970-01-01T00:00:01.000Z</time></trkpt>
			<trkpt lat="55.624984" lon="37.519300"><time>1970-01-01T00:00:01.000Z</time></trkpt>
			<trkpt lat="55.625199" lon="37.518592"><time>1970-01-01T00:00:01.000Z</time></trkpt>
			<trkpt lat="55.625370" lon="37.516274"><time>1970-01-01T00:00:01.000Z</time></trkpt>
			<trkpt lat="55.625585" lon="37.514601"><time>1970-01-01T00:00:01.000Z</time></trkpt>
			<trkpt lat="55.625735" lon="37.513678"><time>1970-01-01T00:00:01.000Z</time></trkpt>
			<trkpt lat="55.625950" lon="37.513335"><time>1970-01-01T00:00:01.000Z</time></trkpt>
			<trkpt lat="55.623654" lon="37.510910"><time>1970-01-01T00:00:01.000Z</time></trkpt>
			<trkpt lat="55.618762" lon="37.505073"><time>1970-01-01T00:00:01.000Z</time></trkpt>
			<trkpt lat="55.619405" lon="37.505717"><time>1970-01-01T00:00:01.000Z</time></trkpt>
			<trkpt lat="55.620006" lon="37.504322"><time>1970-01-01T00:00:01.000Z</time></trkpt>
			<trkpt lat="55.620864" lon="37.504880"><time>1970-01-01T00:00:01.000Z</time></trkpt>
			<trkpt lat="55.620972" lon="37.504494"><time>1970-01-01T00:00:01.000Z</time></trkpt>
			<trkpt lat="55.621401" lon="37.503893"><time>1970-01-01T00:00:01.000Z</time></trkpt>
			<trkpt lat="55.622388" lon="37.501404"><time>1970-01-01T00:00:01.000Z</time></trkpt>
			<trkpt lat="55.622323" lon="37.500567"><time>1970-01-01T00:00:01.000Z</time></trkpt>
			<trkpt lat="55.622538" lon="37.499065"><time>1970-01-01T00:00:01.000Z</time></trkpt>
			<trkpt lat="55.622817" lon="37.498593"><time>1970-01-01T00:00:01.000Z</time></trkpt>
			<trkpt lat="55.623010" lon="37.498379"><time>1970-01-01T00:00:01.000Z</time></trkpt>
			<trkpt lat="55.623139" lon="37.498078"><time>1970-01-01T00:00:01.000Z</time></trkpt>
			<trkpt lat="55.623740" lon="37.497091"><time>1970-01-01T00:00:01.000Z</time></trkpt>
			<trkpt lat="55.623783" lon="37.496834"><time>1970-01-01T00:00:01.000Z</time></trkpt>
			<trkpt lat="55.624126" lon="37.496404"><time>1970-01-01T00:00:01.000Z</time></trkpt>
			<trkpt lat="55.625049" lon="37.493765"><time>1970-01-01T00:00:01.000Z</time></trkpt>
			<trkpt lat="55.625285" lon="37.493400"><time>1970-01-01T00:00:01.000Z</time></trkpt>
			<trkpt lat="55.625521" lon="37.493293"><time>1970-01-01T00:00:01.000Z</time></trkpt>
			<trkpt lat="55.625821" lon="37.493057"><time>1970-01-01T00:00:01.000Z</time></trkpt>
			<trkpt lat="55.626014" lon="37.492628"><time>1970-01-01T00:00:01.000Z</time></trkpt>
			<trkpt lat="55.627173" lon="37.492478"><time>1970-01-01T00:00:01.000Z</time></trkpt>
			<trkpt lat="55.627495" lon="37.491619"><time>1970-01-01T00:00:01.000Z</time></trkpt>
			<trkpt lat="55.627559" lon="37.491233"><time>1970-01-01T00:00:01.000Z</time></trkpt>
			<trkpt lat="55.627774" lon="37.490933"><time>1970-01-01T00:00:01.000Z</time></trkpt>
			<trkpt lat="55.628053" lon="37.491040"><time>1970-01-01T00:00:01.000Z</time></trkpt>
			<trkpt lat="55.628975" lon="37.491062"><time>1970-01-01T00:00:01.000Z</time></trkpt>
			<trkpt lat="55.629748" lon="37.491233"><time>1970-01-01T00:00:01.000Z</time></trkpt>
			<trkpt lat="55.630284" lon="37.491662"><time>1970-01-01T00:00:01.000Z</time></trkpt>
			<trkpt lat="55.630692" lon="37.492113"><time>1970-01-01T00:00:01.000Z</time></trkpt>
			<trkpt lat="55.630778" lon="37.491984"><time>1970-01-01T00:00:01.000Z</time></trkpt>
			<trkpt lat="55.630971" lon="37.492199"><time>1970-01-01T00:00:01.000Z</time></trkpt>
			<trkpt lat="55.631336" lon="37.492220"><time>1970-01-01T00:00:01.000Z</time></trkpt>
			<trkpt lat="55.632473" lon="37.492521"><time>1970-01-01T00:00:01.000Z</time></trkpt>
			<trkpt lat="55.632838" lon="37.492671"><time>1970-01-01T00:00:01.000Z</time></trkpt>
			<trkpt lat="55.634404" lon="37.493765"><time>1970-01-01T00:00:01.000Z</time></trkpt>
			<trkpt lat="55.634383" lon="37.493937"><time>1970-01-01T00:00:01.000Z</time></trkpt>
			<trkpt lat="55.634576" lon="37.494280"><time>1970-01-01T00:00:01.000Z</time></trkpt>
			<trkpt lat="55.634812" lon="37.493937"><time>1970-01-01T00:00:01.000Z</time></trkpt>
			<trkpt lat="55.635134" lon="37.494023"><time>1970-01-01T00:00:01.000Z</time></trkpt>
			<trkpt lat="55.635305" lon="37.494151"><time>1970-01-01T00:00:01.000Z</time></trkpt>
			<trkpt lat="55.636207" lon="37.494151"><time>1970-01-01T00:00:01.000Z</time></trkpt>
			<trkpt lat="55.636765" lon="37.494366"><time>1970-01-01T00:00:01.000Z</time></trkpt>
			<trkpt lat="55.636915" lon="37.494516"><time>1970-01-01T00:00:01.000Z</time></trkpt>
			<trkpt lat="55.637001" lon="37.494967"><time>1970-01-01T00:00:01.000Z</time></trkpt>
			<trkpt lat="55.636850" lon="37.495739"><time>1970-01-01T00:00:01.000Z</time></trkpt>
			<trkpt lat="55.637151" lon="37.495482"><time>1970-01-01T00:00:01.000Z</time></trkpt>
			<trkpt lat="55.637237" lon="37.495653"><time>1970-01-01T00:00:01.000Z</time></trkpt>
			<trkpt lat="55.637623" lon="37.495825"><time>1970-01-01T00:00:01.000Z</time></trkpt>
			<trkpt lat="55.637730" lon="37.495396"><time>1970-01-01T00:00:01.000Z</time></trkpt>
			<trkpt lat="55.637923" lon="37.494967"><time>1970-01-01T00:00:01.000Z</time></trkpt>
			<trkpt lat="55.637902" lon="37.493014"><time>1970-01-01T00:00:01.000Z</time></trkpt>
			<trkpt lat="55.638073" lon="37.492606"><time>1970-01-01T00:00:01.000Z</time></trkpt>
			<trkpt lat="55.638481" lon="37.492456"><time>1970-01-01T00:00:01.000Z</time></trkpt>
			<trkpt lat="55.638760" lon="37.492177"><time>1970-01-01T00:00:01.000Z</time></trkpt>
			<trkpt lat="55.638953" lon="37.491877"><time>1970-01-01T00:00:01.000Z</time></trkpt>
			<trkpt lat="55.639404" lon="37.491469"><time>1970-01-01T00:00:01.000Z</time></trkpt>
			<trkpt lat="55.639082" lon="37.490504"><time>1970-01-01T00:00:01.000Z</time></trkpt>
			<trkpt lat="55.638889" lon="37.489602"><time>1970-01-01T00:00:01.000Z</time></trkpt>
			<trkpt lat="55.638631" lon="37.489259"><time>1970-01-01T00:00:01.000Z</time></trkpt>
			<trkpt lat="55.638288" lon="37.488186"><time>1970-01-01T00:00:01.000Z</time></trkpt>
			<trkpt lat="55.637923" lon="37.487435"><time>1970-01-01T00:00:01.000Z</time></trkpt>
			<trkpt lat="55.637859" lon="37.487221"><time>1970-01-01T00:00:01.000Z</time></trkpt>
			<trkpt lat="55.637945" lon="37.486834"><time>1970-01-01T00:00:01.000Z</time></trkpt>
			<trkpt lat="55.637923" lon="37.486598"><time>1970-01-01T00:00:01.000Z</time></trkpt>
			<trkpt lat="55.638181" lon="37.485719"><time>1970-01-01T00:00:01.000Z</time></trkpt>
			<trkpt lat="55.638052" lon="37.485332"><time>1970-01-01T00:00:01.000Z</time></trkpt>
			<trkpt lat="55.637902" lon="37.484238"><time>1970-01-01T00:00:01.000Z</time></trkpt>
			<trkpt lat="55.637945" lon="37.483423"><time>1970-01-01T00:00:01.000Z</time></trkpt>
			<trkpt lat="55.638052" lon="37.482800"><time>1970-01-01T00:00:01.000Z</time></trkpt>
			<trkpt lat="55.638095" lon="37.481963"><time>1970-01-01T00:00:01.000Z</time></trkpt>
			<trkpt lat="55.637923" lon="37.480783"><time>1970-01-01T00:00:01.000Z</time></trkpt>
			<trkpt lat="55.637752" lon="37.480182"><time>1970-01-01T00:00:01.000Z</time></trkpt>
			<trkpt lat="55.637730" lon="37.479560"><time>1970-01-01T00:00:01.000Z</time></trkpt>
			<trkpt lat="55.637988" lon="37.479238"><time>1970-01-01T00:00:01.000Z</time></trkpt>
			<trkpt lat="55.638052" lon="37.479002"><time>1970-01-01T00:00:01.000Z</time></trkpt>
			<trkpt lat="55.638224" lon="37.478895"><time>1970-01-01T00:00:01.000Z</time></trkpt>
			<trkpt lat="55.638545" lon="37.478809"><time>1970-01-01T00:00:01.000Z</time></trkpt>
			<trkpt lat="55.638846" lon="37.478423"><time>1970-01-01T00:00:01.000Z</time></trkpt>
			<trkpt lat="55.639103" lon="37.477157"><time>1970-01-01T00:00:01.000Z</time></trkpt>
			<trkpt lat="55.639339" lon="37.474797"><time>1970-01-01T00:00:01.000Z</time></trkpt>
			<trkpt lat="55.639640" lon="37.473874"><time>1970-01-01T00:00:01.000Z</time></trkpt>
			<trkpt lat="55.639704" lon="37.473230"><time>1970-01-01T00:00:01.000Z</time></trkpt>
			<trkpt lat="55.639833" lon="37.472694"><time>1970-01-01T00:00:01.000Z</time></trkpt>
			<trkpt lat="55.639962" lon="37.471385"><time>1970-01-01T00:00:01.000Z</time></trkpt>
			<trkpt lat="55.640198" lon="37.470569"><time>1970-01-01T00:00:01.000Z</time></trkpt>
			<trkpt lat="55.640369" lon="37.470291"><time>1970-01-01T00:00:01.000Z</time></trkpt>
			<trkpt lat="55.641378" lon="37.469325"><time>1970-01-01T00:00:01.000Z</time></trkpt>
			<trkpt lat="55.641657" lon="37.469947"><time>1970-01-01T00:00:01.000Z</time></trkpt>
			<trkpt lat="55.641871" lon="37.470891"><time>1970-01-01T00:00:01.000Z</time></trkpt>
			<trkpt lat="55.642022" lon="37.471363"><time>1970-01-01T00:00:01.000Z</time></trkpt>
			<trkpt lat="55.642215" lon="37.471578"><time>1970-01-01T00:00:01.000Z</time></trkpt>
			<trkpt lat="55.642279" lon="37.471814"><time>1970-01-01T00:00:01.000Z</time></trkpt>
			<trkpt lat="55.642537" lon="37.471685"><time>1970-01-01T00:00:01.000Z</time></trkpt>
			<trkpt lat="55.642880" lon="37.470205"><time>1970-01-01T00:00:01.000Z</time></trkpt>
			<trkpt lat="55.643223" lon="37.469797"><time>1970-01-01T00:00:01.000Z</time></trkpt>
			<trkpt lat="55.644060" lon="37.471750"><time>1970-01-01T00:00:01.000Z</time></trkpt>
			<trkpt lat="55.644232" lon="37.472265"><time>1970-01-01T00:00:01.000Z</time></trkpt>
			<trkpt lat="55.644468" lon="37.472629"><time>1970-01-01T00:00:01.000Z</time></trkpt>
			<trkpt lat="55.645305" lon="37.471428"><time>1970-01-01T00:00:01.000Z</time></trkpt>
			<trkpt lat="55.645755" lon="37.472372"><time>1970-01-01T00:00:01.000Z</time></trkpt>
			<trkpt lat="55.645240" lon="37.470934"><time>1970-01-01T00:00:01.000Z</time></trkpt>
			<trkpt lat="55.645820" lon="37.469926"><time>1970-01-01T00:00:01.000Z</time></trkpt>
			<trkpt lat="55.645841" lon="37.469582"><time>1970-01-01T00:00:01.000Z</time></trkpt>
			<trkpt lat="55.646056" lon="37.469110"><time>1970-01-01T00:00:01.000Z</time></trkpt>
			<trkpt lat="55.646034" lon="37.468552"><time>1970-01-01T00:00:01.000Z</time></trkpt>
			<trkpt lat="55.645584" lon="37.468166"><time>1970-01-01T00:00:01.000Z</time></trkpt>
			<trkpt lat="55.645691" lon="37.467737"><time>1970-01-01T00:00:01.000Z</time></trkpt>
			<trkpt lat="55.646013" lon="37.467952"><time>1970-01-01T00:00:01.000Z</time></trkpt>
			<trkpt lat="55.646013" lon="37.467801"><time>1970-01-01T00:00:01.000Z</time></trkpt>
			<trkpt lat="55.645412" lon="37.465463"><time>1970-01-01T00:00:01.000Z</time></trkpt>
			<trkpt lat="55.645240" lon="37.463724"><time>1970-01-01T00:00:01.000Z</time></trkpt>
			<trkpt lat="55.645090" lon="37.463188"><time>1970-01-01T00:00:01.000Z</time></trkpt>
			<trkpt lat="55.645176" lon="37.460806"><time>1970-01-01T00:00:01.000Z</time></trkpt>
			<trkpt lat="55.645476" lon="37.459476"><time>1970-01-01T00:00:01.000Z</time></trkpt>
			<trkpt lat="55.646764" lon="37.455764"><time>1970-01-01T00:00:01.000Z</time></trkpt>
			<trkpt lat="55.648952" lon="37.457158"><time>1970-01-01T00:00:01.000Z</time></trkpt>
			<trkpt lat="55.650455" lon="37.458789"><time>1970-01-01T00:00:01.000Z</time></trkpt>
			<trkpt lat="55.650669" lon="37.458575"><time>1970-01-01T00:00:01.000Z</time></trkpt>
			<trkpt lat="55.651012" lon="37.457759"><time>1970-01-01T00:00:01.000Z</time></trkpt>
			<trkpt lat="55.651206" lon="37.457652"><time>1970-01-01T00:00:01.000Z</time></trkpt>
			<trkpt lat="55.652879" lon="37.458060"><time>1970-01-01T00:00:01.000Z</time></trkpt>
			<trkpt lat="55.653952" lon="37.458188"><time>1970-01-01T00:00:01.000Z</time></trkpt>
			<trkpt lat="55.654059" lon="37.458832"><time>1970-01-01T00:00:01.000Z</time></trkpt>
			<trkpt lat="55.654295" lon="37.459304"><time>1970-01-01T00:00:01.000Z</time></trkpt>
			<trkpt lat="55.654188" lon="37.459690"><time>1970-01-01T00:00:01.000Z</time></trkpt>
			<trkpt lat="55.653974" lon="37.459669"><time>1970-01-01T00:00:01.000Z</time></trkpt>
			<trkpt lat="55.654510" lon="37.460227"><time>1970-01-01T00:00:01.000Z</time></trkpt>
			<trkpt lat="55.655647" lon="37.460377"><time>1970-01-01T00:00:01.000Z</time></trkpt>
			<trkpt lat="55.656334" lon="37.460291"><time>1970-01-01T00:00:01.000Z</time></trkpt>
			<trkpt lat="55.656806" lon="37.460635"><time>1970-01-01T00:00:01.000Z</time></trkpt>
			<trkpt lat="55.657192" lon="37.461579"><time>1970-01-01T00:00:01.000Z</time></trkpt>
			<trkpt lat="55.657943" lon="37.462694"><time>1970-01-01T00:00:01.000Z</time></trkpt>
			<trkpt lat="55.658158" lon="37.463295"><time>1970-01-01T00:00:01.000Z</time></trkpt>
			<trkpt lat="55.658372" lon="37.463231"><time>1970-01-01T00:00:01.000Z</time></trkpt>
			<trkpt lat="55.658608" lon="37.463059"><time>1970-01-01T00:00:01.000Z</time></trkpt>
			<trkpt lat="55.658887" lon="37.463531"><time>1970-01-01T00:00:01.000Z</time></trkpt>
			<trkpt lat="55.659789" lon="37.462437"><time>1970-01-01T00:00:01.000Z</time></trkpt>
			<trkpt lat="55.659767" lon="37.462094"><time>1970-01-01T00:00:01.000Z</time></trkpt>
			<trkpt lat="55.659617" lon="37.461536"><time>1970-01-01T00:00:01.000Z</time></trkpt>
			<trkpt lat="55.660282" lon="37.460699"><time>1970-01-01T00:00:01.000Z</time></trkpt>
			<trkpt lat="55.660904" lon="37.460420"><time>1970-01-01T00:00:01.000Z</time></trkpt>
			<trkpt lat="55.661441" lon="37.460441"><time>1970-01-01T00:00:01.000Z</time></trkpt>
			<trkpt lat="55.661655" lon="37.460205"><time>1970-01-01T00:00:01.000Z</time></trkpt>
			<trkpt lat="55.661784" lon="37.459712"><time>1970-01-01T00:00:01.000Z</time></trkpt>
			<trkpt lat="55.662642" lon="37.459197"><time>1970-01-01T00:00:01.000Z</time></trkpt>
			<trkpt lat="55.662857" lon="37.460077"><time>1970-01-01T00:00:01.000Z</time></trkpt>
			<trkpt lat="55.662986" lon="37.459562"><time>1970-01-01T00:00:01.000Z</time></trkpt>
			<trkpt lat="55.663329" lon="37.459819"><time>1970-01-01T00:00:01.000Z</time></trkpt>
			<trkpt lat="55.663651" lon="37.459969"><time>1970-01-01T00:00:01.000Z</time></trkpt>
			<trkpt lat="55.663801" lon="37.460313"><time>1970-01-01T00:00:01.000Z</time></trkpt>
			<trkpt lat="55.664102" lon="37.460377"><time>1970-01-01T00:00:01.000Z</time></trkpt>
			<trkpt lat="55.664638" lon="37.459819"><time>1970-01-01T00:00:01.000Z</time></trkpt>
			<trkpt lat="55.665496" lon="37.459562"><time>1970-01-01T00:00:01.000Z</time></trkpt>
			<trkpt lat="55.665754" lon="37.459798"><time>1970-01-01T00:00:01.000Z</time></trkpt>
			<trkpt lat="55.665947" lon="37.459648"><time>1970-01-01T00:00:01.000Z</time></trkpt>
			<trkpt lat="55.666312" lon="37.459948"><time>1970-01-01T00:00:01.000Z</time></trkpt>
			<trkpt lat="55.666870" lon="37.460162"><time>1970-01-01T00:00:01.000Z</time></trkpt>
			<trkpt lat="55.666870" lon="37.460441"><time>1970-01-01T00:00:01.000Z</time></trkpt>
			<trkpt lat="55.667320" lon="37.460506"><time>1970-01-01T00:00:01.000Z</time></trkpt>
			<trkpt lat="55.667878" lon="37.460034"><time>1970-01-01T00:00:01.000Z</time></trkpt>
			<trkpt lat="55.667964" lon="37.459755"><time>1970-01-01T00:00:01.000Z</time></trkpt>
			<trkpt lat="55.668200" lon="37.459690"><time>1970-01-01T00:00:01.000Z</time></trkpt>
			<trkpt lat="55.668372" lon="37.459884"><time>1970-01-01T00:00:01.000Z</time></trkpt>
			<trkpt lat="55.668608" lon="37.459862"><time>1970-01-01T00:00:01.000Z</time></trkpt>
			<trkpt lat="55.669101" lon="37.459433"><time>1970-01-01T00:00:01.000Z</time></trkpt>
			<trkpt lat="55.669702" lon="37.458660"><time>1970-01-01T00:00:01.000Z</time></trkpt>
			<trkpt lat="55.670002" lon="37.457931"><time>1970-01-01T00:00:01.000Z</time></trkpt>
			<trkpt lat="55.670324" lon="37.457952"><time>1970-01-01T00:00:01.000Z</time></trkpt>
			<trkpt lat="55.670324" lon="37.457480"><time>1970-01-01T00:00:01.000Z</time></trkpt>
			<trkpt lat="55.670131" lon="37.456965"><time>1970-01-01T00:00:01.000Z</time></trkpt>
			<trkpt lat="55.670110" lon="37.456257"><time>1970-01-01T00:00:01.000Z</time></trkpt>
			<trkpt lat="55.670217" lon="37.455699"><time>1970-01-01T00:00:01.000Z</time></trkpt>
			<trkpt lat="55.670539" lon="37.455034"><time>1970-01-01T00:00:01.000Z</time></trkpt>
			<trkpt lat="55.670818" lon="37.455077"><time>1970-01-01T00:00:01.000Z</time></trkpt>
			<trkpt lat="55.671397" lon="37.455034"><time>1970-01-01T00:00:01.000Z</time></trkpt>
			<trkpt lat="55.671655" lon="37.455120"><time>1970-01-01T00:00:01.000Z</time></trkpt>
			<trkpt lat="55.671934" lon="37.455764"><time>1970-01-01T00:00:01.000Z</time></trkpt>
			<trkpt lat="55.672255" lon="37.455892"><time>1970-01-01T00:00:01.000Z</time></trkpt>
			<trkpt lat="55.673221" lon="37.458103"><time>1970-01-01T00:00:01.000Z</time></trkpt>
			<trkpt lat="55.673650" lon="37.457459"><time>1970-01-01T00:00:01.000Z</time></trkpt>
			<trkpt lat="55.673414" lon="37.456965"><time>1970-01-01T00:00:01.000Z</time></trkpt>
			<trkpt lat="55.673436" lon="37.456772"><time>1970-01-01T00:00:01.000Z</time></trkpt>
			<trkpt lat="55.673371" lon="37.456193"><time>1970-01-01T00:00:01.000Z</time></trkpt>
			<trkpt lat="55.673457" lon="37.455849"><time>1970-01-01T00:00:01.000Z</time></trkpt>
			<trkpt lat="55.673672" lon="37.455785"><time>1970-01-01T00:00:01.000Z</time></trkpt>
			<trkpt lat="55.674616" lon="37.456214"><time>1970-01-01T00:00:01.000Z</time></trkpt>
			<trkpt lat="55.675109" lon="37.456922"><time>1970-01-01T00:00:01.000Z</time></trkpt>
			<trkpt lat="55.675324" lon="37.457394"><time>1970-01-01T00:00:01.000Z</time></trkpt>
			<trkpt lat="55.675667" lon="37.457867"><time>1970-01-01T00:00:01.000Z</time></trkpt>
			<trkpt lat="55.676075" lon="37.458939"><time>1970-01-01T00:00:01.000Z</time></trkpt>
			<trkpt lat="55.676204" lon="37.459025"><time>1970-01-01T00:00:01.000Z</time></trkpt>
			<trkpt lat="55.676976" lon="37.459776"><time>1970-01-01T00:00:01.000Z</time></trkpt>
			<trkpt lat="55.677470" lon="37.459540"><time>1970-01-01T00:00:01.000Z</time></trkpt>
			<trkpt lat="55.678307" lon="37.459369"><time>1970-01-01T00:00:01.000Z</time></trkpt>
			<trkpt lat="55.678478" lon="37.458961"><time>1970-01-01T00:00:01.000Z</time></trkpt>
			<trkpt lat="55.678586" lon="37.458939"><time>1970-01-01T00:00:01.000Z</time></trkpt>
			<trkpt lat="55.678650" lon="37.459090"><time>1970-01-01T00:00:01.000Z</time></trkpt>
			<trkpt lat="55.678950" lon="37.459454"><time>1970-01-01T00:00:01.000Z</time></trkpt>
			<trkpt lat="55.679015" lon="37.459776"><time>1970-01-01T00:00:01.000Z</time></trkpt>
			<trkpt lat="55.679229" lon="37.460055"><time>1970-01-01T00:00:01.000Z</time></trkpt>
			<trkpt lat="55.679337" lon="37.460012"><time>1970-01-01T00:00:01.000Z</time></trkpt>
			<trkpt lat="55.679573" lon="37.460549"><time>1970-01-01T00:00:01.000Z</time></trkpt>
			<trkpt lat="55.679658" lon="37.460613"><time>1970-01-01T00:00:01.000Z</time></trkpt>
			<trkpt lat="55.679980" lon="37.460377"><time>1970-01-01T00:00:01.000Z</time></trkpt>
			<trkpt lat="55.680152" lon="37.460549"><time>1970-01-01T00:00:01.000Z</time></trkpt>
			<trkpt lat="55.680216" lon="37.460785"><time>1970-01-01T00:00:01.000Z</time></trkpt>
			<trkpt lat="55.680495" lon="37.460978"><time>1970-01-01T00:00:01.000Z</time></trkpt>
			<trkpt lat="55.680581" lon="37.460656"><time>1970-01-01T00:00:01.000Z</time></trkpt>
			<trkpt lat="55.681010" lon="37.460978"><time>1970-01-01T00:00:01.000Z</time></trkpt>
			<trkpt lat="55.681289" lon="37.460956"><time>1970-01-01T00:00:01.000Z</time></trkpt>
			<trkpt lat="55.681890" lon="37.462630"><time>1970-01-01T00:00:01.000Z</time></trkpt>
			<trkpt lat="55.682598" lon="37.462931"><time>1970-01-01T00:00:01.000Z</time></trkpt>
			<trkpt lat="55.681954" lon="37.463939"><time>1970-01-01T00:00:01.000Z</time></trkpt>
			<trkpt lat="55.681933" lon="37.464583"><time>1970-01-01T00:00:01.000Z</time></trkpt>
			<trkpt lat="55.681632" lon="37.464948"><time>1970-01-01T00:00:01.000Z</time></trkpt>
			<trkpt lat="55.680796" lon="37.466557"><time>1970-01-01T00:00:01.000Z</time></trkpt>
			<trkpt lat="55.680796" lon="37.467286"><time>1970-01-01T00:00:01.000Z</time></trkpt>
			<trkpt lat="55.680560" lon="37.467780"><time>1970-01-01T00:00:01.000Z</time></trkpt>
			<trkpt lat="55.680538" lon="37.468381"><time>1970-01-01T00:00:01.000Z</time></trkpt>
			<trkpt lat="55.680388" lon="37.468767"><time>1970-01-01T00:00:01.000Z</time></trkpt>
			<trkpt lat="55.679615" lon="37.467780"><time>1970-01-01T00:00:01.000Z</time></trkpt>
			<trkpt lat="55.678500" lon="37.469797"><time>1970-01-01T00:00:01.000Z</time></trkpt>
			<trkpt lat="55.678071" lon="37.470248"><time>1970-01-01T00:00:01.000Z</time></trkpt>
			<trkpt lat="55.678907" lon="37.472007"><time>1970-01-01T00:00:01.000Z</time></trkpt>
			<trkpt lat="55.679272" lon="37.472200"><time>1970-01-01T00:00:01.000Z</time></trkpt>
			<trkpt lat="55.679637" lon="37.472758"><time>1970-01-01T00:00:01.000Z</time></trkpt>
			<trkpt lat="55.680066" lon="37.472844"><time>1970-01-01T00:00:01.000Z</time></trkpt>
			<trkpt lat="55.680324" lon="37.473059"><time>1970-01-01T00:00:01.000Z</time></trkpt>
			<trkpt lat="55.680667" lon="37.473531"><time>1970-01-01T00:00:01.000Z</time></trkpt>
			<trkpt lat="55.680581" lon="37.474282"><time>1970-01-01T00:00:01.000Z</time></trkpt>
			<trkpt lat="55.680431" lon="37.474518"><time>1970-01-01T00:00:01.000Z</time></trkpt>
			<trkpt lat="55.679980" lon="37.474260"><time>1970-01-01T00:00:01.000Z</time></trkpt>
			<trkpt lat="55.679594" lon="37.474260"><time>1970-01-01T00:00:01.000Z</time></trkpt>
			<trkpt lat="55.679015" lon="37.474089"><time>1970-01-01T00:00:01.000Z</time></trkpt>
			<trkpt lat="55.678822" lon="37.474325"><time>1970-01-01T00:00:01.000Z</time></trkpt>
			<trkpt lat="55.678779" lon="37.474518"><time>1970-01-01T00:00:01.000Z</time></trkpt>
			<trkpt lat="55.678779" lon="37.475698"><time>1970-01-01T00:00:01.000Z</time></trkpt>
			<trkpt lat="55.678564" lon="37.476299"><time>1970-01-01T00:00:01.000Z</time></trkpt>
			<trkpt lat="55.678135" lon="37.475998"><time>1970-01-01T00:00:01.000Z</time></trkpt>
			<trkpt lat="55.677792" lon="37.477007"><time>1970-01-01T00:00:01.000Z</time></trkpt>
			<trkpt lat="55.677448" lon="37.477586"><time>1970-01-01T00:00:01.000Z</time></trkpt>
			<trkpt lat="55.676719" lon="37.478123"><time>1970-01-01T00:00:01.000Z</time></trkpt>
			<trkpt lat="55.676697" lon="37.478294"><time>1970-01-01T00:00:01.000Z</time></trkpt>
			<trkpt lat="55.677298" lon="37.479668"><time>1970-01-01T00:00:01.000Z</time></trkpt>
			<trkpt lat="55.677427" lon="37.479796"><time>1970-01-01T00:00:01.000Z</time></trkpt>
			<trkpt lat="55.678564" lon="37.479968"><time>1970-01-01T00:00:01.000Z</time></trkpt>
			<trkpt lat="55.679272" lon="37.479989"><time>1970-01-01T00:00:01.000Z</time></trkpt>
			<trkpt lat="55.679272" lon="37.480633"><time>1970-01-01T00:00:01.000Z</time></trkpt>
			<trkpt lat="55.679186" lon="37.480783"><time>1970-01-01T00:00:01.000Z</time></trkpt>
			<trkpt lat="55.679208" lon="37.481749"><time>1970-01-01T00:00:01.000Z</time></trkpt>
			<trkpt lat="55.679573" lon="37.482135"><time>1970-01-01T00:00:01.000Z</time></trkpt>
			<trkpt lat="55.679680" lon="37.482629"><time>1970-01-01T00:00:01.000Z</time></trkpt>
			<trkpt lat="55.678929" lon="37.483122"><time>1970-01-01T00:00:01.000Z</time></trkpt>
			<trkpt lat="55.679379" lon="37.485418"><time>1970-01-01T00:00:01.000Z</time></trkpt>
			<trkpt lat="55.679852" lon="37.486341"><time>1970-01-01T00:00:01.000Z</time></trkpt>
			<trkpt lat="55.680667" lon="37.487779"><time>1970-01-01T00:00:01.000Z</time></trkpt>
			<trkpt lat="55.681418" lon="37.487864"><time>1970-01-01T00:00:01.000Z</time></trkpt>
			<trkpt lat="55.682147" lon="37.489967"><time>1970-01-01T00:00:01.000Z</time></trkpt>
			<trkpt lat="55.682083" lon="37.490139"><time>1970-01-01T00:00:01.000Z</time></trkpt>
			<trkpt lat="55.682062" lon="37.491040"><time>1970-01-01T00:00:01.000Z</time></trkpt>
			<trkpt lat="55.682276" lon="37.491555"><time>1970-01-01T00:00:01.000Z</time></trkpt>
			<trkpt lat="55.682641" lon="37.492156"><time>1970-01-01T00:00:01.000Z</time></trkpt>
			<trkpt lat="55.683027" lon="37.492006"><time>1970-01-01T00:00:01.000Z</time></trkpt>
			<trkpt lat="55.683113" lon="37.492714"><time>1970-01-01T00:00:01.000Z</time></trkpt>
			<trkpt lat="55.683092" lon="37.492885"><time>1970-01-01T00:00:01.000Z</time></trkpt>
			<trkpt lat="55.683692" lon="37.494130"><time>1970-01-01T00:00:01.000Z</time></trkpt>
			<trkpt lat="55.683413" lon="37.495203"><time>1970-01-01T00:00:01.000Z</time></trkpt>
			<trkpt lat="55.683478" lon="37.496404"><time>1970-01-01T00:00:01.000Z</time></trkpt>
			<trkpt lat="55.683735" lon="37.497971"><time>1970-01-01T00:00:01.000Z</time></trkpt>
			<trkpt lat="55.683027" lon="37.500589"><time>1970-01-01T00:00:01.000Z</time></trkpt>
			<trkpt lat="55.682834" lon="37.502134"><time>1970-01-01T00:00:01.000Z</time></trkpt>
			<trkpt lat="55.682233" lon="37.501168"><time>1970-01-01T00:00:01.000Z</time></trkpt>
			<trkpt lat="55.681718" lon="37.502348"><time>1970-01-01T00:00:01.000Z</time></trkpt>
			<trkpt lat="55.681482" lon="37.502992"><time>1970-01-01T00:00:01.000Z</time></trkpt>
			<trkpt lat="55.681010" lon="37.503056"><time>1970-01-01T00:00:01.000Z</time></trkpt>
			<trkpt lat="55.680881" lon="37.503657"><time>1970-01-01T00:00:01.000Z</time></trkpt>
			<trkpt lat="55.681139" lon="37.503829"><time>1970-01-01T00:00:01.000Z</time></trkpt>
			<trkpt lat="55.681525" lon="37.503764"><time>1970-01-01T00:00:01.000Z</time></trkpt>
			<trkpt lat="55.683886" lon="37.504837"><time>1970-01-01T00:00:01.000Z</time></trkpt>
			<trkpt lat="55.684851" lon="37.503228"><time>1970-01-01T00:00:01.000Z</time></trkpt>
			<trkpt lat="55.686117" lon="37.504001"><time>1970-01-01T00:00:01.000Z</time></trkpt>
			<trkpt lat="55.686782" lon="37.504065"><time>1970-01-01T00:00:01.000Z</time></trkpt>
			<trkpt lat="55.687426" lon="37.504365"><time>1970-01-01T00:00:01.000Z</time></trkpt>
			<trkpt lat="55.687576" lon="37.504666"><time>1970-01-01T00:00:01.000Z</time></trkpt>
			<trkpt lat="55.687684" lon="37.504601"><time>1970-01-01T00:00:01.000Z</time></trkpt>
			<trkpt lat="55.687834" lon="37.504258"><time>1970-01-01T00:00:01.000Z</time></trkpt>
			<trkpt lat="55.688027" lon="37.504129"><time>1970-01-01T00:00:01.000Z</time></trkpt>
			<trkpt lat="55.688370" lon="37.503657"><time>1970-01-01T00:00:01.000Z</time></trkpt>
			<trkpt lat="55.688563" lon="37.504086"><time>1970-01-01T00:00:01.000Z</time></trkpt>
			<trkpt lat="55.688799" lon="37.504194"><time>1970-01-01T00:00:01.000Z</time></trkpt>
			<trkpt lat="55.690258" lon="37.502134"><time>1970-01-01T00:00:01.000Z</time></trkpt>
			<trkpt lat="55.690473" lon="37.502434"><time>1970-01-01T00:00:01.000Z</time></trkpt>
			<trkpt lat="55.690709" lon="37.503121"><time>1970-01-01T00:00:01.000Z</time></trkpt>
			<trkpt lat="55.690988" lon="37.504365"><time>1970-01-01T00:00:01.000Z</time></trkpt>
			<trkpt lat="55.691138" lon="37.504837"><time>1970-01-01T00:00:01.000Z</time></trkpt>
			<trkpt lat="55.691632" lon="37.505352"><time>1970-01-01T00:00:01.000Z</time></trkpt>
			<trkpt lat="55.691846" lon="37.505953"><time>1970-01-01T00:00:01.000Z</time></trkpt>
			<trkpt lat="55.692147" lon="37.505030"><time>1970-01-01T00:00:01.000Z</time></trkpt>
			<trkpt lat="55.692276" lon="37.504816"><time>1970-01-01T00:00:01.000Z</time></trkpt>
			<trkpt lat="55.694164" lon="37.508356"><time>1970-01-01T00:00:01.000Z</time></trkpt>
			<trkpt lat="55.697146" lon="37.514107"><time>1970-01-01T00:00:01.000Z</time></trkpt>
			<trkpt lat="55.697254" lon="37.514257"><time>1970-01-01T00:00:01.000Z</time></trkpt>
			<trkpt lat="55.697511" lon="37.514279"><time>1970-01-01T00:00:01.000Z</time></trkpt>
			<trkpt lat="55.697812" lon="37.514214"><time>1970-01-01T00:00:01.000Z</time></trkpt>
			<trkpt lat="55.698520" lon="37.514257"><time>1970-01-01T00:00:01.000Z</time></trkpt>
			<trkpt lat="55.698949" lon="37.514150"><time>1970-01-01T00:00:01.000Z</time></trkpt>
			<trkpt lat="55.699163" lon="37.514214"><time>1970-01-01T00:00:01.000Z</time></trkpt>
			<trkpt lat="55.699507" lon="37.514429"><time>1970-01-01T00:00:01.000Z</time></trkpt>
			<trkpt lat="55.699743" lon="37.514493"><time>1970-01-01T00:00:01.000Z</time></trkpt>
			<trkpt lat="55.699979" lon="37.514407"><time>1970-01-01T00:00:01.000Z</time></trkpt>
			<trkpt lat="55.700408" lon="37.514536"><time>1970-01-01T00:00:01.000Z</time></trkpt>
			<trkpt lat="55.701052" lon="37.514322"><time>1970-01-01T00:00:01.000Z</time></trkpt>
			<trkpt lat="55.702382" lon="37.516703"><time>1970-01-01T00:00:01.000Z</time></trkpt>
			<trkpt lat="55.702554" lon="37.516832"><time>1970-01-01T00:00:01.000Z</time></trkpt>
			<trkpt lat="55.702790" lon="37.517369"><time>1970-01-01T00:00:01.000Z</time></trkpt>
			<trkpt lat="55.702897" lon="37.517884"><time>1970-01-01T00:00:01.000Z</time></trkpt>
			<trkpt lat="55.702983" lon="37.518077"><time>1970-01-01T00:00:01.000Z</time></trkpt>
			<trkpt lat="55.701116" lon="37.521403"><time>1970-01-01T00:00:01.000Z</time></trkpt>
			<trkpt lat="55.705751" lon="37.529557"><time>1970-01-01T00:00:01.000Z</time></trkpt>
			<trkpt lat="55.705622" lon="37.529750"><time>1970-01-01T00:00:01.000Z</time></trkpt>
			<trkpt lat="55.705794" lon="37.530050"><time>1970-01-01T00:00:01.000Z</time></trkpt>
			<trkpt lat="55.705000" lon="37.531423"><time>1970-01-01T00:00:01.000Z</time></trkpt>
			<trkpt lat="55.705408" lon="37.532239"><time>1970-01-01T00:00:01.000Z</time></trkpt>
			<trkpt lat="55.704742" lon="37.533440"><time>1970-01-01T00:00:01.000Z</time></trkpt>
			<trkpt lat="55.706008" lon="37.535844"><time>1970-01-01T00:00:01.000Z</time></trkpt>
			<trkpt lat="55.706266" lon="37.535329"><time>1970-01-01T00:00:01.000Z</time></trkpt>
			<trkpt lat="55.706910" lon="37.536402"><time>1970-01-01T00:00:01.000Z</time></trkpt>
			<trkpt lat="55.707038" lon="37.536101"><time>1970-01-01T00:00:01.000Z</time></trkpt>
			<trkpt lat="55.709463" lon="37.540457"><time>1970-01-01T00:00:01.000Z</time></trkpt>
			<trkpt lat="55.709334" lon="37.540715"><time>1970-01-01T00:00:01.000Z</time></trkpt>
			<trkpt lat="55.709721" lon="37.541315"><time>1970-01-01T00:00:01.000Z</time></trkpt>
			<trkpt lat="55.709914" lon="37.541294"><time>1970-01-01T00:00:01.000Z</time></trkpt>
			<trkpt lat="55.710085" lon="37.541101"><time>1970-01-01T00:00:01.000Z</time></trkpt>
			<trkpt lat="55.710128" lon="37.541230"><time>1970-01-01T00:00:01.000Z</time></trkpt>
			<trkpt lat="55.709678" lon="37.542732"><time>1970-01-01T00:00:01.000Z</time></trkpt>
			<trkpt lat="55.711566" lon="37.540994"><time>1970-01-01T00:00:01.000Z</time></trkpt>
			<trkpt lat="55.713004" lon="37.539019"><time>1970-01-01T00:00:01.000Z</time></trkpt>
			<trkpt lat="55.713669" lon="37.538762"><time>1970-01-01T00:00:01.000Z</time></trkpt>
			<trkpt lat="55.714720" lon="37.537968"><time>1970-01-01T00:00:01.000Z</time></trkpt>
			<trkpt lat="55.715471" lon="37.537732"><time>1970-01-01T00:00:01.000Z</time></trkpt>
			<trkpt lat="55.715922" lon="37.537968"><time>1970-01-01T00:00:01.000Z</time></trkpt>
			<trkpt lat="55.716866" lon="37.537861"><time>1970-01-01T00:00:01.000Z</time></trkpt>
			<trkpt lat="55.717510" lon="37.537839"><time>1970-01-01T00:00:01.000Z</time></trkpt>
			<trkpt lat="55.718389" lon="37.538740"><time>1970-01-01T00:00:01.000Z</time></trkpt>
			<trkpt lat="55.718454" lon="37.539234"><time>1970-01-01T00:00:01.000Z</time></trkpt>
			<trkpt lat="55.718819" lon="37.539513"><time>1970-01-01T00:00:01.000Z</time></trkpt>
			<trkpt lat="55.719913" lon="37.539341"><time>1970-01-01T00:00:01.000Z</time></trkpt>
			<trkpt lat="55.722574" lon="37.539599"><time>1970-01-01T00:00:01.000Z</time></trkpt>
			<trkpt lat="55.724441" lon="37.540500"><time>1970-01-01T00:00:01.000Z</time></trkpt>
			<trkpt lat="55.725964" lon="37.541723"><time>1970-01-01T00:00:01.000Z</time></trkpt>
			<trkpt lat="55.726994" lon="37.542839"><time>1970-01-01T00:00:01.000Z</time></trkpt>
			<trkpt lat="55.727209" lon="37.543182"><time>1970-01-01T00:00:01.000Z</time></trkpt>
			<trkpt lat="55.727895" lon="37.542817"><time>1970-01-01T00:00:01.000Z</time></trkpt>
			<trkpt lat="55.727874" lon="37.541680"><time>1970-01-01T00:00:01.000Z</time></trkpt>
			<trkpt lat="55.727702" lon="37.541466"><time>1970-01-01T00:00:01.000Z</time></trkpt>
			<trkpt lat="55.727488" lon="37.541294"><time>1970-01-01T00:00:01.000Z</time></trkpt>
			<trkpt lat="55.727595" lon="37.541058"><time>1970-01-01T00:00:01.000Z</time></trkpt>
			<trkpt lat="55.727766" lon="37.540994"><time>1970-01-01T00:00:01.000Z</time></trkpt>
			<trkpt lat="55.727831" lon="37.540521"><time>1970-01-01T00:00:01.000Z</time></trkpt>
			<trkpt lat="55.727573" lon="37.539170"><time>1970-01-01T00:00:01.000Z</time></trkpt>
			<trkpt lat="55.727209" lon="37.537925"><time>1970-01-01T00:00:01.000Z</time></trkpt>
			<trkpt lat="55.727123" lon="37.537882"><time>1970-01-01T00:00:01.000Z</time></trkpt>
			<trkpt lat="55.726479" lon="37.536208"><time>1970-01-01T00:00:01.000Z</time></trkpt>
			<trkpt lat="55.726779" lon="37.535693"><time>1970-01-01T00:00:01.000Z</time></trkpt>
			<trkpt lat="55.726930" lon="37.535908"><time>1970-01-01T00:00:01.000Z</time></trkpt>
			<trkpt lat="55.727702" lon="37.534942"><time>1970-01-01T00:00:01.000Z</time></trkpt>
			<trkpt lat="55.727938" lon="37.534492"><time>1970-01-01T00:00:01.000Z</time></trkpt>
			<trkpt lat="55.727917" lon="37.533741"><time>1970-01-01T00:00:01.000Z</time></trkpt>
			<trkpt lat="55.728024" lon="37.533741"><time>1970-01-01T00:00:01.000Z</time></trkpt>
			<trkpt lat="55.728131" lon="37.534599"><time>1970-01-01T00:00:01.000Z</time></trkpt>
			<trkpt lat="55.728861" lon="37.534921"><time>1970-01-01T00:00:01.000Z</time></trkpt>
			<trkpt lat="55.729011" lon="37.535179"><time>1970-01-01T00:00:01.000Z</time></trkpt>
			<trkpt lat="55.729290" lon="37.535157"><time>1970-01-01T00:00:01.000Z</time></trkpt>
			<trkpt lat="55.729440" lon="37.535050"><time>1970-01-01T00:00:01.000Z</time></trkpt>
			<trkpt lat="55.729569" lon="37.534256"><time>1970-01-01T00:00:01.000Z</time></trkpt>
			<trkpt lat="55.729590" lon="37.533805"><time>1970-01-01T00:00:01.000Z</time></trkpt>
			<trkpt lat="55.729376" lon="37.533140"><time>1970-01-01T00:00:01.000Z</time></trkpt>
			<trkpt lat="55.729161" lon="37.530973"><time>1970-01-01T00:00:01.000Z</time></trkpt>
			<trkpt lat="55.729247" lon="37.530393"><time>1970-01-01T00:00:01.000Z</time></trkpt>
			<trkpt lat="55.729590" lon="37.530522"><time>1970-01-01T00:00:01.000Z</time></trkpt>
			<trkpt lat="55.730020" lon="37.530243"><time>1970-01-01T00:00:01.000Z</time></trkpt>
			<trkpt lat="55.730513" lon="37.530286"><time>1970-01-01T00:00:01.000Z</time></trkpt>
			<trkpt lat="55.730792" lon="37.530243"><time>1970-01-01T00:00:01.000Z</time></trkpt>
			<trkpt lat="55.730942" lon="37.530093"><time>1970-01-01T00:00:01.000Z</time></trkpt>
			<trkpt lat="55.731135" lon="37.529385"><time>1970-01-01T00:00:01.000Z</time></trkpt>
			<trkpt lat="55.731200" lon="37.528462"><time>1970-01-01T00:00:01.000Z</time></trkpt>
			<trkpt lat="55.730878" lon="37.527025"><time>1970-01-01T00:00:01.000Z</time></trkpt>
			<trkpt lat="55.730427" lon="37.525587"><time>1970-01-01T00:00:01.000Z</time></trkpt>
			<trkpt lat="55.730256" lon="37.525329"><time>1970-01-01T00:00:01.000Z</time></trkpt>
			<trkpt lat="55.730234" lon="37.525029"><time>1970-01-01T00:00:01.000Z</time></trkpt>
			<trkpt lat="55.728990" lon="37.520072"><time>1970-01-01T00:00:01.000Z</time></trkpt>
			<trkpt lat="55.728389" lon="37.518978"><time>1970-01-01T00:00:01.000Z</time></trkpt>
			<trkpt lat="55.728067" lon="37.518484"><time>1970-01-01T00:00:01.000Z</time></trkpt>
			<trkpt lat="55.727724" lon="37.518334"><time>1970-01-01T00:00:01.000Z</time></trkpt>
			<trkpt lat="55.726715" lon="37.518656"><time>1970-01-01T00:00:01.000Z</time></trkpt>
			<trkpt lat="55.726157" lon="37.518678"><time>1970-01-01T00:00:01.000Z</time></trkpt>
			<trkpt lat="55.725749" lon="37.518742"><time>1970-01-01T00:00:01.000Z</time></trkpt>
			<trkpt lat="55.725170" lon="37.518892"><time>1970-01-01T00:00:01.000Z</time></trkpt>
			<trkpt lat="55.725020" lon="37.518720"><time>1970-01-01T00:00:01.000Z</time></trkpt>
			<trkpt lat="55.723968" lon="37.517090"><time>1970-01-01T00:00:01.000Z</time></trkpt>
			<trkpt lat="55.723840" lon="37.516296"><time>1970-01-01T00:00:01.000Z</time></trkpt>
			<trkpt lat="55.723775" lon="37.516188"><time>1970-01-01T00:00:01.000Z</time></trkpt>
			<trkpt lat="55.723561" lon="37.516253"><time>1970-01-01T00:00:01.000Z</time></trkpt>
			<trkpt lat="55.723411" lon="37.516167"><time>1970-01-01T00:00:01.000Z</time></trkpt>
			<trkpt lat="55.723947" lon="37.514000"><time>1970-01-01T00:00:01.000Z</time></trkpt>
			<trkpt lat="55.723947" lon="37.513571"><time>1970-01-01T00:00:01.000Z</time></trkpt>
			<trkpt lat="55.723861" lon="37.512927"><time>1970-01-01T00:00:01.000Z</time></trkpt>
			<trkpt lat="55.723518" lon="37.512004"><time>1970-01-01T00:00:01.000Z</time></trkpt>
			<trkpt lat="55.723110" lon="37.511189"><time>1970-01-01T00:00:01.000Z</time></trkpt>
			<trkpt lat="55.722874" lon="37.509987"><time>1970-01-01T00:00:01.000Z</time></trkpt>
			<trkpt lat="55.722939" lon="37.509301"><time>1970-01-01T00:00:01.000Z</time></trkpt>
			<trkpt lat="55.722810" lon="37.508421"><time>1970-01-01T00:00:01.000Z</time></trkpt>
			<trkpt lat="55.722424" lon="37.506575"><time>1970-01-01T00:00:01.000Z</time></trkpt>
			<trkpt lat="55.722080" lon="37.506425"><time>1970-01-01T00:00:01.000Z</time></trkpt>
			<trkpt lat="55.721565" lon="37.506940"><time>1970-01-01T00:00:01.000Z</time></trkpt>
			<trkpt lat="55.720793" lon="37.506618"><time>1970-01-01T00:00:01.000Z</time></trkpt>
			<trkpt lat="55.720128" lon="37.507477"><time>1970-01-01T00:00:01.000Z</time></trkpt>
			<trkpt lat="55.720299" lon="37.506103"><time>1970-01-01T00:00:01.000Z</time></trkpt>
			<trkpt lat="55.720192" lon="37.505352"><time>1970-01-01T00:00:01.000Z</time></trkpt>
			<trkpt lat="55.719698" lon="37.504794"><time>1970-01-01T00:00:01.000Z</time></trkpt>
			<trkpt lat="55.718797" lon="37.504408"><time>1970-01-01T00:00:01.000Z</time></trkpt>
			<trkpt lat="55.718261" lon="37.504537"><time>1970-01-01T00:00:01.000Z</time></trkpt>
			<trkpt lat="55.718389" lon="37.503893"><time>1970-01-01T00:00:01.000Z</time></trkpt>
			<trkpt lat="55.719205" lon="37.502069"><time>1970-01-01T00:00:01.000Z</time></trkpt>
			<trkpt lat="55.720170" lon="37.501061"><time>1970-01-01T00:00:01.000Z</time></trkpt>
			<trkpt lat="55.721222" lon="37.500245"><time>1970-01-01T00:00:01.000Z</time></trkpt>
			<trkpt lat="55.722359" lon="37.499173"><time>1970-01-01T00:00:01.000Z</time></trkpt>
			<trkpt lat="55.723518" lon="37.498228"><time>1970-01-01T00:00:01.000Z</time></trkpt>
			<trkpt lat="55.723647" lon="37.498357"><time>1970-01-01T00:00:01.000Z</time></trkpt>
			<trkpt lat="55.724848" lon="37.497477"><time>1970-01-01T00:00:01.000Z</time></trkpt>
			<trkpt lat="55.725685" lon="37.496362"><time>1970-01-01T00:00:01.000Z</time></trkpt>
			<trkpt lat="55.726307" lon="37.497027"><time>1970-01-01T00:00:01.000Z</time></trkpt>
			<trkpt lat="55.727423" lon="37.496018"><time>1970-01-01T00:00:01.000Z</time></trkpt>
			<trkpt lat="55.729955" lon="37.502670"><time>1970-01-01T00:00:01.000Z</time></trkpt>
			<trkpt lat="55.728646" lon="37.504172"><time>1970-01-01T00:00:01.000Z</time></trkpt>
			<trkpt lat="55.730062" lon="37.505481"><time>1970-01-01T00:00:01.000Z</time></trkpt>
			<trkpt lat="55.730363" lon="37.506940"><time>1970-01-01T00:00:01.000Z</time></trkpt>
			<trkpt lat="55.730513" lon="37.507884"><time>1970-01-01T00:00:01.000Z</time></trkpt>
			<trkpt lat="55.730878" lon="37.508936"><time>1970-01-01T00:00:01.000Z</time></trkpt>
			<trkpt lat="55.731629" lon="37.509515"><time>1970-01-01T00:00:01.000Z</time></trkpt>
			<trkpt lat="55.732530" lon="37.509258"><time>1970-01-01T00:00:01.000Z</time></trkpt>
			<trkpt lat="55.733024" lon="37.507756"><time>1970-01-01T00:00:01.000Z</time></trkpt>
			<trkpt lat="55.733045" lon="37.506339"><time>1970-01-01T00:00:01.000Z</time></trkpt>
			<trkpt lat="55.734440" lon="37.505524"><time>1970-01-01T00:00:01.000Z</time></trkpt>
			<trkpt lat="55.734461" lon="37.505181"><time>1970-01-01T00:00:01.000Z</time></trkpt>
			<trkpt lat="55.734697" lon="37.504859"><time>1970-01-01T00:00:01.000Z</time></trkpt>
			<trkpt lat="55.734569" lon="37.504065"><time>1970-01-01T00:00:01.000Z</time></trkpt>
			<trkpt lat="55.735298" lon="37.503421"><time>1970-01-01T00:00:01.000Z</time></trkpt>
			<trkpt lat="55.735191" lon="37.502863"><time>1970-01-01T00:00:01.000Z</time></trkpt>
			<trkpt lat="55.735877" lon="37.501962"><time>1970-01-01T00:00:01.000Z</time></trkpt>
			<trkpt lat="55.734569" lon="37.497113"><time>1970-01-01T00:00:01.000Z</time></trkpt>
			<trkpt lat="55.734697" lon="37.496984"><time>1970-01-01T00:00:01.000Z</time></trkpt>
			<trkpt lat="55.734912" lon="37.497177"><time>1970-01-01T00:00:01.000Z</time></trkpt>
			<trkpt lat="55.735470" lon="37.496662"><time>1970-01-01T00:00:01.000Z</time></trkpt>
			<trkpt lat="55.734890" lon="37.494709"><time>1970-01-01T00:00:01.000Z</time></trkpt>
			<trkpt lat="55.735062" lon="37.494581"><time>1970-01-01T00:00:01.000Z</time></trkpt>
			<trkpt lat="55.734976" lon="37.494130"><time>1970-01-01T00:00:01.000Z</time></trkpt>
			<trkpt lat="55.740319" lon="37.489474"><time>1970-01-01T00:00:01.000Z</time></trkpt>
			<trkpt lat="55.741456" lon="37.488401"><time>1970-01-01T00:00:01.000Z</time></trkpt>
			<trkpt lat="55.741414" lon="37.488165"><time>1970-01-01T00:00:01.000Z</time></trkpt>
			<trkpt lat="55.744418" lon="37.485096"><time>1970-01-01T00:00:01.000Z</time></trkpt>
			<trkpt lat="55.744525" lon="37.485440"><time>1970-01-01T00:00:01.000Z</time></trkpt>
			<trkpt lat="55.744632" lon="37.485354"><time>1970-01-01T00:00:01.000Z</time></trkpt>
			<trkpt lat="55.744890" lon="37.485311"><time>1970-01-01T00:00:01.000Z</time></trkpt>
			<trkpt lat="55.746649" lon="37.487221"><time>1970-01-01T00:00:01.000Z</time></trkpt>
			<trkpt lat="55.747057" lon="37.488208"><time>1970-01-01T00:00:01.000Z</time></trkpt>
			<trkpt lat="55.747379" lon="37.488594"><time>1970-01-01T00:00:01.000Z</time></trkpt>
			<trkpt lat="55.747937" lon="37.487564"><time>1970-01-01T00:00:01.000Z</time></trkpt>
			<trkpt lat="55.748645" lon="37.486448"><time>1970-01-01T00:00:01.000Z</time></trkpt>
			<trkpt lat="55.748623" lon="37.486062"><time>1970-01-01T00:00:01.000Z</time></trkpt>
			<trkpt lat="55.748709" lon="37.485633"><time>1970-01-01T00:00:01.000Z</time></trkpt>
			<trkpt lat="55.749053" lon="37.485568"><time>1970-01-01T00:00:01.000Z</time></trkpt>
			<trkpt lat="55.750040" lon="37.484281"><time>1970-01-01T00:00:01.000Z</time></trkpt>
			<trkpt lat="55.750555" lon="37.484152"><time>1970-01-01T00:00:01.000Z</time></trkpt>
			<trkpt lat="55.750447" lon="37.478273"><time>1970-01-01T00:00:01.000Z</time></trkpt>
			<trkpt lat="55.750061" lon="37.478144"><time>1970-01-01T00:00:01.000Z</time></trkpt>
			<trkpt lat="55.749374" lon="37.478123"><time>1970-01-01T00:00:01.000Z</time></trkpt>
			<trkpt lat="55.748452" lon="37.477350"><time>1970-01-01T00:00:01.000Z</time></trkpt>
			<trkpt lat="55.748194" lon="37.477307"><time>1970-01-01T00:00:01.000Z</time></trkpt>
			<trkpt lat="55.746778" lon="37.476256"><time>1970-01-01T00:00:01.000Z</time></trkpt>
			<trkpt lat="55.746006" lon="37.475419"><time>1970-01-01T00:00:01.000Z</time></trkpt>
			<trkpt lat="55.745855" lon="37.474904"><time>1970-01-01T00:00:01.000Z</time></trkpt>
			<trkpt lat="55.745812" lon="37.474389"><time>1970-01-01T00:00:01.000Z</time></trkpt>
			<trkpt lat="55.745834" lon="37.474131"><time>1970-01-01T00:00:01.000Z</time></trkpt>
			<trkpt lat="55.745426" lon="37.473788"><time>1970-01-01T00:00:01.000Z</time></trkpt>
			<trkpt lat="55.744697" lon="37.472973"><time>1970-01-01T00:00:01.000Z</time></trkpt>
			<trkpt lat="55.743495" lon="37.469625"><time>1970-01-01T00:00:01.000Z</time></trkpt>
			<trkpt lat="55.742680" lon="37.467801"><time>1970-01-01T00:00:01.000Z</time></trkpt>
			<trkpt lat="55.742250" lon="37.466042"><time>1970-01-01T00:00:01.000Z</time></trkpt>
			<trkpt lat="55.741564" lon="37.465634"><time>1970-01-01T00:00:01.000Z</time></trkpt>
			<trkpt lat="55.740770" lon="37.463059"><time>1970-01-01T00:00:01.000Z</time></trkpt>
			<trkpt lat="55.740448" lon="37.462566"><time>1970-01-01T00:00:01.000Z</time></trkpt>
			<trkpt lat="55.739954" lon="37.460892"><time>1970-01-01T00:00:01.000Z</time></trkpt>
			<trkpt lat="55.739826" lon="37.460270"><time>1970-01-01T00:00:01.000Z</time></trkpt>
			<trkpt lat="55.739697" lon="37.457566"><time>1970-01-01T00:00:01.000Z</time></trkpt>
			<trkpt lat="55.739504" lon="37.457223"><time>1970-01-01T00:00:01.000Z</time></trkpt>
			<trkpt lat="55.739590" lon="37.456922"><time>1970-01-01T00:00:01.000Z</time></trkpt>
			<trkpt lat="55.739633" lon="37.456558"><time>1970-01-01T00:00:01.000Z</time></trkpt>
			<trkpt lat="55.740062" lon="37.455292"><time>1970-01-01T00:00:01.000Z</time></trkpt>
			<trkpt lat="55.740019" lon="37.452009"><time>1970-01-01T00:00:01.000Z</time></trkpt>
			<trkpt lat="55.740169" lon="37.450335"><time>1970-01-01T00:00:01.000Z</time></trkpt>
			<trkpt lat="55.741006" lon="37.447674"><time>1970-01-01T00:00:01.000Z</time></trkpt>
			<trkpt lat="55.741070" lon="37.446494"><time>1970-01-01T00:00:01.000Z</time></trkpt>
			<trkpt lat="55.741435" lon="37.445400"><time>1970-01-01T00:00:01.000Z</time></trkpt>
			<trkpt lat="55.741349" lon="37.445056"><time>1970-01-01T00:00:01.000Z</time></trkpt>
			<trkpt lat="55.741456" lon="37.444692"><time>1970-01-01T00:00:01.000Z</time></trkpt>
			<trkpt lat="55.741821" lon="37.444177"><time>1970-01-01T00:00:01.000Z</time></trkpt>
			<trkpt lat="55.743280" lon="37.441280"><time>1970-01-01T00:00:01.000Z</time></trkpt>
			<trkpt lat="55.744825" lon="37.438791"><time>1970-01-01T00:00:01.000Z</time></trkpt>
			<trkpt lat="55.744847" lon="37.438469"><time>1970-01-01T00:00:01.000Z</time></trkpt>
			<trkpt lat="55.744954" lon="37.438319"><time>1970-01-01T00:00:01.000Z</time></trkpt>
			<trkpt lat="55.745040" lon="37.438319"><time>1970-01-01T00:00:01.000Z</time></trkpt>
			<trkpt lat="55.746027" lon="37.436688"><time>1970-01-01T00:00:01.000Z</time></trkpt>
			<trkpt lat="55.746799" lon="37.435486"><time>1970-01-01T00:00:01.000Z</time></trkpt>
			<trkpt lat="55.747572" lon="37.434928"><time>1970-01-01T00:00:01.000Z</time></trkpt>
			<trkpt lat="55.749117" lon="37.435465"><time>1970-01-01T00:00:01.000Z</time></trkpt>
			<trkpt lat="55.749632" lon="37.435829"><time>1970-01-01T00:00:01.000Z</time></trkpt>
			<trkpt lat="55.750597" lon="37.437610"><time>1970-01-01T00:00:01.000Z</time></trkpt>
			<trkpt lat="55.751327" lon="37.439241"><time>1970-01-01T00:00:01.000Z</time></trkpt>
			<trkpt lat="55.751756" lon="37.440700"><time>1970-01-01T00:00:01.000Z</time></trkpt>
			<trkpt lat="55.752443" lon="37.443554"><time>1970-01-01T00:00:01.000Z</time></trkpt>
			<trkpt lat="55.752700" lon="37.444327"><time>1970-01-01T00:00:01.000Z</time></trkpt>
			<trkpt lat="55.753151" lon="37.445400"><time>1970-01-01T00:00:01.000Z</time></trkpt>
			<trkpt lat="55.753838" lon="37.448447"><time>1970-01-01T00:00:01.000Z</time></trkpt>
			<trkpt lat="55.754739" lon="37.452953"><time>1970-01-01T00:00:01.000Z</time></trkpt>
			<trkpt lat="55.755983" lon="37.455914"><time>1970-01-01T00:00:01.000Z</time></trkpt>
			<trkpt lat="55.757335" lon="37.458167"><time>1970-01-01T00:00:01.000Z</time></trkpt>
			<trkpt lat="55.758837" lon="37.460077"><time>1970-01-01T00:00:01.000Z</time></trkpt>
			<trkpt lat="55.760747" lon="37.462072"><time>1970-01-01T00:00:01.000Z</time></trkpt>
			<trkpt lat="55.761133" lon="37.461965"><time>1970-01-01T00:00:01.000Z</time></trkpt>
			<trkpt lat="55.761219" lon="37.461300"><time>1970-01-01T00:00:01.000Z</time></trkpt>
			<trkpt lat="55.761198" lon="37.460871"><time>1970-01-01T00:00:01.000Z</time></trkpt>
			<trkpt lat="55.761283" lon="37.460420"><time>1970-01-01T00:00:01.000Z</time></trkpt>
			<trkpt lat="55.761434" lon="37.460162"><time>1970-01-01T00:00:01.000Z</time></trkpt>
			<trkpt lat="55.762013" lon="37.459926"><time>1970-01-01T00:00:01.000Z</time></trkpt>
			<trkpt lat="55.762549" lon="37.459562"><time>1970-01-01T00:00:01.000Z</time></trkpt>
			<trkpt lat="55.763322" lon="37.459347"><time>1970-01-01T00:00:01.000Z</time></trkpt>
			<trkpt lat="55.764159" lon="37.459175"><time>1970-01-01T00:00:01.000Z</time></trkpt>
			<trkpt lat="55.764545" lon="37.458918"><time>1970-01-01T00:00:01.000Z</time></trkpt>
			<trkpt lat="55.765854" lon="37.457287"><time>1970-01-01T00:00:01.000Z</time></trkpt>
			<trkpt lat="55.767227" lon="37.455120"><time>1970-01-01T00:00:01.000Z</time></trkpt>
			<trkpt lat="55.768386" lon="37.454133"><time>1970-01-01T00:00:01.000Z</time></trkpt>
			<trkpt lat="55.769738" lon="37.453253"><time>1970-01-01T00:00:01.000Z</time></trkpt>
			<trkpt lat="55.770703" lon="37.452459"><time>1970-01-01T00:00:01.000Z</time></trkpt>
			<trkpt lat="55.771519" lon="37.451386"><time>1970-01-01T00:00:01.000Z</time></trkpt>
			<trkpt lat="55.772871" lon="37.450077"><time>1970-01-01T00:00:01.000Z</time></trkpt>
			<trkpt lat="55.773214" lon="37.449584"><time>1970-01-01T00:00:01.000Z</time></trkpt>
			<trkpt lat="55.774051" lon="37.446601"><time>1970-01-01T00:00:01.000Z</time></trkpt>
			<trkpt lat="55.774458" lon="37.442117"><time>1970-01-01T00:00:01.000Z</time></trkpt>
			<trkpt lat="55.773772" lon="37.441280"><time>1970-01-01T00:00:01.000Z</time></trkpt>
			<trkpt lat="55.773600" lon="37.440529"><time>1970-01-01T00:00:01.000Z</time></trkpt>
			<trkpt lat="55.773622" lon="37.439713"><time>1970-01-01T00:00:01.000Z</time></trkpt>
			<trkpt lat="55.773750" lon="37.438919"><time>1970-01-01T00:00:01.000Z</time></trkpt>
			<trkpt lat="55.773622" lon="37.438319"><time>1970-01-01T00:00:01.000Z</time></trkpt>
			<trkpt lat="55.773922" lon="37.437954"><time>1970-01-01T00:00:01.000Z</time></trkpt>
			<trkpt lat="55.773514" lon="37.436623"><time>1970-01-01T00:00:01.000Z</time></trkpt>
			<trkpt lat="55.773214" lon="37.434993"><time>1970-01-01T00:00:01.000Z</time></trkpt>
			<trkpt lat="55.773107" lon="37.433941"><time>1970-01-01T00:00:01.000Z</time></trkpt>
			<trkpt lat="55.773085" lon="37.430765"><time>1970-01-01T00:00:01.000Z</time></trkpt>
			<trkpt lat="55.773192" lon="37.430165"><time>1970-01-01T00:00:01.000Z</time></trkpt>
			<trkpt lat="55.773450" lon="37.427525"><time>1970-01-01T00:00:01.000Z</time></trkpt>
			<trkpt lat="55.773493" lon="37.425423"><time>1970-01-01T00:00:01.000Z</time></trkpt>
			<trkpt lat="55.773343" lon="37.424779"><time>1970-01-01T00:00:01.000Z</time></trkpt>
			<trkpt lat="55.773149" lon="37.424285"><time>1970-01-01T00:00:01.000Z</time></trkpt>
			<trkpt lat="55.773085" lon="37.423770"><time>1970-01-01T00:00:01.000Z</time></trkpt>
			<trkpt lat="55.773214" lon="37.423234"><time>1970-01-01T00:00:01.000Z</time></trkpt>
			<trkpt lat="55.773278" lon="37.422719"><time>1970-01-01T00:00:01.000Z</time></trkpt>
			<trkpt lat="55.773493" lon="37.422225"><time>1970-01-01T00:00:01.000Z</time></trkpt>
			<trkpt lat="55.773557" lon="37.420487"><time>1970-01-01T00:00:01.000Z</time></trkpt>
			<trkpt lat="55.773450" lon="37.419522"><time>1970-01-01T00:00:01.000Z</time></trkpt>
			<trkpt lat="55.773536" lon="37.419157"><time>1970-01-01T00:00:01.000Z</time></trkpt>
			<trkpt lat="55.773879" lon="37.418234"><time>1970-01-01T00:00:01.000Z</time></trkpt>
			<trkpt lat="55.773858" lon="37.417204"><time>1970-01-01T00:00:01.000Z</time></trkpt>
			<trkpt lat="55.774072" lon="37.415595"><time>1970-01-01T00:00:01.000Z</time></trkpt>
			<trkpt lat="55.773815" lon="37.415380"><time>1970-01-01T00:00:01.000Z</time></trkpt>
			<trkpt lat="55.773514" lon="37.415016"><time>1970-01-01T00:00:01.000Z</time></trkpt>
			<trkpt lat="55.773300" lon="37.414436"><time>1970-01-01T00:00:01.000Z</time></trkpt>
			<trkpt lat="55.773364" lon="37.413256"><time>1970-01-01T00:00:01.000Z</time></trkpt>
			<trkpt lat="55.773343" lon="37.412526"><time>1970-01-01T00:00:01.000Z</time></trkpt>
			<trkpt lat="55.773107" lon="37.411647"><time>1970-01-01T00:00:01.000Z</time></trkpt>
			<trkpt lat="55.772570" lon="37.411196"><time>1970-01-01T00:00:01.000Z</time></trkpt>
			<trkpt lat="55.772398" lon="37.410574"><time>1970-01-01T00:00:01.000Z</time></trkpt>
			<trkpt lat="55.772356" lon="37.409501"><time>1970-01-01T00:00:01.000Z</time></trkpt>
			<trkpt lat="55.772205" lon="37.408492"><time>1970-01-01T00:00:01.000Z</time></trkpt>
			<trkpt lat="55.771862" lon="37.407892"><time>1970-01-01T00:00:01.000Z</time></trkpt>
			<trkpt lat="55.771733" lon="37.404995"><time>1970-01-01T00:00:01.000Z</time></trkpt>
			<trkpt lat="55.771690" lon="37.404651"><time>1970-01-01T00:00:01.000Z</time></trkpt>
			<trkpt lat="55.771476" lon="37.404673"><time>1970-01-01T00:00:01.000Z</time></trkpt>
			<trkpt lat="55.771347" lon="37.401798"><time>1970-01-01T00:00:01.000Z</time></trkpt>
			<trkpt lat="55.771175" lon="37.399888"><time>1970-01-01T00:00:01.000Z</time></trkpt>
			<trkpt lat="55.770854" lon="37.400038"><time>1970-01-01T00:00:01.000Z</time></trkpt>
			<trkpt lat="55.770725" lon="37.399995"><time>1970-01-01T00:00:01.000Z</time></trkpt>
			<trkpt lat="55.770532" lon="37.399266"><time>1970-01-01T00:00:01.000Z</time></trkpt>
			<trkpt lat="55.770360" lon="37.399137"><time>1970-01-01T00:00:01.000Z</time></trkpt>
			<trkpt lat="55.769609" lon="37.399630"><time>1970-01-01T00:00:01.000Z</time></trkpt>
			<trkpt lat="55.769373" lon="37.399330"><time>1970-01-01T00:00:01.000Z</time></trkpt>
			<trkpt lat="55.769094" lon="37.399309"><time>1970-01-01T00:00:01.000Z</time></trkpt>
			<trkpt lat="55.769051" lon="37.399223"><time>1970-01-01T00:00:01.000Z</time></trkpt>
			<trkpt lat="55.768794" lon="37.399351"><time>1970-01-01T00:00:01.000Z</time></trkpt>
			<trkpt lat="55.768665" lon="37.399266"><time>1970-01-01T00:00:01.000Z</time></trkpt>
			<trkpt lat="55.768600" lon="37.399373"><time>1970-01-01T00:00:01.000Z</time></trkpt>
			<trkpt lat="55.768643" lon="37.399738"><time>1970-01-01T00:00:01.000Z</time></trkpt>
			<trkpt lat="55.768643" lon="37.400210"><time>1970-01-01T00:00:01.000Z</time></trkpt>
			<trkpt lat="55.767463" lon="37.400918"><time>1970-01-01T00:00:01.000Z</time></trkpt>
			<trkpt lat="55.767313" lon="37.400596"><time>1970-01-01T00:00:01.000Z</time></trkpt>
			<trkpt lat="55.767292" lon="37.400210"><time>1970-01-01T00:00:01.000Z</time></trkpt>
			<trkpt lat="55.767141" lon="37.400017"><time>1970-01-01T00:00:01.000Z</time></trkpt>
			<trkpt lat="55.766948" lon="37.399587"><time>1970-01-01T00:00:01.000Z</time></trkpt>
			<trkpt lat="55.767141" lon="37.396498"><time>1970-01-01T00:00:01.000Z</time></trkpt>
			<trkpt lat="55.767528" lon="37.394910"><time>1970-01-01T00:00:01.000Z</time></trkpt>
			<trkpt lat="55.767914" lon="37.394202"><time>1970-01-01T00:00:01.000Z</time></trkpt>
			<trkpt lat="55.767978" lon="37.393901"><time>1970-01-01T00:00:01.000Z</time></trkpt>
			<trkpt lat="55.768085" lon="37.393730"><time>1970-01-01T00:00:01.000Z</time></trkpt>
			<trkpt lat="55.768300" lon="37.393172"><time>1970-01-01T00:00:01.000Z</time></trkpt>
			<trkpt lat="55.768901" lon="37.392034"><time>1970-01-01T00:00:01.000Z</time></trkpt>
			<trkpt lat="55.768965" lon="37.391713"><time>1970-01-01T00:00:01.000Z</time></trkpt>
			<trkpt lat="55.769094" lon="37.391455"><time>1970-01-01T00:00:01.000Z</time></trkpt>
			<trkpt lat="55.769244" lon="37.391305"><time>1970-01-01T00:00:01.000Z</time></trkpt>
			<trkpt lat="55.770660" lon="37.391219"><time>1970-01-01T00:00:01.000Z</time></trkpt>
			<trkpt lat="55.770789" lon="37.391090"><time>1970-01-01T00:00:01.000Z</time></trkpt>
			<trkpt lat="55.771197" lon="37.390275"><time>1970-01-01T00:00:01.000Z</time></trkpt>
			<trkpt lat="55.771883" lon="37.389867"><time>1970-01-01T00:00:01.000Z</time></trkpt>
			<trkpt lat="55.772570" lon="37.389009"><time>1970-01-01T00:00:01.000Z</time></trkpt>
			<trkpt lat="55.773514" lon="37.387485"><time>1970-01-01T00:00:01.000Z</time></trkpt>
			<trkpt lat="55.773793" lon="37.387206"><time>1970-01-01T00:00:01.000Z</time></trkpt>
			<trkpt lat="55.774394" lon="37.387249"><time>1970-01-01T00:00:01.000Z</time></trkpt>
			<trkpt lat="55.776711" lon="37.387206"><time>1970-01-01T00:00:01.000Z</time></trkpt>
			<trkpt lat="55.776969" lon="37.387335"><time>1970-01-01T00:00:01.000Z</time></trkpt>
			<trkpt lat="55.777269" lon="37.391004"><time>1970-01-01T00:00:01.000Z</time></trkpt>
			<trkpt lat="55.778857" lon="37.392957"><time>1970-01-01T00:00:01.000Z</time></trkpt>
			<trkpt lat="55.778943" lon="37.392721"><time>1970-01-01T00:00:01.000Z</time></trkpt>
			<trkpt lat="55.779887" lon="37.393815"><time>1970-01-01T00:00:01.000Z</time></trkpt>
			<trkpt lat="55.780102" lon="37.394759"><time>1970-01-01T00:00:01.000Z</time></trkpt>
			<trkpt lat="55.780745" lon="37.395339"><time>1970-01-01T00:00:01.000Z</time></trkpt>
			<trkpt lat="55.783320" lon="37.397270"><time>1970-01-01T00:00:01.000Z</time></trkpt>
			<trkpt lat="55.784672" lon="37.399158"><time>1970-01-01T00:00:01.000Z</time></trkpt>
			<trkpt lat="55.784801" lon="37.399480"><time>1970-01-01T00:00:01.000Z</time></trkpt>
			<trkpt lat="55.784179" lon="37.401132"><time>1970-01-01T00:00:01.000Z</time></trkpt>
			<trkpt lat="55.783900" lon="37.402570"><time>1970-01-01T00:00:01.000Z</time></trkpt>
			<trkpt lat="55.784286" lon="37.403922"><time>1970-01-01T00:00:01.000Z</time></trkpt>
			<trkpt lat="55.787054" lon="37.406432"><time>1970-01-01T00:00:01.000Z</time></trkpt>
			<trkpt lat="55.788685" lon="37.407591"><time>1970-01-01T00:00:01.000Z</time></trkpt>
			<trkpt lat="55.791410" lon="37.408643"><time>1970-01-01T00:00:01.000Z</time></trkpt>
			<trkpt lat="55.792032" lon="37.409158"><time>1970-01-01T00:00:01.000Z</time></trkpt>
			<trkpt lat="55.792547" lon="37.409243"><time>1970-01-01T00:00:01.000Z</time></trkpt>
			<trkpt lat="55.792719" lon="37.409587"><time>1970-01-01T00:00:01.000Z</time></trkpt>
			<trkpt lat="55.793491" lon="37.410209"><time>1970-01-01T00:00:01.000Z</time></trkpt>
			<trkpt lat="55.793749" lon="37.410745"><time>1970-01-01T00:00:01.000Z</time></trkpt>
			<trkpt lat="55.793942" lon="37.411668"><time>1970-01-01T00:00:01.000Z</time></trkpt>
			<trkpt lat="55.793835" lon="37.412076"><time>1970-01-01T00:00:01.000Z</time></trkpt>
			<trkpt lat="55.793642" lon="37.412419"><time>1970-01-01T00:00:01.000Z</time></trkpt>
			<trkpt lat="55.793341" lon="37.412805"><time>1970-01-01T00:00:01.000Z</time></trkpt>
			<trkpt lat="55.793363" lon="37.414157"><time>1970-01-01T00:00:01.000Z</time></trkpt>
			<trkpt lat="55.793234" lon="37.415874"><time>1970-01-01T00:00:01.000Z</time></trkpt>
			<trkpt lat="55.793019" lon="37.416475"><time>1970-01-01T00:00:01.000Z</time></trkpt>
			<trkpt lat="55.792569" lon="37.418170"><time>1970-01-01T00:00:01.000Z</time></trkpt>
			<trkpt lat="55.792891" lon="37.417955"><time>1970-01-01T00:00:01.000Z</time></trkpt>
			<trkpt lat="55.793234" lon="37.418191"><time>1970-01-01T00:00:01.000Z</time></trkpt>
			<trkpt lat="55.793749" lon="37.417762"><time>1970-01-01T00:00:01.000Z</time></trkpt>
			<trkpt lat="55.793963" lon="37.417848"><time>1970-01-01T00:00:01.000Z</time></trkpt>
			<trkpt lat="55.793985" lon="37.418170"><time>1970-01-01T00:00:01.000Z</time></trkpt>
			<trkpt lat="55.793835" lon="37.419951"><time>1970-01-01T00:00:01.000Z</time></trkpt>
			<trkpt lat="55.793556" lon="37.420573"><time>1970-01-01T00:00:01.000Z</time></trkpt>
			<trkpt lat="55.793491" lon="37.421303"><time>1970-01-01T00:00:01.000Z</time></trkpt>
			<trkpt lat="55.792848" lon="37.422869"><time>1970-01-01T00:00:01.000Z</time></trkpt>
			<trkpt lat="55.792697" lon="37.423813"><time>1970-01-01T00:00:01.000Z</time></trkpt>
			<trkpt lat="55.792740" lon="37.424671"><time>1970-01-01T00:00:01.000Z</time></trkpt>
			<trkpt lat="55.792955" lon="37.424736"><time>1970-01-01T00:00:01.000Z</time></trkpt>
			<trkpt lat="55.792891" lon="37.423963"><time>1970-01-01T00:00:01.000Z</time></trkpt>
			<trkpt lat="55.797032" lon="37.412827"><time>1970-01-01T00:00:01.000Z</time></trkpt>
			<trkpt lat="55.797568" lon="37.413020"><time>1970-01-01T00:00:01.000Z</time></trkpt>
			<trkpt lat="55.799993" lon="37.416024"><time>1970-01-01T00:00:01.000Z</time></trkpt>
			<trkpt lat="55.800615" lon="37.417097"><time>1970-01-01T00:00:01.000Z</time></trkpt>
			<trkpt lat="55.801602" lon="37.418256"><time>1970-01-01T00:00:01.000Z</time></trkpt>
			<trkpt lat="55.801817" lon="37.418856"><time>1970-01-01T00:00:01.000Z</time></trkpt>
			<trkpt lat="55.802954" lon="37.423534"><time>1970-01-01T00:00:01.000Z</time></trkpt>
			<trkpt lat="55.803190" lon="37.425616"><time>1970-01-01T00:00:01.000Z</time></trkpt>
			<trkpt lat="55.803426" lon="37.426324"><time>1970-01-01T00:00:01.000Z</time></trkpt>
			<trkpt lat="55.803576" lon="37.428899"><time>1970-01-01T00:00:01.000Z</time></trkpt>
			<trkpt lat="55.803984" lon="37.431474"><time>1970-01-01T00:00:01.000Z</time></trkpt>
			<trkpt lat="55.803963" lon="37.432375"><time>1970-01-01T00:00:01.000Z</time></trkpt>
			<trkpt lat="55.804285" lon="37.433555"><time>1970-01-01T00:00:01.000Z</time></trkpt>
			<trkpt lat="55.804606" lon="37.435744"><time>1970-01-01T00:00:01.000Z</time></trkpt>
			<trkpt lat="55.804606" lon="37.437332"><time>1970-01-01T00:00:01.000Z</time></trkpt>
			<trkpt lat="55.804285" lon="37.438791"><time>1970-01-01T00:00:01.000Z</time></trkpt>
			<trkpt lat="55.804242" lon="37.439349"><time>1970-01-01T00:00:01.000Z</time></trkpt>
			<trkpt lat="55.804242" lon="37.440014"><time>1970-01-01T00:00:01.000Z</time></trkpt>
			<trkpt lat="55.804306" lon="37.440464"><time>1970-01-01T00:00:01.000Z</time></trkpt>
			<trkpt lat="55.804413" lon="37.440679"><time>1970-01-01T00:00:01.000Z</time></trkpt>
			<trkpt lat="55.804521" lon="37.443855"><time>1970-01-01T00:00:01.000Z</time></trkpt>
			<trkpt lat="55.804993" lon="37.443898"><time>1970-01-01T00:00:01.000Z</time></trkpt>
			<trkpt lat="55.805100" lon="37.443812"><time>1970-01-01T00:00:01.000Z</time></trkpt>
			<trkpt lat="55.805272" lon="37.449992"><time>1970-01-01T00:00:01.000Z</time></trkpt>
			<trkpt lat="55.805143" lon="37.449927"><time>1970-01-01T00:00:01.000Z</time></trkpt>
			<trkpt lat="55.805057" lon="37.449477"><time>1970-01-01T00:00:01.000Z</time></trkpt>
			<trkpt lat="55.805164" lon="37.449348"><time>1970-01-01T00:00:01.000Z</time></trkpt>
			<trkpt lat="55.805572" lon="37.449326"><time>1970-01-01T00:00:01.000Z</time></trkpt>
			<trkpt lat="55.805701" lon="37.449412"><time>1970-01-01T00:00:01.000Z</time></trkpt>
			<trkpt lat="55.805787" lon="37.449670"><time>1970-01-01T00:00:01.000Z</time></trkpt>
			<trkpt lat="55.805808" lon="37.451086"><time>1970-01-01T00:00:01.000Z</time></trkpt>
			<trkpt lat="55.806023" lon="37.451022"><time>1970-01-01T00:00:01.000Z</time></trkpt>
			<trkpt lat="55.806344" lon="37.451086"><time>1970-01-01T00:00:01.000Z</time></trkpt>
			<trkpt lat="55.806881" lon="37.451408"><time>1970-01-01T00:00:01.000Z</time></trkpt>
			<trkpt lat="55.808040" lon="37.451429"><time>1970-01-01T00:00:01.000Z</time></trkpt>
			<trkpt lat="55.808426" lon="37.451837"><time>1970-01-01T00:00:01.000Z</time></trkpt>
			<trkpt lat="55.808984" lon="37.451944"><time>1970-01-01T00:00:01.000Z</time></trkpt>
			<trkpt lat="55.809520" lon="37.452245"><time>1970-01-01T00:00:01.000Z</time></trkpt>
			<trkpt lat="55.809456" lon="37.449777"><time>1970-01-01T00:00:01.000Z</time></trkpt>
			<trkpt lat="55.809585" lon="37.447889"><time>1970-01-01T00:00:01.000Z</time></trkpt>
			<trkpt lat="55.811923" lon="37.448511"><time>1970-01-01T00:00:01.000Z</time></trkpt>
			<trkpt lat="55.812117" lon="37.449004"><time>1970-01-01T00:00:01.000Z</time></trkpt>
			<trkpt lat="55.812546" lon="37.449348"><time>1970-01-01T00:00:01.000Z</time></trkpt>
			<trkpt lat="55.812932" lon="37.449412"><time>1970-01-01T00:00:01.000Z</time></trkpt>
			<trkpt lat="55.813254" lon="37.449305"><time>1970-01-01T00:00:01.000Z</time></trkpt>
			<trkpt lat="55.813511" lon="37.449348"><time>1970-01-01T00:00:01.000Z</time></trkpt>
			<trkpt lat="55.813619" lon="37.449820"><time>1970-01-01T00:00:01.000Z</time></trkpt>
			<trkpt lat="55.813597" lon="37.450056"><time>1970-01-01T00:00:01.000Z</time></trkpt>
			<trkpt lat="55.813490" lon="37.450399"><time>1970-01-01T00:00:01.000Z</time></trkpt>
			<trkpt lat="55.814391" lon="37.451043"><time>1970-01-01T00:00:01.000Z</time></trkpt>
			<trkpt lat="55.814584" lon="37.451129"><time>1970-01-01T00:00:01.000Z</time></trkpt>
			<trkpt lat="55.814885" lon="37.451129"><time>1970-01-01T00:00:01.000Z</time></trkpt>
			<trkpt lat="55.816043" lon="37.451794"><time>1970-01-01T00:00:01.000Z</time></trkpt>
			<trkpt lat="55.817739" lon="37.452996"><time>1970-01-01T00:00:01.000Z</time></trkpt>
			<trkpt lat="55.817996" lon="37.453554"><time>1970-01-01T00:00:01.000Z</time></trkpt>
			<trkpt lat="55.818318" lon="37.453897"><time>1970-01-01T00:00:01.000Z</time></trkpt>
			<trkpt lat="55.818468" lon="37.453832"><time>1970-01-01T00:00:01.000Z</time></trkpt>
			<trkpt lat="55.818640" lon="37.453210"><time>1970-01-01T00:00:01.000Z</time></trkpt>
			<trkpt lat="55.819112" lon="37.453596"><time>1970-01-01T00:00:01.000Z</time></trkpt>
			<trkpt lat="55.825613" lon="37.458296"><time>1970-01-01T00:00:01.000Z</time></trkpt>
			<trkpt lat="55.826429" lon="37.458939"><time>1970-01-01T00:00:01.000Z</time></trkpt>
			<trkpt lat="55.826622" lon="37.459283"><time>1970-01-01T00:00:01.000Z</time></trkpt>
			<trkpt lat="55.827008" lon="37.459798"><time>1970-01-01T00:00:01.000Z</time></trkpt>
			<trkpt lat="55.826729" lon="37.460162"><time>1970-01-01T00:00:01.000Z</time></trkpt>
			<trkpt lat="55.825957" lon="37.461021"><time>1970-01-01T00:00:01.000Z</time></trkpt>
			<trkpt lat="55.825077" lon="37.461922"><time>1970-01-01T00:00:01.000Z</time></trkpt>
			<trkpt lat="55.824970" lon="37.462265"><time>1970-01-01T00:00:01.000Z</time></trkpt>
			<trkpt lat="55.824991" lon="37.462823"><time>1970-01-01T00:00:01.000Z</time></trkpt>
			<trkpt lat="55.825292" lon="37.465141"><time>1970-01-01T00:00:01.000Z</time></trkpt>
			<trkpt lat="55.825978" lon="37.465999"><time>1970-01-01T00:00:01.000Z</time></trkpt>
			<trkpt lat="55.826429" lon="37.467351"><time>1970-01-01T00:00:01.000Z</time></trkpt>
			<trkpt lat="55.827116" lon="37.468273"><time>1970-01-01T00:00:01.000Z</time></trkpt>
			<trkpt lat="55.826922" lon="37.468552"><time>1970-01-01T00:00:01.000Z</time></trkpt>
			<trkpt lat="55.826987" lon="37.469025"><time>1970-01-01T00:00:01.000Z</time></trkpt>
			<trkpt lat="55.826901" lon="37.469818"><time>1970-01-01T00:00:01.000Z</time></trkpt>
			<trkpt lat="55.826879" lon="37.470720"><time>1970-01-01T00:00:01.000Z</time></trkpt>
			<trkpt lat="55.827030" lon="37.471106"><time>1970-01-01T00:00:01.000Z</time></trkpt>
			<trkpt lat="55.826901" lon="37.471557"><time>1970-01-01T00:00:01.000Z</time></trkpt>
			<trkpt lat="55.826815" lon="37.471621"><time>1970-01-01T00:00:01.000Z</time></trkpt>
			<trkpt lat="55.826858" lon="37.472071"><time>1970-01-01T00:00:01.000Z</time></trkpt>
			<trkpt lat="55.826815" lon="37.472157"><time>1970-01-01T00:00:01.000Z</time></trkpt>
			<trkpt lat="55.826837" lon="37.472501"><time>1970-01-01T00:00:01.000Z</time></trkpt>
			<trkpt lat="55.826665" lon="37.472544"><time>1970-01-01T00:00:01.000Z</time></trkpt>
			<trkpt lat="55.826622" lon="37.472501"><time>1970-01-01T00:00:01.000Z</time></trkpt>
			<trkpt lat="55.824712" lon="37.473488"><time>1970-01-01T00:00:01.000Z</time></trkpt>
			<trkpt lat="55.823811" lon="37.473595"><time>1970-01-01T00:00:01.000Z</time></trkpt>
			<trkpt lat="55.821365" lon="37.473574"><time>1970-01-01T00:00:01.000Z</time></trkpt>
			<trkpt lat="55.820828" lon="37.473852"><time>1970-01-01T00:00:01.000Z</time></trkpt>
			<trkpt lat="55.819562" lon="37.474239"><time>1970-01-01T00:00:01.000Z</time></trkpt>
			<trkpt lat="55.818575" lon="37.473702"><time>1970-01-01T00:00:01.000Z</time></trkpt>
			<trkpt lat="55.818275" lon="37.473445"><time>1970-01-01T00:00:01.000Z</time></trkpt>
			<trkpt lat="55.817760" lon="37.473874"><time>1970-01-01T00:00:01.000Z</time></trkpt>
			<trkpt lat="55.815979" lon="37.474217"><time>1970-01-01T00:00:01.000Z</time></trkpt>
			<trkpt lat="55.815550" lon="37.473938"><time>1970-01-01T00:00:01.000Z</time></trkpt>
			<trkpt lat="55.815035" lon="37.474067"><time>1970-01-01T00:00:01.000Z</time></trkpt>
			<trkpt lat="55.815121" lon="37.475183"><time>1970-01-01T00:00:01.000Z</time></trkpt>
			<trkpt lat="55.814949" lon="37.476041"><time>1970-01-01T00:00:01.000Z</time></trkpt>
			<trkpt lat="55.815507" lon="37.476942"><time>1970-01-01T00:00:01.000Z</time></trkpt>
			<trkpt lat="55.815936" lon="37.477307"><time>1970-01-01T00:00:01.000Z</time></trkpt>
			<trkpt lat="55.816129" lon="37.477243"><time>1970-01-01T00:00:01.000Z</time></trkpt>
			<trkpt lat="55.816816" lon="37.478316"><time>1970-01-01T00:00:01.000Z</time></trkpt>
			<trkpt lat="55.817567" lon="37.478402"><time>1970-01-01T00:00:01.000Z</time></trkpt>
			<trkpt lat="55.817803" lon="37.479153"><time>1970-01-01T00:00:01.000Z</time></trkpt>
			<trkpt lat="55.818039" lon="37.480440"><time>1970-01-01T00:00:01.000Z</time></trkpt>
			<trkpt lat="55.818382" lon="37.480612"><time>1970-01-01T00:00:01.000Z</time></trkpt>
			<trkpt lat="55.818833" lon="37.481084"><time>1970-01-01T00:00:01.000Z</time></trkpt>
			<trkpt lat="55.819305" lon="37.482307"><time>1970-01-01T00:00:01.000Z</time></trkpt>
			<trkpt lat="55.819841" lon="37.481770"><time>1970-01-01T00:00:01.000Z</time></trkpt>
			<trkpt lat="55.820271" lon="37.481749"><time>1970-01-01T00:00:01.000Z</time></trkpt>
			<trkpt lat="55.820442" lon="37.482200"><time>1970-01-01T00:00:01.000Z</time></trkpt>
			<trkpt lat="55.820442" lon="37.482672"><time>1970-01-01T00:00:01.000Z</time></trkpt>
			<trkpt lat="55.820528" lon="37.483551"><time>1970-01-01T00:00:01.000Z</time></trkpt>
			<trkpt lat="55.820571" lon="37.484560"><time>1970-01-01T00:00:01.000Z</time></trkpt>
			<trkpt lat="55.820549" lon="37.484968"><time>1970-01-01T00:00:01.000Z</time></trkpt>
			<trkpt lat="55.820378" lon="37.485289"><time>1970-01-01T00:00:01.000Z</time></trkpt>
			<trkpt lat="55.820828" lon="37.485912"><time>1970-01-01T00:00:01.000Z</time></trkpt>
			<trkpt lat="55.821923" lon="37.487049"><time>1970-01-01T00:00:01.000Z</time></trkpt>
			<trkpt lat="55.823360" lon="37.487864"><time>1970-01-01T00:00:01.000Z</time></trkpt>
			<trkpt lat="55.824390" lon="37.487693"><time>1970-01-01T00:00:01.000Z</time></trkpt>
			<trkpt lat="55.824734" lon="37.487993"><time>1970-01-01T00:00:01.000Z</time></trkpt>
			<trkpt lat="55.825206" lon="37.485783"><time>1970-01-01T00:00:01.000Z</time></trkpt>
			<trkpt lat="55.825592" lon="37.484710"><time>1970-01-01T00:00:01.000Z</time></trkpt>
			<trkpt lat="55.825957" lon="37.483165"><time>1970-01-01T00:00:01.000Z</time></trkpt>
			<trkpt lat="55.826579" lon="37.482843"><time>1970-01-01T00:00:01.000Z</time></trkpt>
			<trkpt lat="55.826944" lon="37.482822"><time>1970-01-01T00:00:01.000Z</time></trkpt>
			<trkpt lat="55.827416" lon="37.482586"><time>1970-01-01T00:00:01.000Z</time></trkpt>
			<trkpt lat="55.829004" lon="37.482500"><time>1970-01-01T00:00:01.000Z</time></trkpt>
			<trkpt lat="55.830291" lon="37.483787"><time>1970-01-01T00:00:01.000Z</time></trkpt>
			<trkpt lat="55.831429" lon="37.483938"><time>1970-01-01T00:00:01.000Z</time></trkpt>
			<trkpt lat="55.832094" lon="37.486663"><time>1970-01-01T00:00:01.000Z</time></trkpt>
			<trkpt lat="55.832201" lon="37.486641"><time>1970-01-01T00:00:01.000Z</time></trkpt>
			<trkpt lat="55.832351" lon="37.487285"><time>1970-01-01T00:00:01.000Z</time></trkpt>
			<trkpt lat="55.832780" lon="37.486985"><time>1970-01-01T00:00:01.000Z</time></trkpt>
			<trkpt lat="55.835076" lon="37.496791"><time>1970-01-01T00:00:01.000Z</time></trkpt>
			<trkpt lat="55.835398" lon="37.497070"><time>1970-01-01T00:00:01.000Z</time></trkpt>
			<trkpt lat="55.835784" lon="37.498679"><time>1970-01-01T00:00:01.000Z</time></trkpt>
			<trkpt lat="55.835827" lon="37.498722"><time>1970-01-01T00:00:01.000Z</time></trkpt>
			<trkpt lat="55.836407" lon="37.501254"><time>1970-01-01T00:00:01.000Z</time></trkpt>
			<trkpt lat="55.836493" lon="37.501855"><time>1970-01-01T00:00:01.000Z</time></trkpt>
			<trkpt lat="55.837050" lon="37.504515"><time>1970-01-01T00:00:01.000Z</time></trkpt>
			<trkpt lat="55.837308" lon="37.504494"><time>1970-01-01T00:00:01.000Z</time></trkpt>
			<trkpt lat="55.837286" lon="37.504902"><time>1970-01-01T00:00:01.000Z</time></trkpt>
			<trkpt lat="55.837458" lon="37.505202"><time>1970-01-01T00:00:01.000Z</time></trkpt>
			<trkpt lat="55.837737" lon="37.505481"><time>1970-01-01T00:00:01.000Z</time></trkpt>
			<trkpt lat="55.837630" lon="37.506361"><time>1970-01-01T00:00:01.000Z</time></trkpt>
			<trkpt lat="55.837630" lon="37.507391"><time>1970-01-01T00:00:01.000Z</time></trkpt>
			<trkpt lat="55.837823" lon="37.508378"><time>1970-01-01T00:00:01.000Z</time></trkpt>
			<trkpt lat="55.837759" lon="37.508914"><time>1970-01-01T00:00:01.000Z</time></trkpt>
			<trkpt lat="55.837801" lon="37.509215"><time>1970-01-01T00:00:01.000Z</time></trkpt>
			<trkpt lat="55.837995" lon="37.509451"><time>1970-01-01T00:00:01.000Z</time></trkpt>
			<trkpt lat="55.838188" lon="37.509451"><time>1970-01-01T00:00:01.000Z</time></trkpt>
			<trkpt lat="55.838810" lon="37.508807"><time>1970-01-01T00:00:01.000Z</time></trkpt>
			<trkpt lat="55.839046" lon="37.508936"><time>1970-01-01T00:00:01.000Z</time></trkpt>
			<trkpt lat="55.839239" lon="37.509322"><time>1970-01-01T00:00:01.000Z</time></trkpt>
			<trkpt lat="55.840333" lon="37.510910"><time>1970-01-01T00:00:01.000Z</time></trkpt>
			<trkpt lat="55.840677" lon="37.509773"><time>1970-01-01T00:00:01.000Z</time></trkpt>
			<trkpt lat="55.841492" lon="37.510760"><time>1970-01-01T00:00:01.000Z</time></trkpt>
			<trkpt lat="55.841835" lon="37.511446"><time>1970-01-01T00:00:01.000Z</time></trkpt>
			<trkpt lat="55.842286" lon="37.513163"><time>1970-01-01T00:00:01.000Z</time></trkpt>
			<trkpt lat="55.842930" lon="37.514129"><time>1970-01-01T00:00:01.000Z</time></trkpt>
			<trkpt lat="55.843338" lon="37.514129"><time>1970-01-01T00:00:01.000Z</time></trkpt>
			<trkpt lat="55.843552" lon="37.513978"><time>1970-01-01T00:00:01.000Z</time></trkpt>
			<trkpt lat="55.843745" lon="37.513656"><time>1970-01-01T00:00:01.000Z</time></trkpt>
			<trkpt lat="55.843853" lon="37.512326"><time>1970-01-01T00:00:01.000Z</time></trkpt>
			<trkpt lat="55.845076" lon="37.510459"><time>1970-01-01T00:00:01.000Z</time></trkpt>
			<trkpt lat="55.845269" lon="37.510373"><time>1970-01-01T00:00:01.000Z</time></trkpt>
			<trkpt lat="55.846148" lon="37.511060"><time>1970-01-01T00:00:01.000Z</time></trkpt>
			<trkpt lat="55.846363" lon="37.511382"><time>1970-01-01T00:00:01.000Z</time></trkpt>
			<trkpt lat="55.846535" lon="37.511725"><time>1970-01-01T00:00:01.000Z</time></trkpt>
			<trkpt lat="55.846685" lon="37.512562"><time>1970-01-01T00:00:01.000Z</time></trkpt>
			<trkpt lat="55.846706" lon="37.513399"><time>1970-01-01T00:00:01.000Z</time></trkpt>
			<trkpt lat="55.846470" lon="37.514322"><time>1970-01-01T00:00:01.000Z</time></trkpt>
			<trkpt lat="55.845805" lon="37.515459"><time>1970-01-01T00:00:01.000Z</time></trkpt>
			<trkpt lat="55.845076" lon="37.515695"><time>1970-01-01T00:00:01.000Z</time></trkpt>
			<trkpt lat="55.844174" lon="37.516167"><time>1970-01-01T00:00:01.000Z</time></trkpt>
			<trkpt lat="55.843917" lon="37.516403"><time>1970-01-01T00:00:01.000Z</time></trkpt>
			<trkpt lat="55.843552" lon="37.517261"><time>1970-01-01T00:00:01.000Z</time></trkpt>
			<trkpt lat="55.843166" lon="37.517068"><time>1970-01-01T00:00:01.000Z</time></trkpt>
			<trkpt lat="55.842994" lon="37.517240"><time>1970-01-01T00:00:01.000Z</time></trkpt>
			<trkpt lat="55.842908" lon="37.517605"><time>1970-01-01T00:00:01.000Z</time></trkpt>
			<trkpt lat="55.842951" lon="37.518077"><time>1970-01-01T00:00:01.000Z</time></trkpt>
			<trkpt lat="55.842393" lon="37.520501"><time>1970-01-01T00:00:01.000Z</time></trkpt>
			<trkpt lat="55.842072" lon="37.520308"><time>1970-01-01T00:00:01.000Z</time></trkpt>
			<trkpt lat="55.841599" lon="37.519922"><time>1970-01-01T00:00:01.000Z</time></trkpt>
			<trkpt lat="55.841578" lon="37.519493"><time>1970-01-01T00:00:01.000Z</time></trkpt>
			<trkpt lat="55.841514" lon="37.519386"><time>1970-01-01T00:00:01.000Z</time></trkpt>
			<trkpt lat="55.841299" lon="37.518506"><time>1970-01-01T00:00:01.000Z</time></trkpt>
			<trkpt lat="55.841192" lon="37.518592"><time>1970-01-01T00:00:01.000Z</time></trkpt>
			<trkpt lat="55.841235" lon="37.518763"><time>1970-01-01T00:00:01.000Z</time></trkpt>
			<trkpt lat="55.841084" lon="37.518914"><time>1970-01-01T00:00:01.000Z</time></trkpt>
			<trkpt lat="55.841106" lon="37.519815"><time>1970-01-01T00:00:01.000Z</time></trkpt>
			<trkpt lat="55.840977" lon="37.520652"><time>1970-01-01T00:00:01.000Z</time></trkpt>
			<trkpt lat="55.839711" lon="37.522626"><time>1970-01-01T00:00:01.000Z</time></trkpt>
			<trkpt lat="55.839432" lon="37.522540"><time>1970-01-01T00:00:01.000Z</time></trkpt>
			<trkpt lat="55.839368" lon="37.522240"><time>1970-01-01T00:00:01.000Z</time></trkpt>
			<trkpt lat="55.839282" lon="37.522111"><time>1970-01-01T00:00:01.000Z</time></trkpt>
			<trkpt lat="55.838939" lon="37.521918"><time>1970-01-01T00:00:01.000Z</time></trkpt>
			<trkpt lat="55.838788" lon="37.521939"><time>1970-01-01T00:00:01.000Z</time></trkpt>
			<trkpt lat="55.838595" lon="37.522111"><time>1970-01-01T00:00:01.000Z</time></trkpt>
			<trkpt lat="55.838510" lon="37.522390"><time>1970-01-01T00:00:01.000Z</time></trkpt>
			<trkpt lat="55.838467" lon="37.522261"><time>1970-01-01T00:00:01.000Z</time></trkpt>
			<trkpt lat="55.838338" lon="37.522433"><time>1970-01-01T00:00:01.000Z</time></trkpt>
			<trkpt lat="55.836364" lon="37.521403"><time>1970-01-01T00:00:01.000Z</time></trkpt>
			<trkpt lat="55.834690" lon="37.520630"><time>1970-01-01T00:00:01.000Z</time></trkpt>
			<trkpt lat="55.834604" lon="37.520652"><time>1970-01-01T00:00:01.000Z</time></trkpt>
			<trkpt lat="55.834497" lon="37.520566"><time>1970-01-01T00:00:01.000Z</time></trkpt>
			<trkpt lat="55.834368" lon="37.520587"><time>1970-01-01T00:00:01.000Z</time></trkpt>
			<trkpt lat="55.834347" lon="37.520952"><time>1970-01-01T00:00:01.000Z</time></trkpt>
			<trkpt lat="55.833510" lon="37.523248"><time>1970-01-01T00:00:01.000Z</time></trkpt>
			<trkpt lat="55.833424" lon="37.523119"><time>1970-01-01T00:00:01.000Z</time></trkpt>
			<trkpt lat="55.833381" lon="37.523227"><time>1970-01-01T00:00:01.000Z</time></trkpt>
			<trkpt lat="55.832373" lon="37.522089"><time>1970-01-01T00:00:01.000Z</time></trkpt>
			<trkpt lat="55.831579" lon="37.526080"><time>1970-01-01T00:00:01.000Z</time></trkpt>
			<trkpt lat="55.831407" lon="37.526789"><time>1970-01-01T00:00:01.000Z</time></trkpt>
			<trkpt lat="55.831214" lon="37.527110"><time>1970-01-01T00:00:01.000Z</time></trkpt>
			<trkpt lat="55.830720" lon="37.528462"><time>1970-01-01T00:00:01.000Z</time></trkpt>
			<trkpt lat="55.830635" lon="37.529042"><time>1970-01-01T00:00:01.000Z</time></trkpt>
			<trkpt lat="55.830270" lon="37.528806"><time>1970-01-01T00:00:01.000Z</time></trkpt>
			<trkpt lat="55.829690" lon="37.530393"><time>1970-01-01T00:00:01.000Z</time></trkpt>
			<trkpt lat="55.829755" lon="37.530501"><time>1970-01-01T00:00:01.000Z</time></trkpt>
			<trkpt lat="55.830077" lon="37.530651"><time>1970-01-01T00:00:01.000Z</time></trkpt>
			<trkpt lat="55.829948" lon="37.530629"><time>1970-01-01T00:00:01.000Z</time></trkpt>
			<trkpt lat="55.829884" lon="37.531423"><time>1970-01-01T00:00:01.000Z</time></trkpt>
			<trkpt lat="55.829690" lon="37.531831"><time>1970-01-01T00:00:01.000Z</time></trkpt>
			<trkpt lat="55.829712" lon="37.532153"><time>1970-01-01T00:00:01.000Z</time></trkpt>
			<trkpt lat="55.829497" lon="37.532282"><time>1970-01-01T00:00:01.000Z</time></trkpt>
			<trkpt lat="55.829648" lon="37.533011"><time>1970-01-01T00:00:01.000Z</time></trkpt>
			<trkpt lat="55.830677" lon="37.532775"><time>1970-01-01T00:00:01.000Z</time></trkpt>
			<trkpt lat="55.831085" lon="37.534857"><time>1970-01-01T00:00:01.000Z</time></trkpt>
			<trkpt lat="55.831450" lon="37.536359"><time>1970-01-01T00:00:01.000Z</time></trkpt>
			<trkpt lat="55.831493" lon="37.536788"><time>1970-01-01T00:00:01.000Z</time></trkpt>
			<trkpt lat="55.831278" lon="37.537131"><time>1970-01-01T00:00:01.000Z</time></trkpt>
			<trkpt lat="55.830892" lon="37.537131"><time>1970-01-01T00:00:01.000Z</time></trkpt>
			<trkpt lat="55.830635" lon="37.536960"><time>1970-01-01T00:00:01.000Z</time></trkpt>
			<trkpt lat="55.829905" lon="37.535908"><time>1970-01-01T00:00:01.000Z</time></trkpt>
			<trkpt lat="55.827244" lon="37.534964"><time>1970-01-01T00:00:01.000Z</time></trkpt>
			<trkpt lat="55.826922" lon="37.535179"><time>1970-01-01T00:00:01.000Z</time></trkpt>
			<trkpt lat="55.826815" lon="37.535543"><time>1970-01-01T00:00:01.000Z</time></trkpt>
			<trkpt lat="55.826665" lon="37.536788"><time>1970-01-01T00:00:01.000Z</time></trkpt>
			<trkpt lat="55.826536" lon="37.537024"><time>1970-01-01T00:00:01.000Z</time></trkpt>
			<trkpt lat="55.824905" lon="37.538526"><time>1970-01-01T00:00:01.000Z</time></trkpt>
			<trkpt lat="55.824197" lon="37.539835"><time>1970-01-01T00:00:01.000Z</time></trkpt>
			<trkpt lat="55.824069" lon="37.540586"><time>1970-01-01T00:00:01.000Z</time></trkpt>
			<trkpt lat="55.824176" lon="37.540822"><time>1970-01-01T00:00:01.000Z</time></trkpt>
			<trkpt lat="55.824090" lon="37.541079"><time>1970-01-01T00:00:01.000Z</time></trkpt>
			<trkpt lat="55.824154" lon="37.541916"><time>1970-01-01T00:00:01.000Z</time></trkpt>
			<trkpt lat="55.824691" lon="37.543933"><time>1970-01-01T00:00:01.000Z</time></trkpt>
			<trkpt lat="55.824884" lon="37.543762"><time>1970-01-01T00:00:01.000Z</time></trkpt>
			<trkpt lat="55.825356" lon="37.543011"><time>1970-01-01T00:00:01.000Z</time></trkpt>
			<trkpt lat="55.826601" lon="37.545435"><time>1970-01-01T00:00:01.000Z</time></trkpt>
			<trkpt lat="55.830034" lon="37.552624"><time>1970-01-01T00:00:01.000Z</time></trkpt>
			<trkpt lat="55.832888" lon="37.550478"><time>1970-01-01T00:00:01.000Z</time></trkpt>
			<trkpt lat="55.832909" lon="37.550628"><time>1970-01-01T00:00:01.000Z</time></trkpt>
			<trkpt lat="55.833081" lon="37.550499"><time>1970-01-01T00:00:01.000Z</time></trkpt>
			<trkpt lat="55.833124" lon="37.550864"><time>1970-01-01T00:00:01.000Z</time></trkpt>
			<trkpt lat="55.833210" lon="37.550907"><time>1970-01-01T00:00:01.000Z</time></trkpt>
			<trkpt lat="55.836879" lon="37.568910"><time>1970-01-01T00:00:01.000Z</time></trkpt>
			<trkpt lat="55.835720" lon="37.569640"><time>1970-01-01T00:00:01.000Z</time></trkpt>
			<trkpt lat="55.835699" lon="37.569854"><time>1970-01-01T00:00:01.000Z</time></trkpt>
			<trkpt lat="55.834712" lon="37.570476"><time>1970-01-01T00:00:01.000Z</time></trkpt>
			<trkpt lat="55.834926" lon="37.571657"><time>1970-01-01T00:00:01.000Z</time></trkpt>
			<trkpt lat="55.834754" lon="37.571742"><time>1970-01-01T00:00:01.000Z</time></trkpt>
			<trkpt lat="55.834754" lon="37.571936"><time>1970-01-01T00:00:01.000Z</time></trkpt>
			<trkpt lat="55.834561" lon="37.572086"><time>1970-01-01T00:00:01.000Z</time></trkpt>
			<trkpt lat="55.834733" lon="37.572815"><time>1970-01-01T00:00:01.000Z</time></trkpt>
			<trkpt lat="55.835441" lon="37.573738"><time>1970-01-01T00:00:01.000Z</time></trkpt>
			<trkpt lat="55.836085" lon="37.575068"><time>1970-01-01T00:00:01.000Z</time></trkpt>
			<trkpt lat="55.836364" lon="37.574832"><time>1970-01-01T00:00:01.000Z</time></trkpt>
			<trkpt lat="55.837501" lon="37.576399"><time>1970-01-01T00:00:01.000Z</time></trkpt>
			<trkpt lat="55.837801" lon="37.575712"><time>1970-01-01T00:00:01.000Z</time></trkpt>
			<trkpt lat="55.838960" lon="37.577858"><time>1970-01-01T00:00:01.000Z</time></trkpt>
			<trkpt lat="55.839003" lon="37.577686"><time>1970-01-01T00:00:01.000Z</time></trkpt>
			<trkpt lat="55.839411" lon="37.577965"><time>1970-01-01T00:00:01.000Z</time></trkpt>
			<trkpt lat="55.840205" lon="37.579574"><time>1970-01-01T00:00:01.000Z</time></trkpt>
			<trkpt lat="55.840505" lon="37.579896"><time>1970-01-01T00:00:01.000Z</time></trkpt>
			<trkpt lat="55.841299" lon="37.581527"><time>1970-01-01T00:00:01.000Z</time></trkpt>
			<trkpt lat="55.841256" lon="37.581613"><time>1970-01-01T00:00:01.000Z</time></trkpt>
			<trkpt lat="55.840870" lon="37.581763"><time>1970-01-01T00:00:01.000Z</time></trkpt>
			<trkpt lat="55.840655" lon="37.582171"><time>1970-01-01T00:00:01.000Z</time></trkpt>
			<trkpt lat="55.840934" lon="37.582643"><time>1970-01-01T00:00:01.000Z</time></trkpt>
			<trkpt lat="55.840591" lon="37.583179"><time>1970-01-01T00:00:01.000Z</time></trkpt>
			<trkpt lat="55.841063" lon="37.584123"><time>1970-01-01T00:00:01.000Z</time></trkpt>
			<trkpt lat="55.841321" lon="37.584381"><time>1970-01-01T00:00:01.000Z</time></trkpt>
			<trkpt lat="55.841707" lon="37.585003"><time>1970-01-01T00:00:01.000Z</time></trkpt>
			<trkpt lat="55.842072" lon="37.585690"><time>1970-01-01T00:00:01.000Z</time></trkpt>
			<trkpt lat="55.842436" lon="37.586441"><time>1970-01-01T00:00:01.000Z</time></trkpt>
			<trkpt lat="55.842672" lon="37.587128"><time>1970-01-01T00:00:01.000Z</time></trkpt>
		</trkseg>
	</trk>
</gpx>