{"type": "FeatureCollection", "features": [{"type": "Feature", "properties": {"name": "2ГИС · Веломаршрут Зелёное Кольцо", "source": "https://2gis.ru/moscow/geo/70030077065188560", "km": 130.27}, "geometry": {"type": "MultiLineString", "coordinates": [[[37.686121, 55.619974], [37.686499, 55.619807], [37.686598, 55.619832], [37.686754, 55.619844], [37.68722, 55.619956], [37.689489, 55.620516], [37.690108, 55.620661], [37.690283, 55.620702], [37.690529, 55.62077], [37.690943, 55.620902], [37.691526, 55.621166], [37.69182, 55.621277], [37.692134, 55.621388], [37.692525, 55.621517], [37.692927, 55.621582], [37.693098, 55.62158], [37.693384, 55.621603], [37.693642, 55.6216], [37.693646, 55.621693], [37.693776, 55.621691], [37.693902, 55.621689], [37.693898, 55.621598], [37.69409, 55.621598], [37.694258, 55.621598], [37.69502, 55.622006], [37.69529, 55.622131], [37.695337, 55.622153]], [[37.686121, 55.619974], [37.686126, 55.619949], [37.686106, 55.619882], [37.683973, 55.62078], [37.683643, 55.620906], [37.682584, 55.621257], [37.68252, 55.621278], [37.682464, 55.621296], [37.682408, 55.621312], [37.682339, 55.621328], [37.682172, 55.621368], [37.681656, 55.621486], [37.681171, 55.621569], [37.677199, 55.621969], [37.677094, 55.62198], [37.676988, 55.621991], [37.676653, 55.621997], [37.676339, 55.62199], [37.676013, 55.621941], [37.675826, 55.621902], [37.675712, 55.621878], [37.675443, 55.621789], [37.675215, 55.621684], [37.675024, 55.621564], [37.674856, 55.621424], [37.673441, 55.620062]], [[37.757833, 55.673639], [37.757842, 55.673659], [37.757866, 55.673721], [37.757888, 55.673775], [37.758098, 55.674394], [37.75814, 55.67448], [37.758153, 55.674506], [37.758392, 55.675072], [37.758416, 55.675132], [37.758642, 55.67571], [37.75867, 55.67578], [37.7587, 55.675858], [37.758712, 55.675886], [37.758944, 55.676442], [37.759049, 55.676693], [37.759123, 55.676871], [37.759206, 55.67707], [37.759242, 55.677136], [37.759307, 55.677228], [37.759357, 55.677297], [37.759379, 55.677329], [37.759404, 55.677371], [37.759592, 55.677776], [37.759727, 55.678065], [37.759753, 55.678132], [37.759754, 55.678154], [37.759762, 55.678252], [37.759762, 55.678266], [37.759761, 55.678293], [37.759758, 55.678356], [37.759757, 55.678377], [37.759787, 55.678491], [37.759854, 55.678657], [37.759956, 55.678913], [37.759993, 55.679005], [37.760092, 55.679253], [37.760183, 55.67948], [37.760202, 55.679527], [37.760438, 55.680119], [37.760474, 55.680208], [37.760508, 55.680293], [37.760522, 55.680328], [37.76061, 55.680547], [37.760691, 55.68075], [37.760704, 55.680781], [37.760777, 55.680966], [37.760803, 55.68103], [37.761012, 55.681551], [37.761059, 55.681669], [37.761124, 55.681673], [37.761473, 55.681694], [37.76168, 55.681707], [37.762053, 55.681729], [37.763141, 55.681796], [37.763461, 55.681816], [37.763675, 55.681829], [37.764019, 55.68185], [37.763999, 55.681953], [37.764064, 55.681957], [37.764116, 55.681963], [37.764164, 55.681975], [37.764192, 55.681992]], [[37.561594, 55.678673], [37.561455, 55.678596], [37.561304, 55.678512], [37.561669, 55.678301], [37.56179, 55.678232], [37.561877, 55.678182], [37.5621, 55.678053], [37.562148, 55.678025], [37.562353, 55.677919], [37.562395, 55.677897]], [[37.764322, 55.681979], [37.76434, 55.682039], [37.764432, 55.68228], [37.764671, 55.682906], [37.764716, 55.683024], [37.76485, 55.683374], [37.764927, 55.683573], [37.765064, 55.683933], [37.765233, 55.684375], [37.76531, 55.684576], [37.765336, 55.684647], [37.765517, 55.685116], [37.765573, 55.685264], [37.765844, 55.685971], [37.765904, 55.686241], [37.765915, 55.686291], [37.765939, 55.68648], [37.765972, 55.686731], [37.765998, 55.68687], [37.766074, 55.686997], [37.766238, 55.687125], [37.766454, 55.687249], [37.766697, 55.687359], [37.766756, 55.687386], [37.767204, 55.687535], [37.767323, 55.687574], [37.767603, 55.687659], [37.769287, 55.688168], [37.770075, 55.688406], [37.771522, 55.688844], [37.772661, 55.689188], [37.772995, 55.68932], [37.773121, 55.68937], [37.773322, 55.689449], [37.773871, 55.689666], [37.773967, 55.689704], [37.773985, 55.689711], [37.774083, 55.68975], [37.774308, 55.689838], [37.774612, 55.689959], [37.774642, 55.68997], [37.774665, 55.689978], [37.774685, 55.689984], [37.774717, 55.689991], [37.775869, 55.690219], [37.775895, 55.690223], [37.775922, 55.690225], [37.77641, 55.690246], [37.777664, 55.690188], [37.779429, 55.690106], [37.779694, 55.690114], [37.779912, 55.690133], [37.781307, 55.690351], [37.781458, 55.690354], [37.781602, 55.690342], [37.781849, 55.690314], [37.782303, 55.690226], [37.782641, 55.69016], [37.782707, 55.69015], [37.782751, 55.690147], [37.782811, 55.690146], [37.783538, 55.690176], [37.784027, 55.690197], [37.784456, 55.690214], [37.784461, 55.690214], [37.784895, 55.690212], [37.785006, 55.690211], [37.78526, 55.690229], [37.785514, 55.690301], [37.78585, 55.690426], [37.786157, 55.690541], [37.786243, 55.69055], [37.786349, 55.690553], [37.786541, 55.69054]], [[37.796719, 55.716885], [37.796767, 55.716911], [37.796902, 55.716961], [37.797286, 55.717129], [37.797361, 55.717167], [37.797462, 55.717253], [37.797622, 55.717776], [37.797638, 55.717826], [37.797731, 55.718131], [37.797971, 55.718917], [37.797999, 55.719009], [37.798036, 55.71913]], [[37.798329, 55.720091], [37.798337, 55.720116], [37.798388, 55.720282]], [[37.800152, 55.720816], [37.800387, 55.720869], [37.80051, 55.720922], [37.80058, 55.720988], [37.800619, 55.721058], [37.800614, 55.721153], [37.800562, 55.721233], [37.800469, 55.721301], [37.800066, 55.721437], [37.797782, 55.722207], [37.797414, 55.722331], [37.796704, 55.722571], [37.796746, 55.72261], [37.796857, 55.722715], [37.797033, 55.722662], [37.797174, 55.722618], [37.797202, 55.722645], [37.797367, 55.722804], [37.797548, 55.722979], [37.797614, 55.72304], [37.797788, 55.723203], [37.797169, 55.723414], [37.797354, 55.723587], [37.797313, 55.723601]], [[37.493864, 55.735533], [37.494337, 55.734985]], [[37.791924, 55.74042], [37.792284, 55.740304], [37.792586, 55.740207], [37.792719, 55.74019]], [[37.490707, 55.739022], [37.490852, 55.738861], [37.49121, 55.738463], [37.491246, 55.738423], [37.49131, 55.738352], [37.491378, 55.738273], [37.491515, 55.738115], [37.491766, 55.737824], [37.492013, 55.737538], [37.492079, 55.737467], [37.492204, 55.737332]], [[37.782385, 55.754925], [37.782458, 55.754805], [37.782733, 55.754346], [37.782817, 55.754205], [37.782901, 55.754067], [37.78313, 55.753685], [37.783325, 55.75336], [37.783477, 55.753107], [37.783518, 55.753039], [37.783574, 55.752945], [37.783758, 55.752639], [37.783812, 55.752548], [37.784032, 55.752183], [37.78429, 55.751755], [37.784456, 55.751477], [37.784519, 55.751371], [37.78474, 55.751004], [37.784792, 55.750919], [37.784986, 55.750598], [37.785002, 55.750572], [37.785122, 55.750373], [37.785135, 55.750353], [37.785354, 55.749991], [37.785496, 55.749756], [37.785639, 55.749519], [37.785723, 55.749381], [37.785828, 55.749207], [37.78598, 55.748956], [37.786013, 55.748901], [37.786061, 55.748819], [37.786082, 55.748784], [37.786122, 55.748714], [37.786287, 55.74843], [37.786436, 55.748174], [37.786683, 55.747747], [37.787015, 55.747173], [37.787064, 55.74709], [37.787114, 55.747004], [37.787433, 55.746457], [37.78753, 55.746288], [37.787553, 55.746249], [37.787602, 55.746165], [37.787843, 55.745746], [37.787894, 55.745657], [37.787931, 55.745592], [37.787993, 55.745485], [37.788213, 55.745106], [37.788237, 55.745065], [37.788509, 55.744595], [37.78869, 55.744282], [37.788827, 55.744046], [37.788916, 55.743891], [37.788964, 55.74381], [37.788985, 55.743773], [37.789145, 55.743395], [37.789344, 55.743051], [37.789354, 55.743034], [37.78942, 55.742921], [37.789509, 55.742805], [37.78955, 55.742752], [37.789581, 55.742709], [37.789612, 55.742644], [37.789641, 55.742552]], [[37.43727, 55.750911], [37.436945, 55.750753], [37.436437, 55.750471], [37.436087, 55.750246], [37.43602, 55.750203], [37.435883, 55.750122], [37.435832, 55.750097], [37.435767, 55.750117], [37.43571, 55.750121], [37.43568, 55.750119], [37.435638, 55.750116], [37.435449, 55.750096], [37.435394, 55.750095], [37.435326, 55.750106], [37.435216, 55.750129], [37.432957, 55.7506], [37.432644, 55.750666], [37.432547, 55.750686], [37.432504, 55.750695], [37.432422, 55.750712], [37.432317, 55.750733], [37.432396, 55.750933], [37.432127, 55.750971], [37.431845, 55.751011], [37.431563, 55.751051], [37.431423, 55.750736], [37.431284, 55.750758], [37.431313, 55.750823], [37.431424, 55.751071], [37.431454, 55.751139], [37.431854, 55.752036], [37.431882, 55.7521], [37.431919, 55.752182], [37.431972, 55.7523], [37.43234, 55.753126], [37.432604, 55.753717], [37.432659, 55.753841], [37.432766, 55.754081], [37.432875, 55.754324], [37.432975, 55.75455], [37.433079, 55.754782], [37.43316, 55.755017], [37.433205, 55.755183], [37.433207, 55.755377], [37.433182, 55.755568], [37.433128, 55.755718], [37.433047, 55.755943], [37.432529, 55.75739], [37.432321, 55.75797], [37.432259, 55.758239], [37.432412, 55.758305], [37.431721, 55.760234], [37.43162, 55.760514], [37.430981, 55.762296], [37.430861, 55.762632], [37.430769, 55.762889], [37.430731, 55.762941], [37.430678, 55.76298], [37.430662, 55.762994], [37.430643, 55.76301], [37.430629, 55.763034], [37.430067, 55.764597], [37.429928, 55.764985], [37.429564, 55.766002], [37.429157, 55.767141], [37.429119, 55.767246], [37.429115, 55.7673]], [[37.781957, 55.757517], [37.782171, 55.757557], [37.782304, 55.757581], [37.782449, 55.757608], [37.782649, 55.757645], [37.782901, 55.757691], [37.783171, 55.757741], [37.783855, 55.757867], [37.784324, 55.757953], [37.784372, 55.757962], [37.784481, 55.757982], [37.785298, 55.758132], [37.785691, 55.758204], [37.785813, 55.758227], [37.786113, 55.758282], [37.786266, 55.75831], [37.78695, 55.758436], [37.787213, 55.758484], [37.787487, 55.758534], [37.787653, 55.758565], [37.787827, 55.758597]], [[37.786563, 55.760661], [37.786484, 55.760791], [37.786349, 55.761012]], [[37.387107, 55.770851], [37.38711, 55.770928], [37.387111, 55.770955], [37.387213, 55.773466], [37.387221, 55.77367], [37.387243, 55.774211], [37.387293, 55.774303], [37.387413, 55.774381], [37.389469, 55.775309], [37.389595, 55.775381], [37.389684, 55.77546], [37.390386, 55.776212], [37.390446, 55.776276]], [[37.391153, 55.777034], [37.392411, 55.778381], [37.392574, 55.77852], [37.392749, 55.778635], [37.394055, 55.779465], [37.394187, 55.779566], [37.394912, 55.780218], [37.394916, 55.780223]], [[37.395815, 55.781406], [37.396344, 55.782102], [37.397111, 55.783112], [37.397438, 55.783542], [37.39754, 55.783757], [37.397551, 55.783792], [37.397648, 55.7841], [37.397767, 55.784479], [37.397909, 55.784735], [37.398093, 55.784987], [37.398209, 55.785125], [37.398401, 55.785354], [37.398884, 55.785201], [37.399217, 55.785095], [37.399369, 55.785032], [37.399531, 55.784938], [37.399876, 55.784732], [37.400386, 55.784443], [37.40058, 55.784355], [37.400826, 55.784286], [37.40269, 55.783972], [37.403161, 55.784123], [37.404004, 55.784393], [37.404465, 55.784903], [37.405196, 55.785645], [37.406553, 55.787232], [37.406886, 55.787623], [37.407331, 55.788243], [37.407685, 55.78886], [37.408118, 55.789921], [37.40816, 55.790024], [37.408565, 55.791114], [37.408675, 55.791411], [37.408681, 55.79143], [37.408819, 55.791851], [37.409078, 55.792114], [37.40909, 55.792135], [37.409106, 55.79219], [37.409103, 55.792217], [37.409079, 55.792269], [37.409062, 55.792289], [37.409033, 55.792305]], [[37.818779, 55.789112], [37.818997, 55.789116], [37.819171, 55.789118], [37.819317, 55.789121], [37.819386, 55.789167], [37.819449, 55.789221], [37.819447, 55.78927]], [[37.819464, 55.788904], [37.819449, 55.789221]], [[37.823576, 55.794429], [37.823497, 55.793707], [37.823492, 55.793662], [37.823493, 55.793617], [37.823494, 55.793512], [37.823499, 55.793217], [37.823507, 55.792671]], [[37.823986, 55.798749], [37.823929, 55.798705], [37.823696, 55.798412], [37.823573, 55.798181], [37.823533, 55.798008], [37.823515, 55.79793], [37.823499, 55.797756], [37.823496, 55.797728], [37.823484, 55.797526], [37.823489, 55.797417], [37.823501, 55.797173], [37.823502, 55.797142], [37.823509, 55.796988], [37.82335, 55.796985], [37.823356, 55.796897]], [[37.41214, 55.797268], [37.411914, 55.797097], [37.411584, 55.796848], [37.411384, 55.796689], [37.411333, 55.796646], [37.411182, 55.796513], [37.411089, 55.796427], [37.411073, 55.796412], [37.410972, 55.796305], [37.410854, 55.796151], [37.410657, 55.795897], [37.410643, 55.795877], [37.410307, 55.795389], [37.410211, 55.795248], [37.410067, 55.795021], [37.409994, 55.794905], [37.409904, 55.794762], [37.409842, 55.794666], [37.409823, 55.794626], [37.409815, 55.794591], [37.409846, 55.794534], [37.410066, 55.794307], [37.410079, 55.79429], [37.410091, 55.794268], [37.410074, 55.794242], [37.410065, 55.794229], [37.410057, 55.794216], [37.409979, 55.794094], [37.409658, 55.793729], [37.409589, 55.793624], [37.409555, 55.793542], [37.409524, 55.793488], [37.409486, 55.793439], [37.409413, 55.793368], [37.409241, 55.793123], [37.40918, 55.793034], [37.409033, 55.792305]], [[37.82954, 55.801506], [37.829489, 55.80145], [37.829304, 55.801272]], [[37.829241, 55.8033], [37.829271, 55.803261], [37.829343, 55.803239], [37.829408, 55.803212], [37.82945, 55.803195], [37.829623, 55.803124], [37.829671, 55.803076], [37.829784, 55.803015], [37.82986, 55.802991]], [[37.828733, 55.812394], [37.828738, 55.812339], [37.828743, 55.812277], [37.828753, 55.812158], [37.828763, 55.812053], [37.828766, 55.812021], [37.828785, 55.811885], [37.828814, 55.811741], [37.828863, 55.811584], [37.828876, 55.811551], [37.828921, 55.811439], [37.829002, 55.811304], [37.829138, 55.811143], [37.829186, 55.81108], [37.829267, 55.810976], [37.829341, 55.810874], [37.829393, 55.810787], [37.829439, 55.810675], [37.829445, 55.810628], [37.829452, 55.810566], [37.829483, 55.810297], [37.829515, 55.810013], [37.82957, 55.809525], [37.829558, 55.809411], [37.829515, 55.809187], [37.829501, 55.809079], [37.829501, 55.808955], [37.829518, 55.808788], [37.829533, 55.808643], [37.829555, 55.808429], [37.829562, 55.808357], [37.82958, 55.808177], [37.829645, 55.80754], [37.829678, 55.807209], [37.829714, 55.806852], [37.829728, 55.806715], [37.829805, 55.805951], [37.829891, 55.805108], [37.829908, 55.804936], [37.829932, 55.8047], [37.829985, 55.80418], [37.830012, 55.803915], [37.830014, 55.803889], [37.830019, 55.803839], [37.829998, 55.80377], [37.82997, 55.803692], [37.829962, 55.803679], [37.829939, 55.803644], [37.829925, 55.803622], [37.829883, 55.803577], [37.829829, 55.803539], [37.829758, 55.803515], [37.829652, 55.803449]], [[37.453731, 55.803037], [37.453832, 55.803036], [37.453957, 55.803035], [37.454425, 55.803053], [37.454486, 55.803061], [37.454596, 55.803075], [37.454852, 55.803107], [37.454957, 55.803125], [37.455151, 55.803158], [37.456221, 55.803342], [37.457177, 55.803507], [37.458027, 55.803653], [37.458199, 55.803713], [37.458332, 55.803791], [37.458438, 55.803883], [37.459083, 55.804426], [37.459289, 55.804599], [37.459957, 55.805161], [37.460084, 55.805268], [37.460218, 55.805373], [37.460304, 55.805441], [37.460368, 55.805493], [37.46042, 55.805535], [37.460476, 55.805579], [37.46061, 55.805683], [37.460942, 55.805962], [37.4611, 55.806095], [37.461308, 55.806269], [37.461459, 55.806397], [37.461951, 55.80681], [37.462814, 55.807536], [37.462965, 55.807663], [37.462798, 55.807726], [37.462613, 55.807795], [37.462524, 55.807829], [37.462108, 55.807935], [37.461774, 55.808021], [37.46172, 55.808042], [37.461592, 55.808094], [37.461549, 55.808111], [37.461337, 55.808225], [37.461323, 55.808234], [37.461221, 55.808297], [37.460884, 55.808508], [37.460652, 55.808652], [37.460563, 55.808708], [37.460473, 55.808632], [37.460239, 55.808726], [37.460131, 55.808767], [37.460159, 55.808795], [37.460159, 55.808806], [37.460151, 55.808818], [37.459711, 55.80922], [37.459586, 55.809323]], [[37.41903, 55.803404], [37.41862, 55.802928], [37.418513, 55.802803], [37.418089, 55.802307], [37.417484, 55.80148], [37.417269, 55.801187], [37.417181, 55.801099], [37.417082, 55.801014], [37.416841, 55.80083], [37.41668, 55.800708], [37.416008, 55.800196], [37.41537, 55.799711], [37.414323, 55.798918], [37.41283, 55.79778], [37.412409, 55.797466], [37.412375, 55.79744], [37.41224, 55.797334]], [[37.802236, 55.820212], [37.802253, 55.819978], [37.802259, 55.819894], [37.802593, 55.819902], [37.803186, 55.819915], [37.803339, 55.819918], [37.803926, 55.819931], [37.804069, 55.819934], [37.804329, 55.81994], [37.804493, 55.819944], [37.804609, 55.819946], [37.80502, 55.819955], [37.80506, 55.819956], [37.805196, 55.819959], [37.805735, 55.819971], [37.805946, 55.819976], [37.806264, 55.819983], [37.80649, 55.819988], [37.8072, 55.820003], [37.807701, 55.820014], [37.808621, 55.820034], [37.809409, 55.820051], [37.809751, 55.820058], [37.809958, 55.820063], [37.810033, 55.820065], [37.810265, 55.82007], [37.810349, 55.820072], [37.810598, 55.820078], [37.810672, 55.820079], [37.811035, 55.820087], [37.811149, 55.82009], [37.81135, 55.820094], [37.811646, 55.820101], [37.81205, 55.82011], [37.812254, 55.820114], [37.812764, 55.820125], [37.813035, 55.820131], [37.813175, 55.820134], [37.813305, 55.820137], [37.813656, 55.820145], [37.814021, 55.820153], [37.814238, 55.820158], [37.814347, 55.82016], [37.814577, 55.820165], [37.815118, 55.820177], [37.815459, 55.820184], [37.815544, 55.820186], [37.815945, 55.820195], [37.816289, 55.820203], [37.816386, 55.820205], [37.816604, 55.820209], [37.816966, 55.820217], [37.817317, 55.820225], [37.81749, 55.820229], [37.818444, 55.82025], [37.81862, 55.820254], [37.818752, 55.820257], [37.819299, 55.820268], [37.819411, 55.820271], [37.820012, 55.820283], [37.82015, 55.820286], [37.820403, 55.820293], [37.82233, 55.820335], [37.82264, 55.820342], [37.822882, 55.820347], [37.823587, 55.820362], [37.823725, 55.820365], [37.824421, 55.82038], [37.824702, 55.820387], [37.824931, 55.820392], [37.825188, 55.820397], [37.825681, 55.820408], [37.825871, 55.820412], [37.82592, 55.820319], [37.825942, 55.820278], [37.826058, 55.820013], [37.826115, 55.819882], [37.826143, 55.819819], [37.826209, 55.819667], [37.826468, 55.819075], [37.826618, 55.818733], [37.826682, 55.818586], [37.826815, 55.818282], [37.827043, 55.817759], [37.827084, 55.817665], [37.827127, 55.817567], [37.827153, 55.817509], [37.827317, 55.817132], [37.827355, 55.817045], [37.827462, 55.8168], [37.827787, 55.816057], [37.827873, 55.81586], [37.827938, 55.81568], [37.827957, 55.815626], [37.828041, 55.815353], [37.82816, 55.814923], [37.827957, 55.814918], [37.828001, 55.81476], [37.828165, 55.814171], [37.828226, 55.813983], [37.828315, 55.813741]], [[37.463956, 55.812051], [37.464139, 55.81207], [37.464966, 55.812155], [37.466221, 55.812284], [37.467126, 55.812377], [37.468374, 55.812505], [37.470139, 55.812686], [37.470426, 55.812716], [37.470795, 55.812753], [37.470949, 55.812795], [37.471078, 55.812846], [37.471142, 55.81294], [37.471143, 55.813021], [37.471205, 55.813037], [37.472, 55.813244], [37.472168, 55.813259], [37.472345, 55.813251], [37.472617, 55.813206], [37.472763, 55.813206], [37.472895, 55.81324], [37.473564, 55.813451], [37.473638, 55.81348], [37.47371, 55.813516], [37.473835, 55.813594], [37.47389, 55.813627]], [[37.493842, 55.815425], [37.493836, 55.815337], [37.494024, 55.815356], [37.494161, 55.81536], [37.496405, 55.815291], [37.496567, 55.815286], [37.49687, 55.815272], [37.49732, 55.815244], [37.497461, 55.815245], [37.497604, 55.815253], [37.497744, 55.815257], [37.498568, 55.815236], [37.498651, 55.815232], [37.498826, 55.815211], [37.499656, 55.81518], [37.49971, 55.815178], [37.49972, 55.815254], [37.500303, 55.815237], [37.500363, 55.815184], [37.500388, 55.81517], [37.500429, 55.815147], [37.500521, 55.815109], [37.500627, 55.815089], [37.500738, 55.815081], [37.500813, 55.815078], [37.500985, 55.81507], [37.501252, 55.815062], [37.50181, 55.81506], [37.501926, 55.815059], [37.501928, 55.815164]], [[37.487434, 55.816658], [37.487428, 55.816535], [37.487416, 55.816279], [37.487408, 55.816116], [37.487438, 55.815997], [37.487444, 55.815974], [37.487452, 55.815955], [37.48747, 55.815918], [37.487507, 55.815873], [37.487511, 55.815868], [37.48757, 55.81582], [37.487616, 55.815796], [37.487911, 55.815639], [37.487987, 55.815608], [37.488143, 55.815571], [37.488307, 55.815547], [37.488748, 55.815538], [37.489562, 55.81552], [37.490549, 55.815499], [37.490863, 55.815493], [37.491359, 55.815482], [37.492156, 55.815465], [37.493209, 55.815443]], [[37.502311, 55.818657], [37.502288, 55.818686], [37.502297, 55.818703], [37.504731, 55.819332], [37.504762, 55.819293], [37.505129, 55.819389], [37.505187, 55.819404], [37.505659, 55.819526], [37.506767, 55.819813], [37.507173, 55.819919], [37.507903, 55.820109], [37.508081, 55.820155], [37.508632, 55.820298], [37.509166, 55.820436], [37.509909, 55.820629]], [[37.511377, 55.82101], [37.511955, 55.82116], [37.512341, 55.82126], [37.512614, 55.821331], [37.513998, 55.82169], [37.514662, 55.821862], [37.515527, 55.822086], [37.515794, 55.822156], [37.516596, 55.822364], [37.516672, 55.822383], [37.517142, 55.822505], [37.51793, 55.82271], [37.517938, 55.822712], [37.5182, 55.822798], [37.518327, 55.82284], [37.518433, 55.822875], [37.518473, 55.822888], [37.518905, 55.822999], [37.519164, 55.823067], [37.519256, 55.823091], [37.519676, 55.823199], [37.519963, 55.823253], [37.520079, 55.823275], [37.520114, 55.823285], [37.521217, 55.823571], [37.522185, 55.823822], [37.522235, 55.823834], [37.522493, 55.823901], [37.523342, 55.824122], [37.523576, 55.824193], [37.523646, 55.824215], [37.523712, 55.824236], [37.523752, 55.824246], [37.52424, 55.824372], [37.52476, 55.824507], [37.52524, 55.824632], [37.525631, 55.824732], [37.525972, 55.824803], [37.526339, 55.824899], [37.526887, 55.825041], [37.527074, 55.825089], [37.527484, 55.825195], [37.527719, 55.825256], [37.527966, 55.82532], [37.528964, 55.825579], [37.529137, 55.825624], [37.52921, 55.825635], [37.529273, 55.825639], [37.529336, 55.825634], [37.529389, 55.825623], [37.529434, 55.825606], [37.529437, 55.825623], [37.529437, 55.825642], [37.529428, 55.825665], [37.529409, 55.825694], [37.529358, 55.825747], [37.529309, 55.825807], [37.529237, 55.825896], [37.529429, 55.825946], [37.529519, 55.825968], [37.529586, 55.825984], [37.529685, 55.825992], [37.529921, 55.82597]], [[37.803214, 55.823056], [37.803197, 55.823239], [37.803074, 55.82323], [37.803056, 55.823312], [37.803052, 55.823376], [37.803034, 55.823622], [37.803009, 55.82399], [37.802994, 55.82421], [37.80299, 55.824258], [37.802991, 55.824261], [37.802999, 55.82438], [37.803005, 55.82439], [37.803058, 55.824485], [37.803154, 55.824558], [37.803533, 55.824709], [37.804184, 55.824967], [37.804224, 55.824983], [37.804493, 55.82509], [37.804666, 55.825166], [37.804711, 55.825185], [37.804918, 55.825285], [37.805126, 55.825404], [37.805232, 55.825465], [37.805957, 55.82588], [37.805993, 55.8259], [37.806129, 55.825978], [37.806627, 55.826263], [37.806885, 55.826411], [37.80791, 55.826998], [37.808377, 55.827265], [37.808741, 55.827473], [37.808857, 55.827539]], [[37.584623, 55.828896], [37.584833, 55.828925], [37.585078, 55.828958], [37.585128, 55.828983], [37.58599, 55.829408], [37.586057, 55.829441], [37.586271, 55.829543], [37.586646, 55.829717], [37.586565, 55.829751], [37.586645, 55.829775], [37.586675, 55.829787], [37.586692, 55.829794], [37.586713, 55.829807], [37.586751, 55.829844], [37.587113, 55.829855], [37.587187, 55.829857], [37.587663, 55.829871], [37.587933, 55.829879], [37.588391, 55.829893], [37.589228, 55.829918], [37.58956, 55.829928], [37.589653, 55.829931], [37.589866, 55.829938], [37.590185, 55.829947], [37.590253, 55.829949], [37.59072, 55.829963], [37.590848, 55.829967], [37.590891, 55.829968], [37.591048, 55.829973], [37.591388, 55.829983], [37.591963, 55.830001], [37.59234, 55.830012], [37.592811, 55.830026], [37.592946, 55.830031], [37.593091, 55.830035], [37.593281, 55.830041], [37.593617, 55.830051], [37.593833, 55.830057], [37.594098, 55.830065], [37.594451, 55.830076], [37.595571, 55.83011], [37.595896, 55.830119], [37.596538, 55.830139], [37.596603, 55.830141], [37.597359, 55.830163], [37.597972, 55.830182], [37.598322, 55.830192], [37.599133, 55.830217], [37.599553, 55.830229], [37.599889, 55.83024], [37.599986, 55.830242], [37.600447, 55.830256], [37.600637, 55.830262]], [[37.552702, 55.830144], [37.552514, 55.830081], [37.552427, 55.830052], [37.552168, 55.829946], [37.551814, 55.82977], [37.548884, 55.828307], [37.547869, 55.827801], [37.547268, 55.827501], [37.546715, 55.827225], [37.546574, 55.827154]], [[37.552702, 55.830144], [37.552795, 55.830177], [37.552929, 55.830224], [37.553034, 55.830261], [37.553205, 55.830321], [37.553934, 55.830578], [37.553976, 55.830592], [37.55411, 55.83064], [37.554629, 55.830822], [37.555321, 55.831065], [37.556111, 55.831343], [37.55671, 55.831554], [37.556999, 55.831655], [37.557236, 55.831739], [37.558423, 55.832156], [37.558532, 55.832195], [37.559024, 55.832368], [37.559211, 55.832432], [37.559384, 55.832488], [37.559421, 55.832496], [37.559579, 55.832534], [37.560595, 55.832714], [37.56216, 55.832991], [37.562321, 55.83302], [37.563774, 55.833277], [37.563796, 55.833281], [37.5639, 55.833302], [37.563917, 55.833305], [37.564046, 55.833332], [37.564176, 55.833359], [37.564374, 55.833399], [37.564543, 55.833434], [37.565063, 55.833536], [37.565283, 55.833578], [37.565333, 55.833588], [37.565672, 55.833655], [37.565947, 55.833708], [37.567589, 55.834029], [37.567699, 55.834051], [37.567747, 55.83406], [37.568029, 55.834115], [37.568435, 55.834195], [37.568887, 55.834283], [37.568914, 55.834244], [37.568936, 55.834204], [37.569434, 55.834301], [37.569754, 55.834364], [37.570055, 55.834423], [37.57036, 55.834482], [37.57066, 55.834541], [37.57096, 55.834599], [37.571412, 55.834688], [37.571694, 55.834743], [37.571865, 55.834746], [37.57194, 55.834726], [37.572061, 55.834611], [37.572071, 55.834545], [37.572078, 55.834394], [37.572143, 55.83304], [37.572177, 55.832434]], [[37.703743, 55.831061], [37.707455, 55.831175], [37.710894, 55.831282], [37.710985, 55.831285], [37.713791, 55.83142], [37.719818, 55.83171], [37.728077, 55.832107], [37.728109, 55.832109], [37.728106, 55.832127], [37.728106, 55.832127], [37.728067, 55.832384], [37.727288, 55.837433], [37.727286, 55.83745], [37.727285, 55.837451], [37.727246, 55.837706], [37.726711, 55.842372], [37.726709, 55.842389], [37.735995, 55.842509], [37.743263, 55.842603], [37.744276, 55.842616], [37.758524, 55.842857], [37.762703, 55.842928], [37.762737, 55.84274], [37.762863, 55.842034], [37.762871, 55.841938], [37.762871, 55.84184], [37.762871, 55.841736], [37.762884, 55.841624], [37.763421, 55.838536], [37.763444, 55.838406], [37.763685, 55.837016], [37.764248, 55.833777], [37.76494, 55.833814], [37.765239, 55.83383], [37.771937, 55.83419], [37.780058, 55.834546], [37.788541, 55.835002], [37.789022, 55.835028], [37.793014, 55.835279], [37.796712, 55.835511], [37.797316, 55.835549], [37.79793, 55.835588], [37.798755, 55.835632], [37.805266, 55.835982], [37.806208, 55.836033], [37.806652, 55.833417], [37.806762, 55.832764], [37.806861, 55.832182], [37.806882, 55.832059], [37.80701, 55.831303], [37.807066, 55.831205]], [[37.624858, 55.840472], [37.624725, 55.840499], [37.62448, 55.840502], [37.62429, 55.840505], [37.623954, 55.840509], [37.623866, 55.84051], [37.623536, 55.840514], [37.623426, 55.840516], [37.622192, 55.840532], [37.621955, 55.840535], [37.621164, 55.840545], [37.621133, 55.840546], [37.620882, 55.84054], [37.620671, 55.840535], [37.620408, 55.840519], [37.619254, 55.840453], [37.618922, 55.840421], [37.618721, 55.840389], [37.618668, 55.84038], [37.618236, 55.840281], [37.617693, 55.840156], [37.617043, 55.840007], [37.616797, 55.839968], [37.616666, 55.83995], [37.616488, 55.839926], [37.615121, 55.839739], [37.614663, 55.839676], [37.614203, 55.839547], [37.614164, 55.839536], [37.613878, 55.839417], [37.613728, 55.839354], [37.613563, 55.839252], [37.613363, 55.839129], [37.613091, 55.8389], [37.613041, 55.838841], [37.612875, 55.838646], [37.61285, 55.838603], [37.612713, 55.83837], [37.612581, 55.83807], [37.612518, 55.837752], [37.612508, 55.837527], [37.612504, 55.83745], [37.612505, 55.836897], [37.612505, 55.836892], [37.612505, 55.836554], [37.612506, 55.836332], [37.612506, 55.836296], [37.612516, 55.836251], [37.612545, 55.836207], [37.612589, 55.836171], [37.612915, 55.835981], [37.613257, 55.835781], [37.613375, 55.835708], [37.613457, 55.835657]], [[37.726677, 55.842389], [37.726709, 55.842389]], [[37.82954, 55.801506], [37.82958, 55.801549], [37.829633, 55.801607], [37.829741, 55.801725], [37.829846, 55.801866], [37.829959, 55.802054], [37.83001, 55.802173], [37.830067, 55.802342], [37.830084, 55.802405], [37.830112, 55.802505], [37.830122, 55.802565], [37.830137, 55.802651], [37.830145, 55.802755], [37.830122, 55.802799], [37.830108, 55.802826], [37.830048, 55.802881], [37.829914, 55.802962], [37.82986, 55.802991]], [[37.404322, 55.771613], [37.40394, 55.771597], [37.403391, 55.771571], [37.402976, 55.771515], [37.401787, 55.771433], [37.401054, 55.771373], [37.400406, 55.771316], [37.400071, 55.771287], [37.399896, 55.77127], [37.398879, 55.771175], [37.398643, 55.771155], [37.398381, 55.771142], [37.398059, 55.771126], [37.398006, 55.771123], [37.397419, 55.771104], [37.397208, 55.771102], [37.397033, 55.771101], [37.396886, 55.7711], [37.396586, 55.771104], [37.396225, 55.771118]], [[37.57515, 55.828912], [37.576362, 55.828981], [37.576592, 55.828994]], [[37.645962, 55.838541], [37.64614, 55.838479], [37.646573, 55.838331], [37.646615, 55.838302], [37.646771, 55.838305], [37.646931, 55.838288], [37.647074, 55.838254], [37.64718, 55.838219], [37.647815, 55.83799], [37.647925, 55.837951], [37.647944, 55.837943], [37.64818, 55.837908], [37.648247, 55.837892], [37.648423, 55.837849], [37.649122, 55.837719]], [[37.645962, 55.838541], [37.645753, 55.838611], [37.645693, 55.838631], [37.645527, 55.838687], [37.645156, 55.838811], [37.64499, 55.838867], [37.644598, 55.838999], [37.643922, 55.839226]], [[37.784247, 55.764063], [37.784368, 55.763865], [37.784486, 55.763672], [37.784695, 55.763713], [37.784734, 55.76365], [37.784793, 55.763553], [37.784915, 55.763354], [37.785061, 55.763116], [37.785224, 55.76285], [37.785314, 55.7627], [37.785451, 55.762478], [37.785557, 55.762305], [37.785622, 55.762199], [37.785788, 55.761927], [37.786146, 55.761342], [37.786349, 55.761012]], [[37.782385, 55.754925], [37.78231, 55.75505], [37.782242, 55.755163], [37.782182, 55.755263], [37.782103, 55.755395], [37.782072, 55.755447], [37.781964, 55.755626], [37.781786, 55.755923], [37.781704, 55.756059], [37.781647, 55.756154], [37.781613, 55.756211], [37.781395, 55.756574], [37.781306, 55.756722], [37.781224, 55.756859], [37.781201, 55.756897], [37.781063, 55.757028], [37.780978, 55.757171], [37.780945, 55.757224], [37.780887, 55.75732]], [[37.54528, 55.826508], [37.543, 55.82537], [37.541274, 55.824508], [37.540862, 55.82424]], [[37.791924, 55.74042], [37.791867, 55.740438], [37.791756, 55.740471], [37.791458, 55.740516]], [[37.789909, 55.741148], [37.789832, 55.741191], [37.789444, 55.741726], [37.789426, 55.741786], [37.789429, 55.741874], [37.789616, 55.742472], [37.789641, 55.742552]], [[37.502196, 55.817543], [37.502098, 55.817519], [37.502134, 55.817475], [37.502186, 55.817412], [37.502645, 55.816853], [37.502721, 55.81676], [37.502638, 55.816738], [37.502711, 55.816649], [37.502771, 55.816575], [37.502567, 55.816527]], [[37.789909, 55.741148], [37.790182, 55.741042], [37.790423, 55.74095], [37.790445, 55.74094], [37.790528, 55.740903], [37.791176, 55.740583], [37.79128, 55.740546], [37.791396, 55.740526], [37.791458, 55.740516]], [[37.487434, 55.816658], [37.487448, 55.816926], [37.487452, 55.817016], [37.487283, 55.816999], [37.487198, 55.816993], [37.487115, 55.816992], [37.486987, 55.816995], [37.486909, 55.816996], [37.486245, 55.81701], [37.486139, 55.817017], [37.486071, 55.817035], [37.485799, 55.817128], [37.485727, 55.817142], [37.485464, 55.817213], [37.485452, 55.817216], [37.485394, 55.817232]], [[37.55825, 55.673103], [37.557953, 55.672826]], [[37.557214, 55.672136], [37.556929, 55.671871]], [[37.463956, 55.812051], [37.463748, 55.81203], [37.463561, 55.812043], [37.463413, 55.812066], [37.463196, 55.812126], [37.463105, 55.812151]], [[37.551308, 55.666616], [37.551417, 55.666719], [37.551866, 55.667137], [37.552054, 55.667312], [37.55218, 55.66743], [37.552501, 55.667729], [37.553826, 55.668964], [37.553846, 55.669008], [37.553855, 55.669036], [37.553879, 55.669111], [37.553882, 55.669119], [37.553889, 55.669129], [37.553932, 55.669159], [37.553997, 55.669183], [37.554322, 55.669487], [37.554343, 55.669559], [37.55458, 55.669708], [37.554735, 55.669851], [37.554787, 55.669899], [37.554893, 55.669996], [37.555367, 55.670466], [37.555432, 55.670536], [37.555504, 55.670597], [37.555765, 55.670823], [37.556115, 55.671125], [37.556929, 55.671871]], [[37.551308, 55.666616], [37.551179, 55.666497]], [[37.527047, 55.642613], [37.527298, 55.642993], [37.527325, 55.643034], [37.527504, 55.643306], [37.52768, 55.643574], [37.527547, 55.643859]], [[37.819464, 55.788904], [37.819581, 55.788906], [37.819635, 55.788907], [37.820072, 55.788914], [37.820962, 55.788927], [37.822827, 55.788956], [37.822998, 55.788959], [37.823072, 55.788963], [37.823241, 55.788985], [37.823288, 55.788994], [37.823373, 55.789017], [37.823413, 55.789033], [37.823429, 55.789039], [37.82345, 55.789052], [37.823482, 55.789082], [37.823513, 55.789125], [37.823531, 55.789164], [37.82355, 55.789254], [37.823555, 55.789303], [37.823543, 55.790194], [37.82354, 55.790346], [37.823529, 55.791116], [37.823528, 55.791179], [37.823524, 55.791442], [37.823523, 55.791501], [37.823522, 55.791583], [37.823519, 55.791797], [37.823512, 55.792312], [37.823507, 55.792671]], [[37.808549, 55.827639], [37.80853, 55.827669], [37.808475, 55.827975], [37.808442, 55.828159], [37.808417, 55.828299], [37.808403, 55.828377], [37.808296, 55.828979], [37.808274, 55.829101], [37.808193, 55.82954], [37.808179, 55.829616], [37.808115, 55.829956], [37.808076, 55.830012], [37.807985, 55.830034], [37.807998, 55.83008]], [[37.760073, 55.671993], [37.759903, 55.671957], [37.759753, 55.671963], [37.759516, 55.671362], [37.759372, 55.670996], [37.759175, 55.670498], [37.758993, 55.670035], [37.758816, 55.669586], [37.758811, 55.669573], [37.758757, 55.669437], [37.758691, 55.669215], [37.758663, 55.669121], [37.758624, 55.66899], [37.758523, 55.668648], [37.758439, 55.668367], [37.758399, 55.668298], [37.758376, 55.668289], [37.758263, 55.668243], [37.758349, 55.668054], [37.758454, 55.667823]], [[37.758525, 55.667666], [37.75856, 55.667589]], [[37.489724, 55.740115], [37.489816, 55.740013], [37.489897, 55.739923], [37.490115, 55.73968], [37.490212, 55.739572], [37.490633, 55.739105]], [[37.492316, 55.737212], [37.492496, 55.737019], [37.492844, 55.736645], [37.493042, 55.736434]], [[37.798057, 55.7192], [37.798157, 55.719526], [37.798246, 55.719817]], [[37.43727, 55.750911], [37.43742, 55.750984], [37.43791, 55.751192], [37.438377, 55.751374], [37.438871, 55.751552], [37.439085, 55.751621]], [[37.658753, 55.620292], [37.659689, 55.61978], [37.659826, 55.619705], [37.660013, 55.619618], [37.660211, 55.619543], [37.660338, 55.619501], [37.660705, 55.619381], [37.660796, 55.619352], [37.66107, 55.619263], [37.66145, 55.619139], [37.661826, 55.619016], [37.661929, 55.618982], [37.66221, 55.618891], [37.662295, 55.618863], [37.662453, 55.618803], [37.662562, 55.618744], [37.662764, 55.618723], [37.662888, 55.61871], [37.663973, 55.618668], [37.664017, 55.618661], [37.66404, 55.618648], [37.665242, 55.618808]], [[37.823986, 55.798749], [37.824022, 55.798777], [37.824088, 55.798829], [37.824194, 55.798921], [37.824274, 55.79899], [37.824462, 55.799125], [37.824691, 55.799282], [37.824821, 55.799366], [37.824939, 55.799441], [37.825037, 55.799503], [37.825175, 55.799568], [37.82544, 55.799663], [37.825575, 55.799705], [37.826429, 55.799972], [37.826585, 55.800021], [37.826744, 55.80007], [37.826882, 55.800114], [37.826998, 55.80015], [37.827141, 55.800195], [37.827691, 55.800367], [37.827815, 55.800405], [37.827979, 55.80046], [37.828082, 55.800515], [37.828449, 55.800703], [37.828492, 55.800725], [37.828612, 55.800795], [37.828788, 55.800897], [37.828893, 55.800963], [37.829061, 55.801076], [37.829128, 55.801121], [37.829191, 55.801175], [37.829282, 55.801251], [37.829304, 55.801272]], [[37.599145, 55.633859], [37.599011, 55.633843], [37.598857, 55.633825], [37.597716, 55.633692], [37.597614, 55.63368], [37.597345, 55.633645], [37.597069, 55.633596], [37.596697, 55.633514], [37.596386, 55.633428], [37.596132, 55.633344], [37.5958, 55.633217], [37.595517, 55.633099], [37.595044, 55.632877], [37.594911, 55.632812], [37.594474, 55.632598], [37.594142, 55.632435], [37.594085, 55.632407], [37.59399, 55.632472]], [[37.556129, 55.682177], [37.555836, 55.681996], [37.556026, 55.681885], [37.55605, 55.681827], [37.556156, 55.681809], [37.556413, 55.68166], [37.55664, 55.681529], [37.556777, 55.681501], [37.55681, 55.681431], [37.557274, 55.681163], [37.557441, 55.681067], [37.557476, 55.680998], [37.557641, 55.680952], [37.557643, 55.680951], [37.557927, 55.680787], [37.558107, 55.680684]], [[37.572446, 55.829681], [37.572446, 55.829359], [37.572452, 55.829216], [37.572563, 55.829216], [37.572781, 55.829216]], [[37.572446, 55.829681], [37.572446, 55.830081], [37.572446, 55.830387], [37.572446, 55.832331]], [[37.494277, 55.731957], [37.494607, 55.731699], [37.494754, 55.731726]], [[37.802236, 55.820212], [37.802223, 55.820367], [37.802216, 55.820474], [37.802206, 55.820617], [37.802178, 55.820987], [37.802171, 55.821085], [37.802162, 55.821201], [37.802142, 55.82148], [37.802133, 55.821593], [37.802126, 55.821692], [37.802089, 55.822194], [37.802424, 55.822197], [37.802458, 55.822257], [37.802562, 55.822442], [37.802929, 55.822682], [37.802986, 55.822712], [37.80305, 55.822736], [37.803123, 55.822764], [37.803171, 55.822796], [37.803247, 55.82289]], [[37.6539, 55.830541], [37.653897, 55.830538], [37.653778, 55.830382], [37.653711, 55.830256], [37.653703, 55.83011], [37.653738, 55.829946], [37.653735, 55.829909], [37.65375, 55.829782], [37.65381, 55.829549], [37.653891, 55.829357], [37.65398, 55.829226], [37.654128, 55.829077], [37.654282, 55.828994], [37.65448, 55.828939], [37.654589, 55.828937], [37.654806, 55.828942], [37.65484, 55.828944], [37.654869, 55.828949], [37.655099, 55.828735], [37.655171, 55.828674], [37.655198, 55.828651], [37.655313, 55.828577], [37.6554, 55.82853], [37.655648, 55.828405], [37.655717, 55.828383], [37.655802, 55.828357], [37.656203, 55.828272], [37.657176, 55.828064], [37.657733, 55.827932], [37.657972, 55.827882], [37.658179, 55.82785], [37.658532, 55.827803], [37.658551, 55.8278], [37.658978, 55.827743], [37.660671, 55.827638], [37.660775, 55.827626], [37.660883, 55.827608], [37.661292, 55.827523], [37.661778, 55.827423], [37.66183, 55.827413], [37.664648, 55.826758], [37.664877, 55.826705], [37.665514, 55.826556], [37.665657, 55.826507], [37.666002, 55.826389], [37.666493, 55.826154], [37.666531, 55.826141], [37.666574, 55.826133], [37.66662, 55.826129], [37.666671, 55.82613], [37.667624, 55.82622], [37.667726, 55.826229], [37.667789, 55.826188], [37.667911, 55.826121], [37.667998, 55.826077], [37.66807, 55.82602], [37.668106, 55.825975], [37.66812, 55.825945], [37.668126, 55.825895], [37.668131, 55.825876], [37.66815, 55.82586], [37.668205, 55.825829], [37.668227, 55.825817], [37.668304, 55.825789], [37.668596, 55.825695], [37.66905, 55.825576], [37.669302, 55.825511], [37.669237, 55.82488], [37.669542, 55.824706]], [[37.755891, 55.6304], [37.755849, 55.630389], [37.755706, 55.630361], [37.75566, 55.630348], [37.755619, 55.630332], [37.754957, 55.629934], [37.754898, 55.629904], [37.754841, 55.629877], [37.754773, 55.62985], [37.754698, 55.629826], [37.754626, 55.629805], [37.754541, 55.629788], [37.75448, 55.629782], [37.754411, 55.629782], [37.754343, 55.62979], [37.754292, 55.629803], [37.75422, 55.629833], [37.754054, 55.629909], [37.753999, 55.629931], [37.75394, 55.629947], [37.752812, 55.630183]], [[37.545332, 55.688553], [37.545455, 55.68848], [37.545629, 55.688377], [37.545872, 55.68824], [37.546064, 55.688132], [37.54618, 55.688066], [37.546255, 55.688023], [37.546292, 55.688003], [37.54626, 55.687984], [37.546173, 55.687935], [37.546039, 55.687866]], [[37.507302, 55.720089], [37.507141, 55.720245], [37.506568, 55.720335], [37.506245, 55.720374], [37.505958, 55.720391], [37.50568, 55.720393], [37.505568, 55.720419], [37.505494, 55.720446], [37.505465, 55.720462], [37.505448, 55.720486], [37.505384, 55.720621], [37.505295, 55.720709], [37.50524, 55.720758], [37.505227, 55.720779], [37.504619, 55.721049]], [[37.646902, 55.620654], [37.646821, 55.620657], [37.646751, 55.620646], [37.646653, 55.620619], [37.646567, 55.620568], [37.646519, 55.620523], [37.646496, 55.620466], [37.646496, 55.620402], [37.646496, 55.620379], [37.647002, 55.620121], [37.647302, 55.619973], [37.647522, 55.619859], [37.647864, 55.61965], [37.648429, 55.619291], [37.648549, 55.619217], [37.648717, 55.619155], [37.648779, 55.619132], [37.648824, 55.619102], [37.648867, 55.619052], [37.648955, 55.618904], [37.649261, 55.618388], [37.649276, 55.618369], [37.649427, 55.618173], [37.649564, 55.617994], [37.649569, 55.617988], [37.649605, 55.617918], [37.649813, 55.617519], [37.649824, 55.617386]], [[37.646902, 55.620654], [37.646884, 55.620706], [37.646836, 55.620762], [37.646677, 55.620849], [37.646564, 55.620911], [37.646472, 55.620941], [37.646341, 55.620969], [37.646097, 55.621022]], [[37.818201, 55.788646], [37.818513, 55.788732], [37.818537, 55.788738], [37.818638, 55.78872], [37.818692, 55.788822], [37.818727, 55.788855], [37.818787, 55.788894]], [[37.437904, 55.750844], [37.437745, 55.750775], [37.437494, 55.750653], [37.43702, 55.750423], [37.436444, 55.750098], [37.435845, 55.749685], [37.435777, 55.749623], [37.435687, 55.749502], [37.435625, 55.749367], [37.435557, 55.749218], [37.435484, 55.749034], [37.435456, 55.748963]], [[37.789563, 55.690993], [37.789528, 55.690874], [37.789419, 55.690614], [37.789367, 55.690491], [37.789361, 55.690465], [37.789367, 55.690439], [37.789384, 55.690416], [37.789331, 55.690409], [37.789158, 55.690388], [37.789046, 55.690386], [37.788608, 55.690407], [37.787917, 55.69044], [37.78777, 55.690448], [37.787658, 55.690453], [37.787553, 55.690458], [37.787351, 55.690488], [37.787268, 55.690495]], [[37.700535, 55.625135], [37.70193, 55.62534], [37.704249, 55.625694], [37.705784, 55.625933], [37.706127, 55.625991], [37.706818, 55.626105], [37.70794, 55.626302], [37.707993, 55.626329]], [[37.729921, 55.630202], [37.729703, 55.629992], [37.729584, 55.629876], [37.729559, 55.629797], [37.729556, 55.629579], [37.729555, 55.629526], [37.729377, 55.629531], [37.729142, 55.629516], [37.72897, 55.629467], [37.728841, 55.629389], [37.728779, 55.629333], [37.728631, 55.6292], [37.728439, 55.628971], [37.728372, 55.628844], [37.728295, 55.628883], [37.728248, 55.628906], [37.727894, 55.628935]], [[37.697921, 55.624578], [37.69698, 55.624186], [37.69675, 55.624066], [37.696597, 55.623982], [37.696323, 55.623804], [37.696159, 55.623655], [37.696016, 55.623502], [37.695866, 55.623317], [37.695765, 55.623178], [37.695681, 55.62304], [37.695549, 55.622763], [37.695431, 55.622401], [37.695337, 55.622153]], [[37.7505, 55.639649], [37.749617, 55.639399], [37.749673, 55.639363], [37.749966, 55.638868], [37.75009, 55.638627], [37.750097, 55.638612]], [[37.7505, 55.639649], [37.751605, 55.639963], [37.752956, 55.640346], [37.752985, 55.640354], [37.753013, 55.640362], [37.755495, 55.641065], [37.755642, 55.641106], [37.756457, 55.641337], [37.75831, 55.641862], [37.758414, 55.641891], [37.758516, 55.64192], [37.761388, 55.642734], [37.761511, 55.642769], [37.761635, 55.642804], [37.763428, 55.643312], [37.763543, 55.643344], [37.763657, 55.643377], [37.765216, 55.643818], [37.765336, 55.643852], [37.765487, 55.643895], [37.766545, 55.644194], [37.76664, 55.644221], [37.766758, 55.644254], [37.767316, 55.644413], [37.768719, 55.64481], [37.769179, 55.644846], [37.769425, 55.644865], [37.770064, 55.644916], [37.77319, 55.645051], [37.773213, 55.645047]], [[37.42839, 55.769316], [37.428343, 55.769449], [37.428779, 55.769617], [37.42891, 55.769691], [37.428993, 55.769753], [37.429016, 55.76977], [37.429449, 55.770168], [37.430013, 55.770688], [37.430492, 55.771128], [37.431869, 55.772358], [37.431941, 55.772422], [37.432022, 55.772468], [37.432131, 55.772495], [37.432243, 55.772511], [37.432822, 55.77255], [37.432912, 55.772556], [37.433954, 55.772627], [37.434004, 55.772631], [37.434032, 55.772632], [37.434632, 55.772699], [37.434954, 55.772742], [37.435172, 55.772771], [37.43578, 55.772871], [37.436136, 55.772945], [37.436217, 55.772962], [37.436338, 55.772988], [37.436907, 55.773133], [37.437446, 55.773284], [37.43803, 55.773493], [37.438328, 55.7736]], [[37.75776, 55.663411], [37.757861, 55.66355], [37.757934, 55.663653], [37.757956, 55.663682], [37.75798, 55.663715], [37.758071, 55.663841], [37.758213, 55.664038], [37.758334, 55.664205], [37.758454, 55.664371], [37.758761, 55.664795], [37.758948, 55.665054], [37.758955, 55.665065], [37.758959, 55.665077], [37.75896, 55.66509], [37.758954, 55.665298], [37.758954, 55.665343], [37.758973, 55.665346], [37.759002, 55.665353], [37.759028, 55.665364], [37.759051, 55.665376], [37.759069, 55.665391], [37.759082, 55.665407], [37.759091, 55.665425], [37.759093, 55.665443], [37.759091, 55.66546], [37.759082, 55.665478], [37.759069, 55.665494], [37.759051, 55.665509], [37.759028, 55.665522], [37.759002, 55.665532], [37.758973, 55.665539], [37.758946, 55.665544], [37.758908, 55.666725], [37.75891, 55.666741], [37.759164, 55.666945], [37.759157, 55.667104], [37.759129, 55.667451], [37.75907, 55.667549], [37.759047, 55.667587], [37.759008, 55.667661], [37.75856, 55.667589]], [[37.758738, 55.662965], [37.758699, 55.66299], [37.758662, 55.663013]], [[37.758738, 55.662965], [37.758816, 55.662916], [37.75886, 55.662885], [37.759002, 55.662768], [37.759038, 55.662744], [37.759067, 55.662717], [37.759105, 55.66268]], [[37.801968, 55.73076], [37.801866, 55.730514], [37.801863, 55.730366], [37.801963, 55.730251], [37.802199, 55.730149], [37.802393, 55.730078], [37.802519, 55.730031], [37.802558, 55.730016], [37.801833, 55.729299], [37.800974, 55.728449], [37.800666, 55.72814], [37.800067, 55.727505], [37.800027, 55.727407], [37.799954, 55.727236], [37.799917, 55.727109], [37.799896, 55.726931], [37.799906, 55.726761], [37.799913, 55.726583], [37.799903, 55.726469], [37.799876, 55.72622], [37.79984, 55.72588], [37.799891, 55.725665], [37.799937, 55.725473]], [[37.801968, 55.73076], [37.802, 55.730838], [37.802033, 55.731032], [37.802021, 55.731133], [37.80201, 55.731224], [37.802003, 55.731285], [37.80189, 55.731497], [37.801746, 55.731675], [37.801603, 55.731805], [37.801357, 55.731932], [37.801244, 55.731976], [37.800725, 55.732379], [37.800334, 55.732889], [37.800243, 55.732973], [37.799401, 55.733428], [37.799347, 55.733458], [37.799259, 55.733504]], [[37.798743, 55.733934], [37.799217, 55.73354], [37.799259, 55.733504]], [[37.798743, 55.733934], [37.798703, 55.733977], [37.798333, 55.734378], [37.798247, 55.734472], [37.798212, 55.73451], [37.797887, 55.734813], [37.797815, 55.734871], [37.797547, 55.735086], [37.797019, 55.735376], [37.796879, 55.735472], [37.796814, 55.735564], [37.796787, 55.735602]], [[37.796681, 55.735773], [37.79626, 55.736515], [37.796121, 55.73676], [37.796052, 55.73688], [37.796019, 55.736938], [37.795982, 55.736999], [37.795534, 55.737718], [37.795422, 55.737898], [37.795381, 55.737963], [37.795319, 55.738063]], [[37.507302, 55.720089], [37.507353, 55.72008], [37.507502, 55.720052], [37.507729, 55.719991], [37.507925, 55.719927], [37.508129, 55.719824], [37.508265, 55.719727], [37.508372, 55.719623], [37.508445, 55.719509], [37.508469, 55.719448]], [[37.794993, 55.738587], [37.795278, 55.73813], [37.795319, 55.738063]], [[37.794993, 55.738587], [37.794817, 55.738871]], [[37.481542, 55.815732], [37.48177, 55.81579], [37.482175, 55.815891], [37.482269, 55.815921], [37.482333, 55.815947], [37.4824, 55.815986], [37.482464, 55.816026], [37.482888, 55.816314], [37.483386, 55.816651]], [[37.485075, 55.817317], [37.484978, 55.817199], [37.484849, 55.817183], [37.484618, 55.817104], [37.484484, 55.817032], [37.484399, 55.816976], [37.483965, 55.816826], [37.483386, 55.816651]], [[37.637526, 55.84271], [37.637453, 55.842271], [37.637393, 55.842108], [37.637332, 55.841977], [37.636628, 55.840585], [37.638313, 55.840508], [37.639343, 55.840461], [37.639795, 55.84043], [37.640184, 55.840395], [37.641543, 55.840274], [37.641624, 55.84026], [37.641651, 55.840255], [37.641666, 55.840254], [37.641678, 55.840258]], [[37.637526, 55.84271], [37.63713, 55.842698], [37.636745, 55.842685], [37.636398, 55.842632], [37.636297, 55.842617]], [[37.749828, 55.630782], [37.749778, 55.630732], [37.749642, 55.630696], [37.749488, 55.630676], [37.749294, 55.630663], [37.747492, 55.630611], [37.74682, 55.630618], [37.746016, 55.630608], [37.74565, 55.630607]], [[37.743765, 55.630545], [37.744148, 55.630546], [37.744227, 55.630552], [37.744385, 55.630575], [37.744542, 55.630598], [37.744623, 55.630605], [37.74478, 55.630611], [37.744846, 55.630623], [37.745029, 55.630679], [37.745086, 55.63069], [37.745194, 55.630697], [37.745278, 55.630692], [37.745375, 55.630677], [37.745439, 55.630662], [37.74565, 55.630607]], [[37.724246, 55.629268], [37.724099, 55.629232], [37.724047, 55.629201], [37.724031, 55.629193], [37.724003, 55.629178], [37.723938, 55.62916], [37.723884, 55.629158], [37.723822, 55.629168], [37.72374, 55.6292], [37.723674, 55.629247]], [[37.724246, 55.629268], [37.7245, 55.629369], [37.724682, 55.62945], [37.724829, 55.629492], [37.72497, 55.629524], [37.725319, 55.6296], [37.725555, 55.629639], [37.725774, 55.629654], [37.725974, 55.629648], [37.726274, 55.629616], [37.726592, 55.62959], [37.726795, 55.629575], [37.726926, 55.629559], [37.727016, 55.629532], [37.727105, 55.629478], [37.727285, 55.629334], [37.727776, 55.629052], [37.727853, 55.628991], [37.727894, 55.628935]], [[37.752582, 55.630231], [37.752812, 55.630183]], [[37.755891, 55.6304], [37.756988, 55.630296], [37.757108, 55.630279], [37.757201, 55.630255], [37.757291, 55.630217], [37.757379, 55.630172], [37.757823, 55.629869], [37.758097, 55.629682], [37.758382, 55.62952], [37.758705, 55.629368], [37.759349, 55.628991], [37.759474, 55.628895], [37.759579, 55.628798], [37.759674, 55.628707], [37.759757, 55.628588], [37.759818, 55.628454], [37.759875, 55.628182], [37.759895, 55.628151], [37.759925, 55.628129], [37.759977, 55.62812], [37.759984, 55.62812], [37.760036, 55.628118], [37.760096, 55.628123], [37.760284, 55.628168], [37.76063, 55.628297], [37.760748, 55.628499], [37.760799, 55.628542], [37.760868, 55.628577], [37.760943, 55.628603], [37.76141, 55.628713], [37.761472, 55.628728], [37.761569, 55.628804], [37.761666, 55.628865], [37.76183, 55.628935], [37.762003, 55.628985], [37.762186, 55.629023], [37.762494, 55.6291], [37.762629, 55.62915], [37.76266, 55.629168], [37.762825, 55.629264], [37.762946, 55.629308], [37.763402, 55.629426], [37.763512, 55.629443]], [[37.768751, 55.630525], [37.768723, 55.630521], [37.768611, 55.630493], [37.768526, 55.630466], [37.767625, 55.63015], [37.767523, 55.630126], [37.767457, 55.63012], [37.767388, 55.630119], [37.767305, 55.630125], [37.766624, 55.630286], [37.76657, 55.630292], [37.766516, 55.630292], [37.766353, 55.630268], [37.765826, 55.630172], [37.765647, 55.630185], [37.765531, 55.630178], [37.765368, 55.630137], [37.765185, 55.63006], [37.764925, 55.629945], [37.764671, 55.629775], [37.764303, 55.629662], [37.763832, 55.629547], [37.763512, 55.629443]], [[37.775748, 55.631987], [37.775522, 55.631818], [37.775386, 55.631749], [37.77524, 55.631693], [37.775116, 55.631657], [37.774957, 55.631605], [37.774872, 55.631551], [37.774816, 55.631493], [37.774788, 55.631427], [37.774774, 55.631315], [37.774745, 55.631174], [37.774717, 55.631083], [37.774646, 55.630982], [37.774557, 55.630897], [37.774453, 55.630833], [37.774303, 55.630774], [37.774058, 55.630718], [37.773832, 55.630686], [37.773597, 55.63067], [37.773394, 55.630668], [37.77325, 55.630677], [37.773084, 55.630688], [37.772762, 55.630733], [37.772581, 55.630796], [37.77242, 55.630813], [37.772387, 55.630815], [37.772361, 55.630814], [37.772333, 55.630809], [37.772303, 55.630799], [37.772166, 55.630742], [37.772129, 55.630728], [37.77207, 55.630722], [37.77203, 55.630723], [37.771398, 55.630887], [37.771374, 55.63089], [37.771273, 55.630903], [37.771139, 55.63091]], [[37.599145, 55.633859], [37.599301, 55.633896], [37.599401, 55.633912], [37.601039, 55.634104], [37.601021, 55.634153], [37.602294, 55.634288], [37.602369, 55.634295], [37.602734, 55.634345], [37.603254, 55.634416]], [[37.798057, 55.7192], [37.798036, 55.71913]], [[37.786563, 55.760661], [37.786607, 55.760589], [37.786634, 55.760545], [37.786662, 55.760499], [37.786756, 55.760346], [37.786907, 55.760099], [37.787362, 55.759356], [37.7874, 55.759293], [37.787708, 55.758791], [37.787767, 55.758694], [37.787827, 55.758597]], [[37.57515, 55.828912], [37.574751, 55.828889], [37.574686, 55.828903], [37.574462, 55.828982]], [[37.492316, 55.737212], [37.492257, 55.737275], [37.492204, 55.737332]], [[37.493864, 55.735533], [37.493811, 55.735594], [37.493409, 55.736032], [37.493159, 55.736306], [37.493042, 55.736434]], [[37.450738, 55.803067], [37.450828, 55.803055], [37.450914, 55.803055], [37.451769, 55.803049], [37.452282, 55.803046]], [[37.453731, 55.803037], [37.453669, 55.803037], [37.452282, 55.803046]], [[37.511377, 55.82101], [37.511198, 55.820963], [37.510316, 55.820735], [37.509909, 55.820629]], [[37.547153, 55.662837], [37.547858, 55.663473], [37.547891, 55.663503], [37.548228, 55.663817], [37.548613, 55.664158], [37.548649, 55.664189], [37.548735, 55.664265], [37.548866, 55.664348]], [[37.493842, 55.815425], [37.493292, 55.815441], [37.493209, 55.815443]], [[37.535038, 55.827065], [37.534826, 55.827061], [37.533104, 55.827024], [37.532759, 55.827013], [37.532632, 55.827019], [37.532497, 55.827026], [37.5324, 55.826927], [37.532273, 55.826852], [37.531802, 55.826628], [37.531518, 55.826493], [37.531439, 55.826455], [37.531198, 55.82634], [37.530953, 55.826224], [37.530896, 55.826203], [37.530397, 55.826019], [37.530315, 55.826], [37.530292, 55.825994], [37.530219, 55.825984], [37.530145, 55.825982]], [[37.650634, 55.617346], [37.650708, 55.617522], [37.650769, 55.617672], [37.650786, 55.617832], [37.650793, 55.617959], [37.650691, 55.618549], [37.650679, 55.618571], [37.650661, 55.618575], [37.650658, 55.618644], [37.65068, 55.618759], [37.650765, 55.618824], [37.650806, 55.618859], [37.650954, 55.618948], [37.651134, 55.619057], [37.651256, 55.619106], [37.651401, 55.619154], [37.652049, 55.619298], [37.652283, 55.619393], [37.652353, 55.619459], [37.652683, 55.61948], [37.652735, 55.619485], [37.652862, 55.619513], [37.653147, 55.619595], [37.653308, 55.619638], [37.653838, 55.619698], [37.654393, 55.61983], [37.654487, 55.619848], [37.654564, 55.619849], [37.654719, 55.61984], [37.654872, 55.619858], [37.655098, 55.619902], [37.655131, 55.61991], [37.655448, 55.620009], [37.655589, 55.620043], [37.655692, 55.620068], [37.655823, 55.62012], [37.656076, 55.620167], [37.656426, 55.620093], [37.656658, 55.62009]], [[37.804576, 55.77665], [37.804633, 55.776597], [37.80485, 55.776369], [37.805042, 55.776147], [37.805062, 55.776015], [37.805069, 55.775871], [37.805045, 55.775724], [37.805004, 55.775597], [37.804864, 55.775339], [37.804826, 55.775238], [37.804812, 55.775161], [37.804794, 55.775011], [37.804866, 55.774811], [37.805106, 55.774135], [37.804493, 55.774121], [37.800951, 55.774039], [37.798693, 55.774067], [37.795029, 55.774029], [37.793317, 55.773971], [37.789024, 55.773826]], [[37.804576, 55.77665], [37.803515, 55.777624], [37.803269, 55.777817], [37.803118, 55.77795], [37.803046, 55.778056], [37.803012, 55.778122], [37.802998, 55.778197], [37.803022, 55.778274], [37.803087, 55.778348], [37.803204, 55.778436], [37.803316, 55.778494], [37.803477, 55.778529], [37.803679, 55.778544], [37.803888, 55.778548], [37.804128, 55.778562], [37.804354, 55.778591], [37.804517, 55.778635], [37.80556, 55.77904], [37.806025, 55.779239], [37.806321, 55.779344], [37.806843, 55.779521], [37.807693, 55.779782], [37.808824, 55.78024], [37.80937, 55.780525], [37.809673, 55.780723], [37.810551, 55.781365]], [[37.811362, 55.783076], [37.81125, 55.78323], [37.811231, 55.783262], [37.811106, 55.783476], [37.810869, 55.784241], [37.810714, 55.784531], [37.810511, 55.784777], [37.810105, 55.78516], [37.810459, 55.78533], [37.81092, 55.78555], [37.811115, 55.785663], [37.811311, 55.785807], [37.811583, 55.78601], [37.811803, 55.786134], [37.81206, 55.786224], [37.812381, 55.786291], [37.812686, 55.786334], [37.813015, 55.786386], [37.813297, 55.786467], [37.813487, 55.786554], [37.813688, 55.786672], [37.814037, 55.786881], [37.814284, 55.786988], [37.814565, 55.78708], [37.814961, 55.787205], [37.815171, 55.787263], [37.81549, 55.787341], [37.815818, 55.787398], [37.816037, 55.787412], [37.816232, 55.787426], [37.816373, 55.787462], [37.816437, 55.787492], [37.816509, 55.787526], [37.816609, 55.78756], [37.816701, 55.787576], [37.816811, 55.78757], [37.816961, 55.787543], [37.817307, 55.78747], [37.817338, 55.787466], [37.817475, 55.787449], [37.817632, 55.787449], [37.817755, 55.787476], [37.817879, 55.787532], [37.81816, 55.787722]], [[37.811362, 55.783076], [37.81144, 55.78297], [37.811537, 55.782703], [37.811532, 55.7824], [37.811383, 55.782061], [37.811234, 55.781847], [37.810551, 55.781365]], [[37.395815, 55.781406], [37.395694, 55.781247], [37.394916, 55.780223]], [[37.492382, 55.750703], [37.492283, 55.750734], [37.492188, 55.750762], [37.492088, 55.750669], [37.492063, 55.750633], [37.491781, 55.750629], [37.491739, 55.750629], [37.491571, 55.750627], [37.491337, 55.750624], [37.491367, 55.750686], [37.491434, 55.750769], [37.491494, 55.750829], [37.491507, 55.75087], [37.491497, 55.750932], [37.491447, 55.75102], [37.491404, 55.751123], [37.4914, 55.751194], [37.491421, 55.751258], [37.491472, 55.75133], [37.491554, 55.751416], [37.491654, 55.751546], [37.491794, 55.751677], [37.491859, 55.751729], [37.491907, 55.751806], [37.491938, 55.751926], [37.491948, 55.752053], [37.491972, 55.752113], [37.49201, 55.752163], [37.49203, 55.752223], [37.492016, 55.752293], [37.491987, 55.752361], [37.491943, 55.752423], [37.491811, 55.752544], [37.491734, 55.75258], [37.491635, 55.752607], [37.491509, 55.752626], [37.491301, 55.752645], [37.491148, 55.752651], [37.490918, 55.752605], [37.490666, 55.752518], [37.490402, 55.752459], [37.490167, 55.752441], [37.489943, 55.752427], [37.489712, 55.752395], [37.489504, 55.752389], [37.489055, 55.752389], [37.488693, 55.752411], [37.488343, 55.752429], [37.487899, 55.752466], [37.487729, 55.752475], [37.487493, 55.752457], [37.487375, 55.752428], [37.48727, 55.752401], [37.487183, 55.752397], [37.487101, 55.752402], [37.486985, 55.752423], [37.486355, 55.752567], [37.486234, 55.752587], [37.48615, 55.752596], [37.486017, 55.752587], [37.485903, 55.752581], [37.485782, 55.75258], [37.485055, 55.752625], [37.484974, 55.752635], [37.484557, 55.752642], [37.484245, 55.752602], [37.483905, 55.752543], [37.483872, 55.752537], [37.483605, 55.75247], [37.483577, 55.752463], [37.483434, 55.752434], [37.483286, 55.752404], [37.483101, 55.752366], [37.482953, 55.752346], [37.482764, 55.752346], [37.482668, 55.752347], [37.482513, 55.752348], [37.482369, 55.752335], [37.482219, 55.752312], [37.482079, 55.752299], [37.481974, 55.752299], [37.481874, 55.752313], [37.481748, 55.752342], [37.481577, 55.752362], [37.481224, 55.752374], [37.481037, 55.752375], [37.480843, 55.752367], [37.480682, 55.752354], [37.480521, 55.752331], [37.4804, 55.752289], [37.480296, 55.752239], [37.480229, 55.752166], [37.480153, 55.752083], [37.480165, 55.75189], [37.480253, 55.751709], [37.480401, 55.751511], [37.480427, 55.751461], [37.480459, 55.751399], [37.480482, 55.751354], [37.480592, 55.751178], [37.480625, 55.750993], [37.480647, 55.750759], [37.480661, 55.750572], [37.480663, 55.750543], [37.480689, 55.750492], [37.480824, 55.750323], [37.48086, 55.750186], [37.480878, 55.75005], [37.480889, 55.749927], [37.480861, 55.749796], [37.480812, 55.749691], [37.480739, 55.749629], [37.480736, 55.749627], [37.480564, 55.749549], [37.480552, 55.749545], [37.480049, 55.749368], [37.479804, 55.749296], [37.479799, 55.749294], [37.479671, 55.74925], [37.4796, 55.749221], [37.479463, 55.749166], [37.479382, 55.749098], [37.479346, 55.749007], [37.479298, 55.748931], [37.479225, 55.748845], [37.479105, 55.748746], [37.479012, 55.748678], [37.478939, 55.748614], [37.478871, 55.748528], [37.478429, 55.748218], [37.478283, 55.748134], [37.478187, 55.748064], [37.478166, 55.74805], [37.478089, 55.747971], [37.4778, 55.747647], [37.477731, 55.747544], [37.477698, 55.747436], [37.47768, 55.747325], [37.47764, 55.747214], [37.477533, 55.747107], [37.477441, 55.747025], [37.477315, 55.746931], [37.477194, 55.746824], [37.476934, 55.746601], [37.476774, 55.746503], [37.476604, 55.746425], [37.476496, 55.746357], [37.476437, 55.746306], [37.476385, 55.746232], [37.476315, 55.746135], [37.476129, 55.745982], [37.47607, 55.745936], [37.475973, 55.745801]], [[37.783526, 55.766082], [37.783563, 55.766501], [37.783511, 55.767599], [37.783505, 55.767729], [37.783277, 55.772604], [37.783241, 55.77289], [37.78316, 55.77331], [37.783143, 55.773393], [37.783057, 55.773626], [37.783582, 55.773644], [37.784277, 55.773667], [37.78464, 55.773679], [37.786274, 55.773734], [37.787864, 55.773788], [37.788495, 55.773809], [37.789024, 55.773826]], [[37.783526, 55.766082], [37.783738, 55.765775], [37.783895, 55.765532], [37.784312, 55.764889]], [[37.796681, 55.735773], [37.796741, 55.735667], [37.796787, 55.735602]], [[37.526063, 55.711683], [37.525999, 55.711656], [37.525209, 55.711326], [37.52237, 55.710139], [37.521963, 55.709968], [37.520238, 55.709247], [37.520063, 55.709174], [37.518795, 55.708644], [37.518664, 55.708589], [37.51849, 55.708516], [37.51809, 55.708349], [37.517927, 55.708281], [37.516875, 55.707841], [37.516825, 55.707812], [37.515117, 55.707098], [37.514878, 55.706998], [37.514574, 55.706871], [37.514565, 55.70688], [37.514468, 55.706839], [37.514418, 55.706853], [37.514055, 55.706697], [37.513919, 55.706639], [37.513812, 55.706577]], [[37.485075, 55.817317], [37.485394, 55.817232]], [[37.658753, 55.620292], [37.658681, 55.620331], [37.65755, 55.620951]], [[37.540405, 55.656359], [37.540352, 55.65631], [37.540274, 55.656232]], [[37.53975, 55.656324], [37.539402, 55.656002], [37.539052, 55.655777], [37.538866, 55.655604], [37.539409, 55.655418], [37.539385, 55.655395]], [[37.53975, 55.656324], [37.540205, 55.656168], [37.540274, 55.656232]], [[37.539243, 55.655267], [37.539298, 55.655318], [37.539385, 55.655395]], [[37.54528, 55.826508], [37.545355, 55.826546], [37.546494, 55.827114], [37.546574, 55.827154]], [[37.572295, 55.832436], [37.572177, 55.832434]], [[37.579119, 55.828701], [37.579017, 55.828662], [37.578842, 55.828584], [37.578797, 55.828544], [37.578611, 55.82865], [37.578527, 55.828698], [37.578292, 55.828805], [37.578191, 55.828858], [37.577948, 55.829009], [37.577945, 55.829008], [37.577887, 55.828995], [37.577765, 55.828984], [37.577686, 55.828985], [37.577198, 55.828989], [37.576662, 55.828993], [37.576592, 55.828994]], [[37.513981, 55.705697], [37.514092, 55.705759], [37.514204, 55.705822], [37.514352, 55.705905], [37.514587, 55.706006], [37.514689, 55.706049], [37.514715, 55.70606], [37.515247, 55.705758]], [[37.619788, 55.63195], [37.619647, 55.631542]], [[37.619626, 55.631502], [37.619602, 55.631449], [37.619595, 55.631434], [37.619578, 55.631397], [37.619561, 55.631366], [37.618966, 55.631457], [37.618983, 55.631488], [37.619031, 55.631593]], [[37.495008, 55.726985], [37.4949, 55.727104], [37.494871, 55.727139], [37.494911, 55.72713], [37.494932, 55.727128], [37.494959, 55.727126], [37.495013, 55.727127], [37.495061, 55.727132], [37.495107, 55.727139], [37.495857, 55.727409]], [[37.708276, 55.626439], [37.709018, 55.626551], [37.708562, 55.6273]], [[37.489724, 55.740115], [37.489668, 55.740177], [37.489525, 55.740336], [37.489045, 55.74085], [37.488907, 55.740997], [37.488839, 55.74107], [37.488637, 55.741293], [37.488673, 55.741303], [37.488772, 55.741332], [37.488884, 55.741365], [37.48885, 55.741402]], [[37.494618, 55.732058], [37.494696, 55.732071], [37.494486, 55.732494], [37.494451, 55.732563], [37.494427, 55.732611], [37.494382, 55.732702], [37.493992, 55.732641], [37.493904, 55.732633], [37.493835, 55.732636], [37.493764, 55.732647], [37.493666, 55.732674], [37.493628, 55.732692], [37.493586, 55.732718], [37.493555, 55.73274], [37.493506, 55.732791], [37.493209, 55.732734]], [[37.798329, 55.720091], [37.798313, 55.720038], [37.798246, 55.719817]], [[37.818779, 55.789112], [37.818787, 55.788894]], [[37.650279, 55.837993], [37.650076, 55.837997], [37.65003, 55.837998], [37.649896, 55.837991], [37.649875, 55.837991], [37.649436, 55.837806], [37.649122, 55.837719]], [[37.650279, 55.837993], [37.65035, 55.837896], [37.650387, 55.837811], [37.650396, 55.837664], [37.65039, 55.837519], [37.650421, 55.837419], [37.650509, 55.837289], [37.650682, 55.837069], [37.650853, 55.836876], [37.650992, 55.836784], [37.651077, 55.836722], [37.651207, 55.836627]], [[37.652613, 55.835281], [37.652815, 55.835117], [37.653227, 55.834783], [37.65362, 55.834465], [37.653706, 55.834376], [37.653758, 55.834323], [37.653882, 55.83414], [37.653925, 55.833916], [37.653939, 55.83384], [37.653995, 55.833823], [37.654137, 55.833775], [37.654125, 55.833726], [37.65415, 55.833648], [37.654442, 55.83335], [37.654598, 55.833237]], [[37.41903, 55.803404], [37.419201, 55.803419], [37.42015, 55.803524], [37.420576, 55.803559], [37.420671, 55.803564], [37.420951, 55.803568], [37.421291, 55.803563], [37.42168, 55.803543], [37.421907, 55.803526], [37.42198, 55.80352], [37.422238, 55.803499], [37.422322, 55.803493], [37.423176, 55.803416], [37.423391, 55.803396], [37.423671, 55.803377], [37.424034, 55.803352], [37.424198, 55.80334]], [[37.797665, 55.723688], [37.797423, 55.72381], [37.796945, 55.724031]], [[37.669882, 55.620358], [37.67017, 55.620057]], [[37.67047, 55.620233], [37.670536, 55.620276], [37.670587, 55.620251], [37.671214, 55.619997]], [[37.461838, 55.810816], [37.46183, 55.81087], [37.462316, 55.810894], [37.46262, 55.810909], [37.462743, 55.810946], [37.462865, 55.811], [37.463308, 55.811197], [37.463412, 55.811202], [37.46365, 55.811212], [37.463762, 55.811217], [37.463665, 55.811682], [37.463619, 55.811842], [37.463577, 55.811989], [37.463511, 55.811997], [37.463369, 55.812021], [37.463064, 55.812104], [37.463105, 55.812151]], [[37.561996, 55.677525], [37.561903, 55.677438], [37.561836, 55.677376], [37.561523, 55.677091], [37.560759, 55.676396], [37.560098, 55.675794], [37.559969, 55.675676], [37.559492, 55.675242], [37.559375, 55.675143], [37.559185, 55.674982], [37.558975, 55.674804]], [[37.540405, 55.656359], [37.54054, 55.656485], [37.540688, 55.656624], [37.540996, 55.656912], [37.541337, 55.657229], [37.54163, 55.657503], [37.54173, 55.657601], [37.541674, 55.65762]], [[37.760073, 55.671993], [37.76, 55.672054], [37.759404, 55.672558], [37.759006, 55.672844], [37.75885, 55.672977], [37.758768, 55.673046], [37.758568, 55.673217], [37.758428, 55.673286], [37.758192, 55.673362], [37.758177, 55.673336]], [[37.758525, 55.667666], [37.758454, 55.667823]], [[37.574206, 55.829095], [37.573852, 55.829219], [37.573718, 55.829218], [37.573719, 55.829193], [37.5736, 55.829193]], [[37.624858, 55.840472], [37.624885, 55.840531], [37.624994, 55.840768], [37.625041, 55.840829], [37.625123, 55.84087], [37.625632, 55.841017], [37.625881, 55.84109], [37.626063, 55.841135]], [[37.627068, 55.841316], [37.627882, 55.841444], [37.627904, 55.841448], [37.627999, 55.841464], [37.628412, 55.841533], [37.628445, 55.841473], [37.62854, 55.841489]], [[37.627068, 55.841316], [37.626698, 55.841257], [37.626063, 55.841135]], [[37.494601, 55.747324], [37.494716, 55.747357], [37.494765, 55.747372], [37.494836, 55.747392], [37.494103, 55.748196], [37.493594, 55.748755], [37.492383, 55.750083], [37.492311, 55.75018], [37.492275, 55.750283], [37.492276, 55.750389], [37.492299, 55.750492], [37.492333, 55.750598]], [[37.475834, 55.746401], [37.475803, 55.746444], [37.475787, 55.746495], [37.475787, 55.746552], [37.475808, 55.746611], [37.475891, 55.746724], [37.476001, 55.74685], [37.476115, 55.746983], [37.476156, 55.747038], [37.476182, 55.747093], [37.476198, 55.747159], [37.476198, 55.747237], [37.476135, 55.747559], [37.476126, 55.74758], [37.476088, 55.747675], [37.476063, 55.747758], [37.476043, 55.747824], [37.476034, 55.748071]], [[37.435831, 55.746791], [37.435996, 55.746559], [37.436056, 55.746469], [37.436116, 55.746399], [37.436158, 55.746358], [37.436201, 55.746317], [37.436295, 55.74624], [37.436462, 55.746136], [37.436546, 55.746084]], [[37.436672, 55.746005], [37.437042, 55.745771], [37.437155, 55.7457], [37.437626, 55.745429], [37.437832, 55.745324], [37.438092, 55.745193], [37.438242, 55.745106], [37.438315, 55.745043], [37.438335, 55.745001], [37.43833, 55.744952], [37.438333, 55.744919], [37.438364, 55.744887], [37.438423, 55.744868], [37.438496, 55.744863], [37.438546, 55.744862], [37.438657, 55.744848], [37.438807, 55.744804], [37.439102, 55.74465], [37.439303, 55.744536], [37.439549, 55.74437], [37.439738, 55.744203], [37.439786, 55.744167], [37.439934, 55.744084], [37.440242, 55.743907], [37.440569, 55.743693], [37.440871, 55.74349], [37.441083, 55.743356], [37.44141, 55.743226], [37.441686, 55.743125], [37.441872, 55.743041], [37.441947, 55.742992], [37.442026, 55.74294], [37.442168, 55.742861], [37.442469, 55.742694], [37.442969, 55.742433], [37.443848, 55.741992], [37.444214, 55.741811], [37.444464, 55.741673], [37.444651, 55.741564], [37.44483, 55.741477], [37.444948, 55.741456], [37.445055, 55.741443], [37.445081, 55.741441], [37.445098, 55.74144], [37.445258, 55.741415], [37.445536, 55.741383], [37.445754, 55.741315], [37.446088, 55.741195], [37.446422, 55.741112], [37.446685, 55.741072], [37.446942, 55.741043], [37.447093, 55.741038], [37.447275, 55.741032], [37.447577, 55.741003], [37.447727, 55.740974], [37.44798, 55.740924], [37.448039, 55.740913], [37.44809, 55.7409], [37.448655, 55.740753], [37.449547, 55.740522], [37.450118, 55.74037], [37.450734, 55.740236], [37.451221, 55.740169], [37.451395, 55.740145], [37.452018, 55.740084], [37.452666, 55.74004], [37.453118, 55.740037], [37.453231, 55.740037], [37.453808, 55.740058], [37.454379, 55.74008], [37.454828, 55.740087], [37.455239, 55.740105], [37.455287, 55.740114], [37.455437, 55.74014], [37.455544, 55.740172], [37.455724, 55.740244], [37.455831, 55.740285], [37.456229, 55.740376], [37.456562, 55.740416], [37.456844, 55.74045], [37.45702, 55.740471], [37.457946, 55.740626], [37.458267, 55.740693], [37.458437, 55.740729], [37.458668, 55.740735], [37.458879, 55.740753], [37.459446, 55.740863], [37.459858, 55.740955], [37.460217, 55.741037], [37.461422, 55.741312], [37.462913, 55.741671], [37.464091, 55.742017], [37.464813, 55.742279], [37.465463, 55.742564], [37.466382, 55.743012], [37.466418, 55.74303], [37.466518, 55.743078], [37.466651, 55.743143], [37.467221, 55.743421], [37.467907, 55.743741], [37.468103, 55.743838], [37.468608, 55.744091], [37.468896, 55.744235], [37.469167, 55.74437], [37.469726, 55.744687], [37.470211, 55.744958], [37.470237, 55.744971], [37.470782, 55.745245], [37.470872, 55.74529], [37.471191, 55.745495], [37.471633, 55.745779], [37.471997, 55.745981], [37.472069, 55.74601], [37.472343, 55.746121], [37.472421, 55.74616], [37.472475, 55.746216], [37.472532, 55.746302], [37.472604, 55.746382], [37.472719, 55.746473], [37.47288, 55.74657], [37.472899, 55.746581], [37.47305, 55.746676], [37.47316, 55.746762], [37.473265, 55.746807], [37.473374, 55.746845], [37.473516, 55.746885], [37.473798, 55.74696], [37.473825, 55.746967], [37.474045, 55.747029], [37.474113, 55.747056], [37.474174, 55.747096], [37.474224, 55.747143], [37.474296, 55.747211], [37.474357, 55.747256], [37.474431, 55.747294], [37.47452, 55.747323], [37.474621, 55.747352], [37.474688, 55.74737], [37.474747, 55.747394], [37.474805, 55.74743], [37.474868, 55.74748], [37.474891, 55.747502], [37.47501, 55.747613], [37.47514, 55.747735], [37.475174, 55.747767], [37.475267, 55.747855], [37.475312, 55.747898], [37.475355, 55.747938], [37.47554, 55.748112], [37.475627, 55.748153], [37.475716, 55.748171], [37.475826, 55.748161], [37.475908, 55.748136], [37.476034, 55.748071]], [[37.78422, 55.764762], [37.784503, 55.7643], [37.784252, 55.764251], [37.784272, 55.764217], [37.784377, 55.764047], [37.784475, 55.763886], [37.784368, 55.763865]], [[37.78422, 55.764762], [37.784033, 55.764726], [37.783844, 55.764689], [37.78371, 55.764663], [37.783691, 55.764693], [37.783671, 55.764727], [37.78365, 55.76476], [37.784312, 55.764889]], [[37.40963, 55.772426], [37.409248, 55.772401], [37.408938, 55.772351], [37.408389, 55.77222]], [[37.40963, 55.772426], [37.409879, 55.77241], [37.410288, 55.772417], [37.410754, 55.77247], [37.411164, 55.772543], [37.412168, 55.772642], [37.412576, 55.772644], [37.412999, 55.772621], [37.413174, 55.772637], [37.41347, 55.772655], [37.413702, 55.772711], [37.413883, 55.772752], [37.414309, 55.772954]], [[37.419612, 55.773452], [37.419424, 55.773389], [37.419203, 55.773355], [37.41878, 55.773323]], [[37.41827, 55.773213], [37.41878, 55.773323]], [[37.41827, 55.773213], [37.418003, 55.77313], [37.41767, 55.773059], [37.417048, 55.773053], [37.416619, 55.773094], [37.416261, 55.773118], [37.416134, 55.773114], [37.415937, 55.773088], [37.415665, 55.773031], [37.415185, 55.772968], [37.414796, 55.77293], [37.414536, 55.772933], [37.414309, 55.772954]], [[37.419612, 55.773452], [37.419948, 55.773518], [37.420071, 55.773538], [37.420323, 55.773544], [37.42037, 55.773545], [37.421889, 55.773583], [37.421995, 55.773572], [37.422155, 55.773539]], [[37.490707, 55.739022], [37.490633, 55.739105]], [[37.481542, 55.815732], [37.480704, 55.815562], [37.479935, 55.815435], [37.479797, 55.815412], [37.479661, 55.815394], [37.479283, 55.815346], [37.478881, 55.815312], [37.478498, 55.815301], [37.477438, 55.814927], [37.477233, 55.81489], [37.477012, 55.814899], [37.476824, 55.815005], [37.476685, 55.815085], [37.476455, 55.815101], [37.47625, 55.81506], [37.476037, 55.814973], [37.475711, 55.814709], [37.474837, 55.814003], [37.474732, 55.813926], [37.474598, 55.813885], [37.474542, 55.813877], [37.474399, 55.813859], [37.474093, 55.813753], [37.473946, 55.813662], [37.47389, 55.813627]], [[37.65731, 55.620405], [37.657342, 55.620405], [37.657397, 55.620393], [37.657435, 55.620374], [37.657451, 55.620339], [37.657449, 55.620208], [37.657413, 55.620149], [37.657412, 55.620097], [37.657308, 55.620091], [37.657304, 55.620091], [37.657321, 55.61997], [37.657214, 55.619965]], [[37.700535, 55.625135], [37.6996, 55.625007]], [[37.708276, 55.626439], [37.708167, 55.626438], [37.708087, 55.626423], [37.708055, 55.626409], [37.708034, 55.626392], [37.708022, 55.626374], [37.708005, 55.626351], [37.707993, 55.626329]], [[37.794886, 55.739405], [37.794846, 55.739397], [37.794716, 55.739614], [37.794425, 55.74009]], [[37.794231, 55.740189], [37.794351, 55.740212], [37.794425, 55.74009]], [[37.794231, 55.740189], [37.7942, 55.740183], [37.794112, 55.740335], [37.794081, 55.740389], [37.792994, 55.740194], [37.792863, 55.740183], [37.792719, 55.74019]], [[37.794886, 55.739405], [37.795185, 55.739463], [37.795283, 55.739483], [37.795311, 55.739488], [37.795401, 55.739506]], [[37.535038, 55.827065], [37.535161, 55.826961], [37.535315, 55.826883], [37.535472, 55.826827], [37.535644, 55.826662], [37.536462, 55.826032], [37.536698, 55.825835], [37.53691, 55.825639], [37.537051, 55.825452], [37.537233, 55.8252], [37.537535, 55.824842], [37.537726, 55.824663], [37.53792, 55.824468], [37.538091, 55.824317], [37.538242, 55.824223], [37.538338, 55.824173], [37.538634, 55.823979], [37.53979, 55.823419], [37.540352, 55.823871], [37.540612, 55.82408], [37.54078, 55.824199], [37.540841, 55.824233], [37.540862, 55.82424]], [[37.622305, 55.632171], [37.622439, 55.632161], [37.622427, 55.63211], [37.622428, 55.632096], [37.622436, 55.632084], [37.622451, 55.632074], [37.62247, 55.632067], [37.622494, 55.632064], [37.622525, 55.632062], [37.62265, 55.632057], [37.623195, 55.632034], [37.62355, 55.63202], [37.624237, 55.631991], [37.624227, 55.631915], [37.624217, 55.631839], [37.625013, 55.631806], [37.625825, 55.631782], [37.625832, 55.631782], [37.625902, 55.631789], [37.625938, 55.631795], [37.625949, 55.631798], [37.625956, 55.631801], [37.625985, 55.631816], [37.626327, 55.631923], [37.626596, 55.631934], [37.626842, 55.631944], [37.627046, 55.63196], [37.627026, 55.632041], [37.627034, 55.632053], [37.627053, 55.632061], [37.627217, 55.632074], [37.627242, 55.63207], [37.627262, 55.632058], [37.627281, 55.631986], [37.627512, 55.632013], [37.627544, 55.632016], [37.627621, 55.632025], [37.627713, 55.632095], [37.628095, 55.632385], [37.628313, 55.632552], [37.628361, 55.632563], [37.628563, 55.63261], [37.628375, 55.632867], [37.628506, 55.632898], [37.628635, 55.632928], [37.62874, 55.632787], [37.628859, 55.632605], [37.629011, 55.632452], [37.629067, 55.632407], [37.630114, 55.631712], [37.630155, 55.631681], [37.630277, 55.631577], [37.630455, 55.631403], [37.630633, 55.631216], [37.630716, 55.631113], [37.630785, 55.631021], [37.630921, 55.630844], [37.63095, 55.630806], [37.631027, 55.6307], [37.63122, 55.630374], [37.631302, 55.630129], [37.63144, 55.629723], [37.631506, 55.629654], [37.631928, 55.629454], [37.632064, 55.629421], [37.63283, 55.629365], [37.632915, 55.629337], [37.632925, 55.629334], [37.632937, 55.629331], [37.632947, 55.629328], [37.632962, 55.629325], [37.632971, 55.629324], [37.632983, 55.629323], [37.632994, 55.629322], [37.633177, 55.629308], [37.633472, 55.629287]], [[37.69974, 55.829783], [37.701131, 55.829305], [37.701252, 55.829264], [37.701693, 55.829115]], [[37.827209, 55.812849], [37.827352, 55.812496], [37.827435, 55.812507], [37.827621, 55.812531], [37.827667, 55.812537], [37.828414, 55.812633], [37.828447, 55.812555]], [[37.827209, 55.812849], [37.827291, 55.81286], [37.827478, 55.812884], [37.827608, 55.812901], [37.827597, 55.812927], [37.827578, 55.812973]], [[37.581432, 55.828572], [37.581558, 55.828581], [37.58167, 55.828602], [37.581782, 55.828633], [37.582299, 55.82889], [37.58242, 55.828814], [37.582442, 55.8288], [37.582752, 55.828602], [37.582971, 55.828463], [37.583097, 55.828382]], [[37.643593, 55.840276], [37.643651, 55.840175], [37.643662, 55.840138], [37.64384, 55.839515], [37.643922, 55.839226]], [[37.643593, 55.840276], [37.643568, 55.840313], [37.641888, 55.840313], [37.641782, 55.840305], [37.641683, 55.840296], [37.641687, 55.840275], [37.641685, 55.840265], [37.641678, 55.840258]], [[37.574206, 55.829095], [37.574462, 55.828982]], [[37.602039, 55.829976], [37.601405, 55.829819], [37.601366, 55.829813], [37.601334, 55.829826], [37.601309, 55.829841], [37.60122, 55.830004], [37.601102, 55.830174], [37.601075, 55.830215], [37.600927, 55.830186]], [[37.517788, 55.716102], [37.518077, 55.715935]], [[37.67047, 55.620233], [37.670389, 55.620185], [37.670361, 55.620168], [37.67017, 55.620057]], [[37.461342, 55.809893], [37.461323, 55.8101], [37.461263, 55.810687], [37.461345, 55.810743], [37.461467, 55.810798], [37.461514, 55.8108]], [[37.602039, 55.829976], [37.604787, 55.830716], [37.605443, 55.830893], [37.605533, 55.830893], [37.605626, 55.830896], [37.605747, 55.830915], [37.606476, 55.831177], [37.606802, 55.831295], [37.606883, 55.831332], [37.606952, 55.831381], [37.60771, 55.832027], [37.608051, 55.83229], [37.608829, 55.832957], [37.609324, 55.833347], [37.609424, 55.833413], [37.609633, 55.833493]], [[37.669882, 55.620358], [37.669846, 55.620376], [37.669809, 55.620415], [37.66979, 55.620435], [37.669735, 55.620494], [37.669722, 55.620508], [37.669586, 55.620649]], [[37.743765, 55.630545], [37.742973, 55.630509], [37.742891, 55.630521], [37.742812, 55.630557], [37.742783, 55.63059], [37.742726, 55.630786], [37.74272, 55.630814], [37.74269, 55.630847], [37.74241, 55.630928], [37.742342, 55.63094], [37.742267, 55.63094], [37.742065, 55.630899], [37.741921, 55.630879], [37.74178, 55.630875], [37.741616, 55.630885], [37.741529, 55.630889], [37.741443, 55.63089], [37.74136, 55.630907], [37.741285, 55.630942], [37.741185, 55.631039], [37.741129, 55.631071], [37.741063, 55.631101], [37.74096, 55.631131], [37.740764, 55.631169], [37.740718, 55.631176], [37.740672, 55.631183], [37.740629, 55.631187], [37.740285, 55.631215], [37.740066, 55.631208], [37.73984, 55.631197], [37.739735, 55.631188], [37.739646, 55.631177], [37.739233, 55.631104], [37.73913, 55.631083], [37.739059, 55.631063], [37.738926, 55.631009], [37.738763, 55.63095], [37.738307, 55.630885], [37.737908, 55.630837], [37.737852, 55.630831], [37.737628, 55.630807], [37.737508, 55.630781], [37.737451, 55.630759], [37.737387, 55.630716], [37.737349, 55.63068], [37.737322, 55.630637], [37.737314, 55.630623], [37.737272, 55.630549], [37.737241, 55.630473], [37.73721, 55.630365], [37.73719, 55.630315], [37.737157, 55.630289], [37.737077, 55.630278], [37.736302, 55.630283], [37.736019, 55.630284], [37.73595, 55.63029], [37.735904, 55.630313], [37.73576, 55.630468], [37.735707, 55.630549], [37.735634, 55.630597], [37.735555, 55.630612], [37.735411, 55.630618], [37.735329, 55.630614], [37.735248, 55.630606], [37.735133, 55.630589], [37.734767, 55.630494], [37.734631, 55.63047], [37.734527, 55.630469], [37.734425, 55.630471], [37.734308, 55.630487], [37.734209, 55.630503], [37.73413, 55.630507], [37.734037, 55.630496], [37.733949, 55.630465], [37.733837, 55.630415], [37.733718, 55.630382], [37.733653, 55.630379], [37.733121, 55.63037], [37.732988, 55.630367], [37.732979, 55.630368], [37.732973, 55.63037], [37.732968, 55.630374], [37.732917, 55.630425], [37.732913, 55.630427], [37.732908, 55.630429], [37.732901, 55.63043], [37.732678, 55.630451], [37.732661, 55.630452], [37.732649, 55.630452], [37.732641, 55.630451], [37.732635, 55.630447], [37.732628, 55.630439], [37.732516, 55.630207], [37.732138, 55.63026], [37.731826, 55.630283], [37.73173, 55.630284], [37.731551, 55.630277], [37.731413, 55.63026], [37.73132, 55.630248], [37.731174, 55.630232], [37.730808, 55.630214], [37.730202, 55.630215], [37.730187, 55.630217], [37.730172, 55.630219], [37.730159, 55.630224], [37.730134, 55.630242]], [[37.436901, 55.804783], [37.437843, 55.804819], [37.438155, 55.804831], [37.439994, 55.804903], [37.440577, 55.804954], [37.44402, 55.805084], [37.449944, 55.805309], [37.451037, 55.805341], [37.451386, 55.805348], [37.451541, 55.805348], [37.4516, 55.805338], [37.451679, 55.805301], [37.451774, 55.805286], [37.451769, 55.805269], [37.451727, 55.805225], [37.451659, 55.805185], [37.451262, 55.804972], [37.451105, 55.804878], [37.450962, 55.804775], [37.450858, 55.804674], [37.450768, 55.804559], [37.450703, 55.804417], [37.450663, 55.804268], [37.45064, 55.804084], [37.450635, 55.804013], [37.450576, 55.803245], [37.450572, 55.803185]], [[37.707961, 55.629429], [37.707865, 55.629458], [37.707754, 55.629478], [37.707619, 55.629493], [37.707521, 55.629491], [37.70743, 55.629472], [37.706627, 55.629159], [37.70658, 55.629134], [37.706539, 55.629092], [37.706514, 55.62903], [37.706486, 55.628933], [37.706413, 55.628871], [37.706252, 55.628779], [37.706063, 55.628686], [37.705989, 55.628652], [37.705848, 55.628617], [37.705787, 55.62859], [37.705706, 55.628505], [37.705663, 55.628435], [37.705633, 55.628333], [37.705632, 55.628304], [37.705645, 55.628281], [37.705666, 55.628253], [37.705701, 55.62823], [37.705731, 55.628214], [37.705761, 55.628203], [37.705864, 55.628184], [37.706, 55.628164], [37.706099, 55.628154], [37.706169, 55.628152], [37.706482, 55.628158], [37.70658, 55.62815], [37.706666, 55.628124], [37.706716, 55.628098], [37.706769, 55.62805], [37.706948, 55.627836], [37.707082, 55.627727], [37.707173, 55.627662], [37.707473, 55.627521], [37.707687, 55.627452], [37.707784, 55.627433], [37.707868, 55.627428], [37.70796, 55.627427], [37.708117, 55.627424], [37.708186, 55.627424], [37.708322, 55.627407], [37.70839, 55.627391], [37.708515, 55.627336], [37.708562, 55.6273]], [[37.536799, 55.693382], [37.536512, 55.693547], [37.536243, 55.6937], [37.536198, 55.693726], [37.536352, 55.693834], [37.536482, 55.693925], [37.536507, 55.693943], [37.536443, 55.693972], [37.536141, 55.693805], [37.536124, 55.693795], [37.536101, 55.693786], [37.536073, 55.693797], [37.536049, 55.69381], [37.535145, 55.694323], [37.535024, 55.694355], [37.534952, 55.694382], [37.534886, 55.694417], [37.5341, 55.694866], [37.53383, 55.695023], [37.533076, 55.695458], [37.532343, 55.695878], [37.531447, 55.696402], [37.531016, 55.696654], [37.53016, 55.697159], [37.530079, 55.697224], [37.529623, 55.697487], [37.528876, 55.697896], [37.528854, 55.697914], [37.528835, 55.69793], [37.52881, 55.697965], [37.528667, 55.698046], [37.528608, 55.69808], [37.528481, 55.698156], [37.528407, 55.698198], [37.528264, 55.698281], [37.528156, 55.698326], [37.525654, 55.699768], [37.525456, 55.699882], [37.522375, 55.701657]], [[37.656854, 55.619954], [37.656995, 55.619958], [37.657214, 55.619965]], [[37.697921, 55.624578], [37.698192, 55.624674], [37.698341, 55.624726], [37.698516, 55.62479], [37.698598, 55.624815], [37.698658, 55.624835], [37.698799, 55.624866], [37.698885, 55.624885], [37.699001, 55.624911], [37.699089, 55.624925], [37.699173, 55.624938], [37.699357, 55.624968], [37.6996, 55.625007]], [[37.650634, 55.617346], [37.6507, 55.617284], [37.650892, 55.617104], [37.650662, 55.617126], [37.650564, 55.617135], [37.650461, 55.617141], [37.650434, 55.617141], [37.65041, 55.617139], [37.650351, 55.617129], [37.650168, 55.617098], [37.649854, 55.61703], [37.649824, 55.617386]], [[37.707961, 55.629429], [37.708513, 55.629133], [37.709203, 55.629105], [37.709332, 55.629095], [37.709361, 55.629094], [37.709381, 55.629097], [37.709406, 55.629105], [37.70948, 55.629136], [37.709501, 55.629144], [37.709523, 55.629147], [37.70954, 55.629147], [37.709693, 55.629142], [37.709722, 55.62914], [37.709755, 55.629136], [37.709781, 55.629131], [37.710059, 55.629065], [37.710107, 55.629058], [37.71047, 55.629038], [37.710485, 55.629032], [37.710492, 55.629022], [37.710476, 55.628932], [37.710483, 55.628911], [37.710517, 55.628896], [37.710679, 55.628851], [37.711094, 55.628728], [37.711303, 55.62868], [37.711585, 55.628637], [37.711799, 55.628622], [37.712049, 55.628615], [37.712222, 55.62863], [37.712357, 55.628641], [37.712833, 55.628704], [37.713111, 55.628773], [37.713263, 55.628826], [37.713424, 55.628895], [37.713599, 55.629102], [37.713755, 55.629184], [37.713963, 55.629237], [37.714138, 55.629253], [37.714369, 55.629258]], [[37.71698, 55.63044], [37.716704, 55.630315], [37.716627, 55.63029], [37.716396, 55.630241], [37.716345, 55.630214], [37.716098, 55.629998], [37.715843, 55.629858], [37.715572, 55.62978], [37.715388, 55.629736], [37.715218, 55.629716], [37.715185, 55.62971], [37.715057, 55.62969], [37.714959, 55.629651], [37.714815, 55.629568], [37.714712, 55.629433], [37.714572, 55.629338], [37.714547, 55.629328], [37.714369, 55.629258]], [[37.71698, 55.63044], [37.716994, 55.630469], [37.717031, 55.63049]], [[37.717183, 55.630419], [37.717184, 55.63044], [37.717171, 55.630469], [37.717133, 55.63049], [37.717082, 55.630498], [37.717031, 55.63049]], [[37.717183, 55.630419], [37.717239, 55.630377], [37.717313, 55.630352], [37.717438, 55.630316], [37.717626, 55.630246], [37.717744, 55.630161], [37.71787, 55.630091], [37.717997, 55.63005], [37.718233, 55.629968], [37.718414, 55.629895], [37.718437, 55.629863], [37.718437, 55.629699], [37.718432, 55.629509], [37.718447, 55.629425], [37.718477, 55.62938], [37.718571, 55.629201], [37.718741, 55.629204], [37.718887, 55.629259], [37.719081, 55.629301], [37.719185, 55.629352], [37.719384, 55.629471], [37.719488, 55.629505], [37.719617, 55.629511], [37.719758, 55.629494], [37.72035, 55.6294], [37.720934, 55.629294], [37.721083, 55.629273], [37.72169, 55.629225], [37.721816, 55.629212], [37.721872, 55.629244], [37.721906, 55.62938], [37.721984, 55.629477], [37.722031, 55.629521], [37.722094, 55.629558], [37.722171, 55.629565], [37.722423, 55.629549], [37.722721, 55.629473], [37.723063, 55.629342], [37.723215, 55.62931], [37.723434, 55.629279], [37.723674, 55.629247]], [[37.435831, 55.746791], [37.435751, 55.746849], [37.435412, 55.747093], [37.435257, 55.747244], [37.435149, 55.747395], [37.435075, 55.747558], [37.435044, 55.747727], [37.435048, 55.747859], [37.435074, 55.747988], [37.435136, 55.748164], [37.435456, 55.748963]], [[37.475834, 55.746401], [37.475913, 55.746061], [37.475968, 55.745819], [37.475973, 55.745801]], [[37.768751, 55.630525], [37.768943, 55.630596], [37.769073, 55.630618], [37.769214, 55.63063], [37.769437, 55.630643], [37.769649, 55.630644], [37.769745, 55.630649], [37.769935, 55.6307], [37.770284, 55.630792], [37.770382, 55.630817], [37.770684, 55.630888], [37.770894, 55.630929], [37.770947, 55.630939], [37.771153, 55.630948], [37.771139, 55.63091]], [[37.537163, 55.693386], [37.537027, 55.693311], [37.537, 55.693296], [37.536972, 55.693312], [37.53689, 55.693359]], [[37.701832, 55.829149], [37.702078, 55.829065], [37.702137, 55.829045], [37.702466, 55.829353], [37.702859, 55.829721], [37.7028, 55.829741], [37.702554, 55.829824], [37.702341, 55.829897], [37.702382, 55.829935], [37.702428, 55.829979], [37.702448, 55.829997], [37.702696, 55.830228], [37.702714, 55.830244], [37.702761, 55.830287], [37.702814, 55.830337], [37.702948, 55.830462], [37.703077, 55.830581], [37.703196, 55.830734], [37.703447, 55.831058]], [[37.701832, 55.829149], [37.701757, 55.829174], [37.701693, 55.829115]], [[37.729921, 55.630202], [37.72995, 55.630232], [37.729983, 55.630244], [37.730134, 55.630242]], [[37.561099, 55.633085], [37.560453, 55.633112], [37.560031, 55.633177], [37.559705, 55.633256], [37.559392, 55.633331], [37.558935, 55.63347], [37.558776, 55.633519], [37.558337, 55.633671], [37.558018, 55.633795], [37.557755, 55.633907], [37.557456, 55.63404], [37.557331, 55.634115], [37.557246, 55.634165], [37.557034, 55.634304], [37.556838, 55.634409], [37.55658, 55.634522], [37.556151, 55.634687], [37.555937, 55.634775], [37.555844, 55.634811], [37.555511, 55.634942], [37.55515, 55.635068], [37.554255, 55.635335], [37.554033, 55.635393], [37.553785, 55.63546], [37.553486, 55.635531]], [[37.54485, 55.638085], [37.544861, 55.6381], [37.544751, 55.638131], [37.544541, 55.63819], [37.54442, 55.638223], [37.544411, 55.63821], [37.544311, 55.638236]], [[37.561099, 55.633085], [37.561426, 55.633048], [37.561493, 55.633041], [37.561535, 55.633032], [37.56164, 55.633011], [37.561944, 55.632949], [37.562387, 55.632801], [37.562922, 55.632683], [37.563733, 55.632504], [37.564166, 55.632382], [37.564708, 55.632208], [37.565124, 55.632121], [37.565611, 55.632085], [37.566153, 55.632121], [37.566473, 55.632161], [37.56678, 55.6322]], [[37.57617, 55.632235], [37.57646, 55.632338], [37.576929, 55.632513], [37.577282, 55.632729], [37.57769, 55.632601], [37.577789, 55.632571], [37.578386, 55.632494], [37.578704, 55.632438], [37.579663, 55.632269], [37.580744, 55.631995], [37.581375, 55.631835], [37.581536, 55.631794], [37.583483, 55.631391], [37.583826, 55.631342], [37.584289, 55.631355], [37.584503, 55.631342], [37.584661, 55.631343], [37.584757, 55.631344], [37.585762, 55.631401], [37.585851, 55.631344], [37.585912, 55.631269], [37.585925, 55.631213], [37.585936, 55.631171], [37.585938, 55.631155]], [[37.494277, 55.731957], [37.494312, 55.73201], [37.494416, 55.732026]], [[37.808181, 55.830344], [37.807998, 55.83008]], [[37.808181, 55.830344], [37.807803, 55.830312], [37.807702, 55.830311], [37.807615, 55.830317]], [[37.806373, 55.830357], [37.806535, 55.830302], [37.80666, 55.830273], [37.806799, 55.830257], [37.806967, 55.830244], [37.807116, 55.830247], [37.807157, 55.830248], [37.807373, 55.830271], [37.807615, 55.830317]], [[37.806373, 55.830357], [37.806303, 55.830352], [37.806225, 55.830327], [37.806158, 55.830302], [37.806075, 55.830281], [37.805949, 55.83026], [37.805788, 55.830251], [37.80568, 55.830258], [37.805645, 55.83026], [37.805539, 55.830289], [37.80544, 55.830336], [37.805371, 55.830382], [37.805308, 55.83045], [37.805286, 55.830492], [37.805274, 55.830514], [37.805259, 55.830575], [37.805276, 55.830639], [37.805339, 55.830698], [37.805432, 55.830742], [37.805548, 55.830782], [37.805658, 55.830813], [37.805757, 55.830858], [37.805784, 55.830874], [37.805981, 55.830994], [37.806152, 55.831018], [37.806443, 55.831068], [37.807066, 55.831205]], [[37.51242, 55.706424], [37.512233, 55.70653], [37.51219, 55.706555], [37.511776, 55.706792]], [[37.511997, 55.706908], [37.512146, 55.706992], [37.512294, 55.707075], [37.512374, 55.707137], [37.512419, 55.707172], [37.512486, 55.70721]], [[37.511997, 55.706908], [37.511979, 55.706919], [37.511899, 55.706875], [37.511776, 55.706792]], [[37.794467, 55.739249], [37.794714, 55.739298], [37.795466, 55.739449], [37.795427, 55.739511], [37.795401, 55.739506]], [[37.75776, 55.663411], [37.75771, 55.663361], [37.758125, 55.663229], [37.758153, 55.663223], [37.75818, 55.66322], [37.758284, 55.663215], [37.758454, 55.663128], [37.758568, 55.663069], [37.758613, 55.663044], [37.758662, 55.663013]], [[37.758071, 55.659923], [37.758125, 55.659945], [37.758144, 55.659954], [37.758214, 55.659984], [37.758239, 55.659995], [37.758338, 55.660036], [37.758386, 55.660109], [37.758408, 55.660151], [37.758439, 55.660186], [37.758486, 55.660228], [37.75869, 55.660345], [37.758818, 55.660442], [37.758972, 55.66057]], [[37.758071, 55.659923], [37.758003, 55.659899], [37.757884, 55.659858], [37.75773, 55.659804], [37.757663, 55.659784], [37.757625, 55.659774]], [[37.787229, 55.690499], [37.787015, 55.690512], [37.786899, 55.690519], [37.78672, 55.690529], [37.786541, 55.69054]], [[37.61909, 55.632346], [37.619176, 55.632338], [37.619212, 55.632318], [37.619218, 55.632281], [37.619214, 55.632227], [37.619054, 55.631639], [37.619031, 55.631593]], [[37.572295, 55.832436], [37.572295, 55.832331]], [[37.619626, 55.631502], [37.619647, 55.631542]], [[37.686973, 55.818105], [37.687058, 55.818103], [37.687172, 55.818089], [37.687502, 55.818015], [37.687396, 55.817842], [37.687077, 55.817769], [37.686913, 55.81772], [37.686836, 55.817683], [37.686708, 55.817598], [37.686445, 55.81746], [37.6861, 55.817322], [37.686017, 55.817298], [37.685912, 55.817287], [37.685766, 55.81729], [37.68523, 55.817371], [37.684996, 55.817349], [37.68482, 55.817351], [37.684683, 55.817364], [37.684551, 55.817398], [37.683973, 55.817606], [37.683804, 55.817667], [37.683622, 55.81772], [37.683399, 55.817754], [37.683222, 55.817785], [37.683037, 55.817839], [37.682618, 55.818034], [37.682147, 55.818232], [37.681487, 55.818342], [37.681364, 55.818352], [37.681244, 55.818349], [37.681236, 55.818347], [37.68103, 55.818318], [37.680882, 55.818309], [37.680372, 55.818339], [37.680038, 55.818374], [37.679813, 55.818413], [37.679576, 55.818469], [37.679356, 55.818548], [37.679205, 55.818612], [37.679077, 55.818687], [37.678598, 55.819026], [37.678498, 55.819081], [37.678398, 55.819107], [37.678287, 55.819127], [37.677959, 55.819145], [37.677793, 55.819158], [37.677656, 55.819184], [37.677539, 55.819229], [37.67744, 55.819298], [37.677323, 55.819399], [37.677123, 55.819531], [37.67686, 55.819679], [37.676732, 55.819696], [37.676612, 55.819722], [37.676507, 55.819763], [37.676379, 55.819829], [37.67534, 55.820492], [37.675209, 55.820598], [37.675112, 55.820712], [37.675035, 55.82087], [37.674935, 55.821041], [37.674807, 55.821212], [37.674693, 55.821326], [37.674411, 55.821568], [37.674237, 55.821676], [37.674075, 55.821766], [37.673991, 55.821812], [37.673789, 55.82195], [37.673016, 55.82257], [37.672816, 55.822742], [37.672662, 55.822902], [37.672485, 55.823155], [37.672431, 55.823254], [37.672331, 55.82337], [37.671518, 55.824067], [37.671497, 55.824083], [37.671059, 55.824418], [37.670723, 55.824529], [37.670557, 55.824543], [37.670395, 55.824547], [37.670244, 55.824548], [37.669973, 55.824583], [37.669542, 55.824706]], [[37.686973, 55.818105], [37.686919, 55.818177], [37.686852, 55.818251], [37.686742, 55.818317], [37.686568, 55.81839], [37.686339, 55.8185], [37.686222, 55.818546], [37.686156, 55.818572], [37.685973, 55.818621]], [[37.684007, 55.819401], [37.683619, 55.819752], [37.683915, 55.819937], [37.68437, 55.820363], [37.684765, 55.820732], [37.684719, 55.821991], [37.684716, 55.822378], [37.684681, 55.822702], [37.684378, 55.825477], [37.68414, 55.827239], [37.683673, 55.830355]], [[37.775748, 55.631987], [37.775878, 55.632025], [37.7761, 55.632047], [37.776474, 55.632061], [37.776821, 55.63204], [37.777029, 55.632002], [37.777284, 55.631917], [37.777539, 55.631843], [37.777991, 55.631727], [37.778387, 55.631624], [37.778905, 55.631491], [37.779318, 55.631397], [37.779566, 55.631318], [37.780018, 55.631126], [37.780489, 55.630936], [37.780854, 55.630797], [37.780921, 55.630746], [37.7812, 55.630596], [37.781213, 55.632624], [37.781218, 55.633506], [37.781215, 55.633528], [37.781211, 55.633538], [37.781197, 55.63355], [37.780994, 55.633608], [37.780928, 55.633643], [37.780918, 55.633653], [37.780888, 55.6337], [37.780881, 55.633768], [37.780921, 55.634312], [37.780915, 55.634636], [37.780902, 55.634687], [37.780884, 55.634727], [37.780859, 55.634753], [37.78079, 55.634786], [37.780634, 55.634853], [37.780525, 55.634912], [37.780382, 55.635004], [37.780359, 55.635037], [37.78039, 55.635058], [37.781058, 55.635023], [37.78137, 55.635006], [37.781463, 55.635016], [37.781494, 55.63502], [37.781548, 55.635036], [37.781658, 55.635113], [37.781755, 55.635209], [37.781786, 55.635283], [37.781818, 55.635385], [37.781778, 55.635809], [37.781495, 55.635946], [37.781462, 55.63597], [37.78144, 55.636], [37.781424, 55.636028], [37.781368, 55.63621], [37.781368, 55.636218], [37.781347, 55.636457], [37.781356, 55.63649], [37.781382, 55.636531], [37.781382, 55.636537], [37.7814, 55.636777], [37.781417, 55.636832], [37.781439, 55.63687], [37.781516, 55.636946], [37.781569, 55.636972], [37.781632, 55.63699], [37.78185, 55.637043], [37.781892, 55.63706], [37.781928, 55.637081], [37.781977, 55.637124], [37.782077, 55.637244], [37.782149, 55.637429], [37.782156, 55.637478], [37.782156, 55.637523], [37.782156, 55.637533], [37.782153, 55.637576], [37.782018, 55.638014], [37.782014, 55.638026], [37.782003, 55.638159], [37.782013, 55.638248], [37.78203, 55.638384], [37.782031, 55.638395], [37.782148, 55.638945], [37.782148, 55.638955], [37.782145, 55.639011], [37.782113, 55.639079], [37.782052, 55.639124], [37.781899, 55.639218], [37.781818, 55.639327], [37.781785, 55.639626], [37.781783, 55.639637], [37.781813, 55.639713], [37.781781, 55.639977], [37.781781, 55.640107], [37.781782, 55.640238], [37.781782, 55.640293], [37.781783, 55.640347], [37.781783, 55.640395], [37.781784, 55.640446], [37.781784, 55.640538], [37.781785, 55.640631], [37.781786, 55.640732]], [[37.635077, 55.62916], [37.635023, 55.629164], [37.635001, 55.629167], [37.634979, 55.629174], [37.634961, 55.629182], [37.634683, 55.629333], [37.633629, 55.629412], [37.633578, 55.629433], [37.633509, 55.629445], [37.633482, 55.629328], [37.633472, 55.629287]], [[37.781293, 55.642146], [37.781358, 55.64205], [37.781499, 55.641666], [37.781717, 55.641188], [37.781756, 55.641086], [37.781773, 55.641004], [37.781786, 55.640868], [37.781786, 55.640732]], [[37.781293, 55.642146], [37.780881, 55.64291], [37.780867, 55.642943], [37.780859, 55.642978], [37.780857, 55.643022], [37.780864, 55.643074], [37.780879, 55.643105], [37.780908, 55.643137], [37.780969, 55.643169], [37.781369, 55.643358], [37.78145, 55.643401], [37.781491, 55.643433], [37.781547, 55.643484], [37.78159, 55.643543], [37.781613, 55.643595], [37.78162, 55.643651], [37.781606, 55.643696], [37.781586, 55.643729], [37.781547, 55.64377], [37.781516, 55.643799], [37.781468, 55.643831], [37.781387, 55.643875], [37.781293, 55.643919], [37.781192, 55.643953], [37.780986, 55.64402], [37.780889, 55.644052], [37.78062, 55.644141], [37.780564, 55.644166], [37.780521, 55.644195], [37.780419, 55.644275], [37.780334, 55.644361], [37.780313, 55.64439], [37.780302, 55.644416], [37.7803, 55.644427], [37.780295, 55.644458], [37.780297, 55.644506], [37.780526, 55.645309], [37.780546, 55.645367], [37.780605, 55.645485], [37.78061, 55.645495], [37.780688, 55.645611], [37.78078, 55.645721], [37.780864, 55.645805], [37.780904, 55.645845], [37.781078, 55.646001], [37.781181, 55.646075], [37.781232, 55.646152], [37.781245, 55.64621], [37.781226, 55.646269], [37.781207, 55.646295], [37.781157, 55.646335], [37.780986, 55.646389], [37.780454, 55.646566], [37.780406, 55.646582], [37.780321, 55.646598], [37.780223, 55.646609], [37.780135, 55.646605], [37.780057, 55.646586], [37.779972, 55.646559], [37.779929, 55.646544]], [[37.776571, 55.645508], [37.777121, 55.645604], [37.777658, 55.645682], [37.777912, 55.645723], [37.777924, 55.645727], [37.778082, 55.645771], [37.778297, 55.645841], [37.778641, 55.645982], [37.778768, 55.646041], [37.778829, 55.646076], [37.778872, 55.64611], [37.778933, 55.646176], [37.778995, 55.646237], [37.779061, 55.646278], [37.779138, 55.646313], [37.77928, 55.64636], [37.779546, 55.646419], [37.779708, 55.646465], [37.779929, 55.646544]], [[37.776571, 55.645508], [37.776439, 55.645435], [37.775929, 55.645251], [37.775744, 55.645181], [37.775678, 55.645157], [37.775608, 55.645145], [37.775273, 55.645127], [37.775057, 55.645073], [37.77388, 55.644819], [37.773743, 55.644825], [37.773629, 55.644854], [37.773547, 55.644874], [37.773306, 55.645028], [37.773213, 55.645047]], [[37.55106, 55.666385], [37.550665, 55.666018], [37.550258, 55.665638], [37.549846, 55.665254], [37.549427, 55.664863], [37.549232, 55.664684], [37.54911, 55.664572], [37.548963, 55.664437], [37.548866, 55.664348]], [[37.55106, 55.666385], [37.551179, 55.666497]], [[37.557214, 55.672136], [37.557707, 55.672596], [37.557953, 55.672826]], [[37.55825, 55.673103], [37.558516, 55.67335], [37.558734, 55.673553], [37.55901, 55.673811], [37.559021, 55.673857], [37.559073, 55.673906]], [[37.527047, 55.642613], [37.527036, 55.642597], [37.527755, 55.642406], [37.528077, 55.642321], [37.528205, 55.642286], [37.528639, 55.642171], [37.528802, 55.642128], [37.529423, 55.641963], [37.529706, 55.641888], [37.530712, 55.641621], [37.531532, 55.641403], [37.531987, 55.641282], [37.532056, 55.641264], [37.532182, 55.64123], [37.532368, 55.641177], [37.5328, 55.641052], [37.532882, 55.641029], [37.53299, 55.640998], [37.533254, 55.640922], [37.533441, 55.640868], [37.53372, 55.640788], [37.534124, 55.640672], [37.534668, 55.640516], [37.535088, 55.640395], [37.535695, 55.640234], [37.536579, 55.639999], [37.536775, 55.639979], [37.537189, 55.63987], [37.537281, 55.639845], [37.537338, 55.639765], [37.537439, 55.639738], [37.537573, 55.639702], [37.53773, 55.639677], [37.537825, 55.639683], [37.537891, 55.639702], [37.537961, 55.639727], [37.538465, 55.639852], [37.538565, 55.639826], [37.538656, 55.639802]], [[37.552904, 55.684004], [37.552807, 55.683941], [37.553402, 55.683602], [37.553827, 55.683356], [37.554288, 55.683091], [37.554311, 55.683103], [37.554483, 55.683198], [37.554642, 55.68311], [37.554811, 55.683018], [37.554911, 55.682985], [37.554994, 55.682973], [37.55507, 55.682969], [37.555101, 55.682968], [37.55543, 55.682623], [37.555805, 55.682451], [37.555876, 55.682419], [37.555995, 55.682361], [37.556144, 55.68229]], [[37.41214, 55.797268], [37.41224, 55.797334]], [[37.426288, 55.803471], [37.426544, 55.803473], [37.426947, 55.803479], [37.427316, 55.803501], [37.427681, 55.803528], [37.42791, 55.803544], [37.427989, 55.80355], [37.428304, 55.803568], [37.428747, 55.803594], [37.428878, 55.803602], [37.429653, 55.803728]], [[37.426288, 55.803471], [37.426278, 55.803462], [37.42622, 55.803426], [37.426139, 55.803397], [37.426031, 55.80337], [37.42578, 55.803328], [37.425705, 55.803326], [37.425608, 55.803323], [37.425424, 55.803317], [37.424198, 55.80334]], [[37.749645, 55.636361], [37.749913, 55.636394], [37.750078, 55.636415], [37.750186, 55.636428], [37.750301, 55.636442]], [[37.797665, 55.723688], [37.797641, 55.723604]], [[37.652613, 55.835281], [37.65179, 55.835505], [37.651645, 55.835558], [37.651542, 55.835613], [37.650995, 55.836073], [37.650947, 55.836131], [37.650918, 55.836184], [37.650915, 55.836209], [37.650922, 55.836229], [37.651039, 55.836304], [37.651049, 55.836313], [37.651053, 55.836323], [37.651048, 55.836333], [37.650853, 55.836489], [37.651035, 55.83656], [37.651207, 55.836627]], [[37.547153, 55.662837], [37.547123, 55.662798], [37.547126, 55.662724], [37.546812, 55.662421], [37.546414, 55.662037], [37.546224, 55.661853], [37.545648, 55.661316], [37.545569, 55.661278], [37.545444, 55.661247]], [[37.437936, 55.773969], [37.43751, 55.773803], [37.436823, 55.773596], [37.435966, 55.773399], [37.435912, 55.773388], [37.43532, 55.77327], [37.434543, 55.773146], [37.434264, 55.773128], [37.433902, 55.773115], [37.432813, 55.773106], [37.431008, 55.773091], [37.43061, 55.773123], [37.430315, 55.773188], [37.429924, 55.77327], [37.429713, 55.773302], [37.429031, 55.773348], [37.428474, 55.773379], [37.427882, 55.773443], [37.427128, 55.773483], [37.426536, 55.773471], [37.425982, 55.773483], [37.425524, 55.773501], [37.425223, 55.773473], [37.424965, 55.773416], [37.424712, 55.773312], [37.424619, 55.773222], [37.424462, 55.773148], [37.424412, 55.773151], [37.424323, 55.773155], [37.424202, 55.773199], [37.424121, 55.773251], [37.424089, 55.773273], [37.423871, 55.773387], [37.423632, 55.773486], [37.423302, 55.77357], [37.423075, 55.773618], [37.422922, 55.77361], [37.422773, 55.773572], [37.422623, 55.773515], [37.422612, 55.77351], [37.422572, 55.773501], [37.422499, 55.773495], [37.422248, 55.773519], [37.422155, 55.773539]], [[37.501693, 55.720323], [37.500835, 55.720342], [37.50072, 55.720535], [37.500474, 55.720972], [37.500347, 55.721134], [37.500115, 55.721381], [37.500007, 55.721505], [37.499957, 55.721562], [37.499775, 55.721765]], [[37.829241, 55.8033], [37.829302, 55.803317], [37.829412, 55.803358], [37.829652, 55.803449]], [[37.768815, 55.650875], [37.768751, 55.65085], [37.768589, 55.650775], [37.768324, 55.650613], [37.768163, 55.650469], [37.768093, 55.650377], [37.767892, 55.65011], [37.767713, 55.649872], [37.767579, 55.649693], [37.767291, 55.649428], [37.767081, 55.649287], [37.767443, 55.649188], [37.767681, 55.649123], [37.768311, 55.648341], [37.768331, 55.648316], [37.768345, 55.648289], [37.768379, 55.648206], [37.768387, 55.648186], [37.76844, 55.648057], [37.767839, 55.648055], [37.767773, 55.648054], [37.767739, 55.648052], [37.767705, 55.648049], [37.767202, 55.648001], [37.767053, 55.647986], [37.766979, 55.647974], [37.766919, 55.647963], [37.766867, 55.647949], [37.76679, 55.64792], [37.76632, 55.647716], [37.766279, 55.647699], [37.766216, 55.647679], [37.766131, 55.647658], [37.766054, 55.647641], [37.765521, 55.647539], [37.765466, 55.647517], [37.765434, 55.647494], [37.765395, 55.647454], [37.76506, 55.647094], [37.765039, 55.647077], [37.764892, 55.646974], [37.764804, 55.646937]], [[37.764677, 55.646884], [37.764279, 55.646806], [37.76343, 55.646639], [37.763363, 55.646622], [37.763316, 55.646601], [37.763266, 55.64657], [37.763224, 55.646524], [37.763014, 55.646225], [37.762987, 55.646194], [37.762965, 55.646177], [37.762948, 55.646164], [37.762902, 55.646142], [37.762857, 55.646129], [37.762811, 55.646125], [37.761849, 55.646115], [37.761412, 55.646104], [37.761407, 55.646103], [37.761316, 55.646096], [37.761212, 55.646085], [37.761083, 55.646065], [37.760926, 55.646031], [37.760863, 55.646012], [37.760809, 55.645994], [37.760745, 55.645961], [37.760696, 55.645928], [37.760633, 55.64588], [37.760118, 55.645484], [37.76009, 55.645463], [37.760067, 55.645448], [37.760038, 55.645432], [37.759805, 55.645319], [37.75951, 55.645176], [37.759448, 55.645145], [37.759379, 55.645121], [37.759303, 55.645097], [37.759255, 55.645084], [37.759212, 55.645076], [37.758681, 55.644989], [37.758251, 55.644919], [37.758134, 55.644899], [37.758016, 55.644873], [37.757938, 55.644854], [37.757533, 55.644747], [37.757392, 55.644697], [37.757321, 55.644664], [37.757252, 55.644622], [37.757153, 55.644543], [37.75711, 55.644512], [37.757044, 55.644481], [37.756956, 55.644457], [37.755807, 55.644201], [37.755695, 55.644173], [37.754752, 55.643937], [37.754685, 55.64392], [37.753966, 55.643741], [37.753841, 55.643709], [37.753781, 55.643694], [37.753726, 55.643669], [37.753688, 55.643635], [37.753666, 55.643598], [37.753658, 55.643566], [37.75366, 55.643529], [37.75366, 55.643527], [37.753758, 55.643243], [37.753766, 55.643209], [37.75376, 55.643181], [37.753744, 55.64315], [37.753716, 55.643119], [37.753631, 55.643055], [37.753563, 55.643018], [37.75356, 55.643016], [37.753488, 55.64298], [37.753365, 55.642936], [37.753169, 55.642875], [37.752629, 55.642709], [37.751944, 55.642498], [37.75173, 55.642433], [37.751671, 55.642418], [37.751616, 55.642407], [37.751546, 55.642392], [37.751466, 55.642379], [37.751404, 55.642371], [37.751343, 55.642367], [37.751291, 55.642364], [37.751225, 55.642362], [37.751143, 55.642365], [37.751069, 55.642373], [37.751028, 55.642381], [37.750712, 55.642447], [37.750652, 55.642453], [37.750586, 55.642453], [37.750501, 55.64245], [37.750422, 55.642443], [37.750342, 55.642427], [37.750273, 55.642409], [37.750194, 55.642379], [37.750106, 55.642343], [37.75004, 55.64232], [37.74998, 55.642302], [37.74994, 55.642294], [37.749925, 55.642291], [37.749848, 55.642282], [37.749771, 55.642276], [37.749619, 55.642279], [37.748989, 55.64229], [37.748218, 55.642271], [37.748163, 55.642267], [37.748093, 55.642252], [37.748024, 55.642226], [37.747859, 55.642157], [37.747766, 55.642119], [37.747728, 55.642093], [37.747698, 55.642062], [37.747519, 55.641797], [37.747511, 55.641769], [37.747511, 55.641729], [37.747517, 55.641693], [37.747525, 55.641671], [37.747646, 55.641337], [37.74765, 55.641319], [37.74765, 55.641307], [37.747642, 55.641296], [37.747623, 55.641285], [37.747595, 55.641276], [37.74676, 55.641121], [37.746743, 55.641124], [37.746732, 55.641128], [37.746728, 55.641132], [37.746722, 55.641142], [37.746571, 55.641558], [37.746569, 55.641565], [37.746547, 55.64159], [37.7465, 55.641607], [37.746451, 55.641615], [37.746122, 55.641664], [37.746056, 55.641677], [37.745998, 55.641694], [37.745943, 55.641712], [37.745943, 55.641713], [37.745883, 55.641742], [37.745836, 55.641779], [37.745803, 55.641814], [37.745773, 55.641863], [37.745345, 55.642645], [37.745315, 55.642677], [37.745269, 55.642713], [37.745208, 55.642741], [37.745159, 55.642761], [37.745129, 55.642789], [37.745109, 55.642817], [37.745087, 55.642851], [37.744881, 55.643358], [37.744843, 55.64345], [37.744779, 55.643607], [37.744912, 55.643624], [37.745066, 55.643643], [37.74521, 55.643661]], [[37.764677, 55.646884], [37.764804, 55.646937]], [[37.561996, 55.677525], [37.562216, 55.67773], [37.562305, 55.677813], [37.562395, 55.677897]], [[37.636133, 55.842613], [37.636028, 55.842609], [37.63565, 55.842554], [37.635224, 55.842623], [37.634878, 55.842679], [37.634395, 55.842501], [37.633628, 55.842219], [37.633317, 55.842144], [37.633246, 55.842137], [37.633158, 55.842139], [37.633094, 55.842145], [37.633039, 55.842147], [37.632983, 55.842141], [37.632942, 55.842127], [37.632894, 55.842104], [37.632849, 55.84207], [37.632793, 55.842028], [37.632731, 55.842003], [37.632324, 55.841906], [37.631762, 55.841771], [37.631506, 55.841709], [37.631275, 55.841671], [37.631074, 55.841652], [37.63102, 55.841645], [37.630907, 55.84163], [37.630775, 55.841575], [37.63064, 55.841489], [37.630373, 55.841455], [37.630318, 55.841451], [37.63026, 55.841453], [37.629728, 55.841499], [37.628934, 55.841489], [37.628624, 55.841504], [37.62854, 55.841489]], [[37.609958, 55.833568], [37.609954, 55.83366], [37.610115, 55.833717], [37.610731, 55.833934], [37.610792, 55.833951], [37.610854, 55.833965], [37.611035, 55.834006], [37.6111, 55.834028], [37.611375, 55.834169], [37.611628, 55.8343], [37.61174, 55.834463], [37.611766, 55.834511], [37.611778, 55.834533], [37.611845, 55.834676], [37.611881, 55.834736], [37.611917, 55.83478], [37.611951, 55.834813], [37.612001, 55.834849], [37.612978, 55.835483], [37.613023, 55.835504], [37.613075, 55.835527], [37.613187, 55.835569], [37.613384, 55.835633], [37.613457, 55.835657]], [[37.510219, 55.718998], [37.51009, 55.719031], [37.50979, 55.719108], [37.509832, 55.719406], [37.509827, 55.719459], [37.509826, 55.719461], [37.509743, 55.719636], [37.509559, 55.71959], [37.509196, 55.719525], [37.508884, 55.719492], [37.508469, 55.719448]], [[37.593611, 55.632324], [37.593201, 55.632316], [37.593081, 55.632318], [37.592964, 55.63231], [37.592782, 55.632292], [37.592699, 55.632281], [37.592251, 55.63222], [37.591247, 55.632084], [37.590355, 55.631963], [37.590119, 55.631931], [37.589816, 55.631888], [37.589784, 55.631882], [37.589588, 55.631844], [37.58944, 55.631791], [37.589226, 55.631744], [37.588846, 55.631659], [37.588456, 55.631604], [37.587865, 55.631492], [37.586384, 55.631293], [37.585938, 55.631155]], [[37.655393, 55.83229], [37.655315, 55.83229], [37.655282, 55.832442], [37.655162, 55.832662], [37.655128, 55.832691], [37.65513, 55.83271]], [[37.54485, 55.638085], [37.545053, 55.637896], [37.545329, 55.637817], [37.545413, 55.637782], [37.545508, 55.637723], [37.545647, 55.637647], [37.545717, 55.637609], [37.545842, 55.63755], [37.545991, 55.637494], [37.54616, 55.63743], [37.546181, 55.637423], [37.546777, 55.637251], [37.546887, 55.637219], [37.550082, 55.636333], [37.550657, 55.636189], [37.551663, 55.635943], [37.552873, 55.635667], [37.553486, 55.635531]], [[37.538754, 55.639776], [37.538732, 55.639727], [37.538728, 55.639685], [37.538728, 55.639619], [37.538742, 55.639568], [37.53875, 55.63954], [37.538767, 55.639484], [37.538789, 55.639461], [37.538791, 55.63946], [37.53884, 55.639441], [37.538908, 55.639423], [37.539059, 55.639384], [37.539141, 55.639362], [37.53937, 55.639302], [37.540234, 55.639074], [37.54125, 55.638806], [37.541365, 55.638776], [37.542712, 55.638421], [37.543183, 55.638286], [37.543327, 55.638245], [37.543507, 55.638193], [37.543632, 55.638157], [37.543676, 55.63815], [37.544311, 55.638236]], [[37.818201, 55.788646], [37.81816, 55.787722]], [[37.495008, 55.726985], [37.495163, 55.726812], [37.496188, 55.725671], [37.496235, 55.725579], [37.496377, 55.725421], [37.496681, 55.725082], [37.496841, 55.724904], [37.496882, 55.724859], [37.497896, 55.723731], [37.49817, 55.723437], [37.498283, 55.723318], [37.498328, 55.72327], [37.498695, 55.722879], [37.498914, 55.722646], [37.49896, 55.722602], [37.499067, 55.722521], [37.499775, 55.721765]], [[37.517788, 55.716102], [37.517303, 55.716381], [37.517287, 55.71639], [37.517268, 55.716381], [37.517173, 55.716434], [37.51706, 55.716497], [37.51695, 55.716559], [37.516797, 55.716647], [37.516673, 55.716711], [37.514076, 55.717768], [37.513499, 55.718023], [37.513365, 55.718052], [37.512548, 55.718378], [37.512483, 55.718405], [37.512377, 55.71845], [37.512224, 55.718525], [37.512131, 55.718577], [37.512001, 55.71865], [37.511909, 55.718702], [37.511619, 55.718865], [37.511001, 55.719186], [37.51087, 55.719254]], [[37.461838, 55.810816], [37.461514, 55.8108]], [[37.527828, 55.644266], [37.528108, 55.644673], [37.52836, 55.64504], [37.528876, 55.645758], [37.529483, 55.646477], [37.529528, 55.64653]], [[37.527828, 55.644266], [37.527771, 55.644183], [37.527699, 55.644079], [37.527667, 55.644031], [37.527631, 55.64398], [37.527547, 55.643859]], [[37.684007, 55.819401], [37.684593, 55.819058], [37.684727, 55.819032], [37.685742, 55.818697], [37.685973, 55.818621]], [[37.513981, 55.705697], [37.513804, 55.705798], [37.513325, 55.706094], [37.513162, 55.706187], [37.51296, 55.706162], [37.51295, 55.706176], [37.51285, 55.706148], [37.512752, 55.706113]], [[37.768815, 55.650875], [37.768714, 55.650956], [37.768606, 55.651009], [37.768088, 55.651272], [37.76796, 55.651337], [37.767857, 55.651347], [37.767838, 55.651349], [37.767697, 55.651363], [37.76771, 55.651419], [37.767712, 55.65145], [37.767693, 55.651632], [37.767689, 55.651674], [37.767672, 55.651716], [37.767382, 55.651956], [37.76732, 55.652007], [37.767, 55.652275], [37.766807, 55.652436], [37.766459, 55.652724], [37.766268, 55.652883], [37.766133, 55.652995], [37.766055, 55.65306], [37.766033, 55.653071], [37.765955, 55.653106], [37.765933, 55.653113], [37.765914, 55.653121], [37.765618, 55.653363], [37.765518, 55.65345], [37.765468, 55.653581], [37.764821, 55.654119], [37.764643, 55.654267], [37.764439, 55.654436], [37.763896, 55.654887], [37.763826, 55.654946], [37.763656, 55.655088], [37.763511, 55.655208], [37.76292, 55.655698], [37.762795, 55.655732], [37.762761, 55.655737], [37.762671, 55.655751], [37.762601, 55.655759], [37.762374, 55.655784], [37.761863, 55.65584], [37.761789, 55.655842], [37.761702, 55.65584], [37.761544, 55.655829], [37.761532, 55.655867], [37.76151, 55.655915], [37.761449, 55.655957], [37.76137, 55.656003], [37.761388, 55.656018], [37.761416, 55.656054], [37.761466, 55.656118], [37.761502, 55.656183], [37.761526, 55.656255], [37.76155, 55.656322], [37.761573, 55.656393], [37.761602, 55.65647], [37.761619, 55.656558], [37.761624, 55.65662], [37.76161, 55.65669], [37.761589, 55.656741], [37.761582, 55.656759], [37.761362, 55.656954], [37.761256, 55.657043], [37.761115, 55.657161], [37.761006, 55.657253], [37.760976, 55.657278], [37.760449, 55.657719], [37.760088, 55.658022], [37.759647, 55.658391], [37.759393, 55.658604], [37.759277, 55.658702], [37.759055, 55.658887], [37.759052, 55.65889], [37.758771, 55.659125], [37.758354, 55.659474], [37.758228, 55.65957], [37.758188, 55.659595], [37.758122, 55.659637], [37.757994, 55.65969], [37.757897, 55.659719], [37.757768, 55.65975], [37.757625, 55.659774]], [[37.584623, 55.828896], [37.584338, 55.828748], [37.58379, 55.828301]], [[37.583683, 55.828369], [37.583097, 55.828382]], [[37.583683, 55.828369], [37.58379, 55.828301]], [[37.581432, 55.828572], [37.58079, 55.828252], [37.5805, 55.828107], [37.580222, 55.827969]], [[37.573597, 55.829218], [37.573525, 55.829218], [37.573222, 55.829217], [37.573175, 55.829217], [37.572998, 55.829216], [37.572781, 55.829216]], [[37.573597, 55.829218], [37.5736, 55.829193]], [[37.495724, 55.730839], [37.496105, 55.730531], [37.496325, 55.730354], [37.496371, 55.73032], [37.496754, 55.730034], [37.49745, 55.729604], [37.497557, 55.729538], [37.498305, 55.72919], [37.498654, 55.729064], [37.49914, 55.728902], [37.499399, 55.728834], [37.499538, 55.728798], [37.499676, 55.728761]], [[37.496091, 55.727449], [37.496189, 55.727488], [37.496264, 55.727426], [37.496402, 55.72748], [37.496529, 55.72753], [37.497049, 55.727733], [37.497133, 55.727766], [37.497571, 55.727938], [37.497834, 55.72804], [37.498459, 55.728285], [37.4988, 55.728419], [37.499111, 55.72854], [37.49955, 55.728712], [37.499613, 55.728737], [37.499676, 55.728761]], [[37.609958, 55.833568], [37.609875, 55.833521], [37.609769, 55.833496], [37.609653, 55.833493], [37.609633, 55.833493]], [[37.387107, 55.770851], [37.387798, 55.770868]], [[37.510219, 55.718998], [37.510319, 55.718969], [37.510352, 55.71896], [37.51087, 55.719254]], [[37.794343, 55.739147], [37.794373, 55.739099], [37.794549, 55.738817], [37.794817, 55.738871]], [[37.522082, 55.713881], [37.522016, 55.713917], [37.521958, 55.713973], [37.52191, 55.714012], [37.521646, 55.714162], [37.521382, 55.714312], [37.521087, 55.714479], [37.520771, 55.714659], [37.520402, 55.714869], [37.520348, 55.7149], [37.519825, 55.715197], [37.519511, 55.715375], [37.51928, 55.715507], [37.519152, 55.71558], [37.518845, 55.715754], [37.518366, 55.716014], [37.518077, 55.715935]], [[37.542923, 55.689886], [37.543068, 55.689825], [37.543252, 55.689719]], [[37.545332, 55.688553], [37.545221, 55.688616], [37.544249, 55.689173], [37.543729, 55.689471], [37.543446, 55.689633], [37.543364, 55.68968], [37.543252, 55.689719]], [[37.537163, 55.693386], [37.537412, 55.693249], [37.537249, 55.693158], [37.537238, 55.693141], [37.537247, 55.693123], [37.53751, 55.692972], [37.537767, 55.692805]], [[37.636133, 55.842613], [37.63626, 55.842616], [37.636297, 55.842617]], [[37.808549, 55.827639], [37.808656, 55.82765], [37.808722, 55.827614], [37.808857, 55.827539]], [[37.799204, 55.724618], [37.798428, 55.724476], [37.797864, 55.724383], [37.797613, 55.72434], [37.797533, 55.724355], [37.797419, 55.724396], [37.797016, 55.724539], [37.796968, 55.724495], [37.796875, 55.724407], [37.796833, 55.724367], [37.796782, 55.724311], [37.796701, 55.724333], [37.796674, 55.724326], [37.79673, 55.72417], [37.796945, 55.724031]], [[37.494618, 55.732058], [37.494416, 55.732026]], [[37.6539, 55.830541], [37.654118, 55.830741], [37.654286, 55.830896], [37.654348, 55.830952], [37.654458, 55.831054], [37.654673, 55.831252], [37.655067, 55.831589], [37.655215, 55.831738], [37.6553, 55.83187], [37.655315, 55.832103], [37.655417, 55.832103]], [[37.655128, 55.832691], [37.654798, 55.833058], [37.654598, 55.833237]], [[37.655393, 55.83229], [37.655416, 55.83229], [37.655463, 55.83229], [37.655507, 55.83229], [37.655577, 55.83225], [37.655602, 55.832199], [37.655577, 55.832143], [37.655507, 55.832103], [37.655417, 55.832103]], [[37.797269, 55.723616], [37.797313, 55.723601]], [[37.797269, 55.723616], [37.797109, 55.723671], [37.797096, 55.723688], [37.797099, 55.723701], [37.797146, 55.723744], [37.797178, 55.723753], [37.797214, 55.72375], [37.797641, 55.723604]], [[37.496091, 55.727449], [37.496032, 55.727517], [37.49596, 55.727598], [37.495889, 55.727578], [37.495746, 55.727539], [37.495857, 55.727409]], [[37.502196, 55.817543], [37.502094, 55.817667], [37.502046, 55.817726], [37.50193, 55.817867], [37.501804, 55.818022], [37.501545, 55.818338], [37.502299, 55.818534], [37.502392, 55.818558]], [[37.828403, 55.81346], [37.828315, 55.813377], [37.827989, 55.813198], [37.827853, 55.813124], [37.827731, 55.813057], [37.827578, 55.812973]], [[37.436672, 55.746005], [37.436546, 55.746084]], [[37.4597, 55.809367], [37.459794, 55.809404], [37.460071, 55.809192], [37.460134, 55.809166], [37.46019, 55.809156], [37.460204, 55.809154], [37.460289, 55.809148], [37.460351, 55.809155], [37.460932, 55.809441], [37.461081, 55.809514], [37.461196, 55.809516]], [[37.787229, 55.690499], [37.787268, 55.690495]], [[37.789563, 55.690993], [37.789524, 55.691012], [37.78949, 55.691019], [37.789479, 55.69102], [37.789385, 55.69103], [37.789361, 55.691037], [37.789358, 55.691053], [37.789563, 55.691751], [37.789636, 55.692004], [37.789721, 55.692294], [37.79001, 55.693318], [37.790015, 55.693338], [37.790046, 55.693442], [37.790094, 55.693606], [37.790172, 55.693873], [37.790454, 55.694824], [37.790533, 55.695094], [37.790616, 55.695378], [37.790635, 55.695422], [37.790655, 55.69549], [37.790817, 55.696045], [37.790982, 55.696606], [37.791015, 55.696721], [37.790991, 55.696725], [37.791008, 55.696782], [37.791033, 55.69687], [37.791057, 55.696948], [37.791154, 55.696948], [37.791167, 55.696956], [37.791175, 55.696978]], [[37.542923, 55.689886], [37.542362, 55.690209], [37.541922, 55.690464], [37.54185, 55.690505], [37.541777, 55.690547], [37.541313, 55.690813], [37.540747, 55.691139], [37.540618, 55.691214], [37.540484, 55.691291], [37.540429, 55.691323], [37.540382, 55.69135], [37.540316, 55.691392], [37.540249, 55.691436], [37.538871, 55.692176], [37.538747, 55.692243], [37.538614, 55.692319], [37.537767, 55.692805]], [[37.552098, 55.684371], [37.551668, 55.684635], [37.551476, 55.684744], [37.551337, 55.684783], [37.551171, 55.684867], [37.551102, 55.684898], [37.551057, 55.684939], [37.55103, 55.684982], [37.550999, 55.685011], [37.55023, 55.68549], [37.549425, 55.685951], [37.549268, 55.686], [37.549153, 55.686045], [37.549073, 55.686067], [37.548758, 55.686259], [37.548725, 55.686304], [37.548697, 55.686356], [37.548649, 55.686395], [37.548199, 55.686641], [37.547791, 55.686881], [37.547597, 55.686996], [37.547177, 55.687226], [37.546897, 55.687402], [37.546799, 55.687457], [37.546725, 55.687494], [37.546631, 55.687513], [37.54657, 55.687545], [37.546558, 55.687547], [37.546301, 55.687671], [37.546223, 55.687717], [37.546191, 55.687741], [37.546132, 55.687804], [37.54611, 55.687826], [37.546039, 55.687866]], [[37.552098, 55.684371], [37.552234, 55.684444]], [[37.803214, 55.823056], [37.803224, 55.823007], [37.803247, 55.82289]], [[37.437936, 55.773969], [37.438283, 55.773642], [37.438328, 55.7736]], [[37.39504, 55.771224], [37.391914, 55.77105], [37.390646, 55.771005], [37.390516, 55.771001], [37.389187, 55.770961], [37.388609, 55.770941], [37.387795, 55.770913], [37.387798, 55.770868]], [[37.495724, 55.730839], [37.495647, 55.730901], [37.495543, 55.730958], [37.495256, 55.731108], [37.495191, 55.731155], [37.49514, 55.731203], [37.495086, 55.731246], [37.495056, 55.73127], [37.495053, 55.731276], [37.495056, 55.731281], [37.495062, 55.731288], [37.495075, 55.731292], [37.495116, 55.731301], [37.495188, 55.731314], [37.495202, 55.731318], [37.495213, 55.731324], [37.495221, 55.731333], [37.495224, 55.731348], [37.49522, 55.731359], [37.495187, 55.731384], [37.49486, 55.731642], [37.494754, 55.731726]], [[37.489454, 55.733532], [37.49026, 55.733664], [37.490383, 55.733689], [37.490528, 55.733718], [37.49099, 55.73382], [37.491558, 55.733983], [37.492378, 55.734215], [37.493135, 55.734429], [37.494034, 55.734689], [37.494651, 55.734861], [37.494589, 55.73493], [37.494555, 55.734968], [37.494524, 55.735005]], [[37.796719, 55.716885], [37.796566, 55.716964], [37.796483, 55.71695], [37.796337, 55.716947], [37.796274, 55.716822], [37.796213, 55.716701], [37.796176, 55.716626], [37.796142, 55.716558], [37.796087, 55.716448], [37.79609, 55.716426], [37.796124, 55.716416], [37.796451, 55.716368], [37.796508, 55.716354], [37.796568, 55.716313], [37.796587, 55.7163], [37.796878, 55.716104], [37.796888, 55.716095], [37.796895, 55.716086], [37.796896, 55.716079], [37.796897, 55.71607], [37.796893, 55.71604], [37.796812, 55.71577], [37.796664, 55.715282], [37.796621, 55.715138], [37.796482, 55.714683], [37.796313, 55.714131], [37.796276, 55.71401], [37.796201, 55.713761], [37.79611, 55.713463], [37.796001, 55.713108], [37.795908, 55.712839]], [[37.69974, 55.829783], [37.69969, 55.829737], [37.698117, 55.830278], [37.697772, 55.830397], [37.696788, 55.830735], [37.696613, 55.830777], [37.69643, 55.830796], [37.696376, 55.830798], [37.696315, 55.830801], [37.69419, 55.83074], [37.694185, 55.830794], [37.694181, 55.830848], [37.693952, 55.830841], [37.692111, 55.830788], [37.691468, 55.83077], [37.690436, 55.83074], [37.690246, 55.830734], [37.690101, 55.830729], [37.687962, 55.83065], [37.687969, 55.830596], [37.687975, 55.830542], [37.683929, 55.830393], [37.683759, 55.830363], [37.683673, 55.830355]], [[37.488106, 55.741353], [37.488052, 55.741335], [37.487919, 55.741471], [37.487831, 55.741562], [37.487143, 55.742273], [37.486216, 55.743231], [37.485163, 55.744319], [37.485097, 55.74439], [37.485092, 55.744399], [37.485092, 55.744404], [37.485096, 55.744417], [37.485112, 55.744427], [37.485127, 55.744431], [37.485409, 55.744512], [37.485383, 55.744541], [37.485325, 55.744605], [37.485323, 55.744609], [37.485325, 55.744612], [37.485343, 55.744617], [37.487415, 55.745222], [37.487595, 55.745274], [37.488085, 55.745417], [37.488424, 55.745516], [37.490074, 55.745997], [37.490185, 55.746029], [37.49111, 55.746299]], [[37.57617, 55.632235], [37.575978, 55.632188], [37.575858, 55.632174], [37.575607, 55.632156], [37.575242, 55.632167], [37.574209, 55.632425], [37.57392, 55.632465], [37.573835, 55.632463], [37.573721, 55.632461], [37.573321, 55.632433], [37.568761, 55.632426], [37.568409, 55.632406], [37.568105, 55.632365], [37.567331, 55.63223], [37.567266, 55.632226], [37.56678, 55.6322]], [[37.703743, 55.831061], [37.703583, 55.831056], [37.703447, 55.831058]], [[37.55252, 55.684338], [37.552656, 55.68429], [37.552766, 55.684217]], [[37.539243, 55.655267], [37.538463, 55.654723], [37.537908, 55.654205], [37.537606, 55.653923], [37.536901, 55.653266], [37.536652, 55.653034], [37.536149, 55.652565], [37.535581, 55.652035], [37.534342, 55.650879], [37.533944, 55.650508], [37.533678, 55.65026], [37.533635, 55.65022], [37.533568, 55.650156], [37.533393, 55.649995], [37.532927, 55.649566], [37.532646, 55.649307], [37.532486, 55.64916], [37.531663, 55.648522], [37.531453, 55.648322], [37.53099, 55.647881], [37.530283, 55.647208], [37.530206, 55.647135], [37.529931, 55.646905], [37.529667, 55.64666], [37.529617, 55.646613], [37.529528, 55.64653]], [[37.828465, 55.812512], [37.828447, 55.812555]], [[37.501063, 55.816134], [37.501703, 55.816301], [37.502567, 55.816527]], [[37.489454, 55.733532], [37.489333, 55.733518], [37.489294, 55.733511], [37.489256, 55.733501], [37.489237, 55.733496], [37.489215, 55.733489], [37.489199, 55.733481], [37.489194, 55.733477], [37.489182, 55.733465], [37.489178, 55.73346], [37.489172, 55.733443], [37.489173, 55.733385], [37.489185, 55.73336], [37.489213, 55.733324], [37.489607, 55.732891], [37.489653, 55.732841], [37.489776, 55.732783], [37.489787, 55.732778], [37.489798, 55.732775], [37.489922, 55.732736], [37.490067, 55.732715], [37.49008, 55.732714], [37.490262, 55.732706], [37.490332, 55.732709], [37.490618, 55.73275], [37.49218, 55.733001], [37.492353, 55.733026], [37.492363, 55.733027], [37.49249, 55.733035], [37.492499, 55.733035], [37.492619, 55.733035], [37.492634, 55.733035], [37.492741, 55.733022], [37.492756, 55.73302], [37.492859, 55.732996], [37.493023, 55.732922], [37.493181, 55.73278], [37.493185, 55.732775], [37.493209, 55.732734]], [[37.823576, 55.794429], [37.823484, 55.794432]], [[37.749645, 55.636361], [37.749617, 55.636434], [37.749556, 55.636469], [37.749541, 55.636473], [37.749522, 55.636472], [37.749507, 55.636465], [37.749456, 55.636436]], [[37.39504, 55.771224], [37.396241, 55.771194], [37.396225, 55.771118]], [[37.759556, 55.661419], [37.759574, 55.661486], [37.759581, 55.661554], [37.759578, 55.661623], [37.759563, 55.661703], [37.759545, 55.661776], [37.759514, 55.661858], [37.759499, 55.661901], [37.759441, 55.662], [37.759418, 55.662069], [37.759402, 55.662112], [37.75934, 55.662281], [37.759302, 55.662384], [37.759231, 55.662537], [37.759177, 55.662601], [37.759105, 55.66268]], [[37.759556, 55.661419], [37.759533, 55.661394], [37.759507, 55.661365], [37.759481, 55.661334], [37.759457, 55.661292], [37.759442, 55.661257], [37.759422, 55.661212], [37.75941, 55.661152], [37.759399, 55.661096], [37.759396, 55.661036], [37.759379, 55.660981], [37.759268, 55.660844], [37.75924, 55.660813], [37.759157, 55.660726], [37.75906, 55.66064], [37.758972, 55.66057]], [[37.792855, 55.703459], [37.793016, 55.703659], [37.793095, 55.703771], [37.793529, 55.705321], [37.793588, 55.705425], [37.793613, 55.70547], [37.793676, 55.705578], [37.793707, 55.705684], [37.79372, 55.70573], [37.793733, 55.705772], [37.793781, 55.705944], [37.793813, 55.706058], [37.793917, 55.706439], [37.793985, 55.706683], [37.794055, 55.706929], [37.794137, 55.707219], [37.794191, 55.70727], [37.794222, 55.707303], [37.794231, 55.707379], [37.794258, 55.707447]], [[37.799204, 55.724618], [37.79944, 55.724665], [37.799637, 55.724721], [37.800152, 55.724958]], [[37.80006, 55.725058], [37.800131, 55.725197], [37.8001, 55.725288], [37.800004, 55.725422], [37.799937, 55.725473]], [[37.647846, 55.628101], [37.647866, 55.628177]], [[37.603497, 55.634511], [37.603302, 55.634497], [37.603254, 55.634416]], [[37.603497, 55.634511], [37.603756, 55.634542], [37.60388, 55.634556], [37.604054, 55.634523], [37.604417, 55.634568], [37.604465, 55.634584], [37.605071, 55.634655], [37.605249, 55.634638]], [[37.800152, 55.720816], [37.799898, 55.720773], [37.799706, 55.720736], [37.799253, 55.720649], [37.799183, 55.720636], [37.798705, 55.720529], [37.798645, 55.720508], [37.798592, 55.720476], [37.798555, 55.720446], [37.798469, 55.720368], [37.798388, 55.720282]], [[37.605258, 55.63461], [37.605249, 55.634638]], [[37.605258, 55.63461], [37.605351, 55.634622], [37.605359, 55.634622], [37.605409, 55.63462], [37.605885, 55.63453], [37.605979, 55.634512], [37.607831, 55.634228], [37.607961, 55.634208], [37.607971, 55.634206], [37.608032, 55.634197], [37.608399, 55.634141], [37.609409, 55.633986], [37.610484, 55.633822], [37.610937, 55.633753], [37.611051, 55.633735], [37.611987, 55.633592], [37.612927, 55.633449], [37.613138, 55.633416], [37.6133, 55.633406], [37.613366, 55.633399], [37.613447, 55.633391], [37.61378, 55.63334], [37.614624, 55.633211], [37.614883, 55.633171], [37.615809, 55.63303], [37.616156, 55.632977], [37.616688, 55.632895], [37.617191, 55.632819], [37.617192, 55.632818], [37.617541, 55.632765], [37.618583, 55.632606]], [[37.494411, 55.735006], [37.494337, 55.734985]], [[37.51242, 55.706424], [37.512752, 55.706113]], [[37.61909, 55.632346], [37.618967, 55.632351], [37.618931, 55.632353], [37.618929, 55.632361], [37.618927, 55.632372], [37.618918, 55.632384], [37.618902, 55.632395], [37.618883, 55.632402], [37.618854, 55.632409], [37.618743, 55.632426], [37.618775, 55.632494], [37.618815, 55.632576], [37.618743, 55.632581], [37.618583, 55.632606]], [[37.501693, 55.720323], [37.501713, 55.720347], [37.501739, 55.720367], [37.501767, 55.720384], [37.501787, 55.720395], [37.501817, 55.720409], [37.501843, 55.720417], [37.501877, 55.720426], [37.501906, 55.720432], [37.501945, 55.720439], [37.501983, 55.720442], [37.502011, 55.720445], [37.502039, 55.720445], [37.502053, 55.720444], [37.502067, 55.720443], [37.502444, 55.720408], [37.502734, 55.720529], [37.503056, 55.720607], [37.503281, 55.72068], [37.503463, 55.720758], [37.503678, 55.720794], [37.503957, 55.720794], [37.504193, 55.720855], [37.504386, 55.720964], [37.504619, 55.721049]], [[37.647688, 55.628418], [37.647522, 55.628428], [37.647271, 55.628443], [37.647237, 55.628445]], [[37.751274, 55.630772], [37.751511, 55.630805], [37.751661, 55.630824], [37.752236, 55.630896], [37.75233, 55.630908], [37.752453, 55.630923], [37.752492, 55.630916], [37.752557, 55.630822]], [[37.752605, 55.630752], [37.752557, 55.630822]], [[37.749577, 55.638403], [37.749624, 55.638346]], [[37.556129, 55.682177], [37.556237, 55.682236], [37.556144, 55.68229]], [[37.494601, 55.747324], [37.494581, 55.747279], [37.494061, 55.747135], [37.493974, 55.747125], [37.493423, 55.746972], [37.491821, 55.746506], [37.49111, 55.746299]], [[37.552904, 55.684004], [37.55299, 55.684067]], [[37.55277, 55.684202], [37.552781, 55.684189], [37.55299, 55.684067]], [[37.492382, 55.750703], [37.492333, 55.750598]], [[37.55277, 55.684202], [37.552766, 55.684217]], [[37.51285, 55.707191], [37.512769, 55.707237], [37.512711, 55.70727], [37.512653, 55.707304], [37.512565, 55.707255], [37.512486, 55.70721]], [[37.55252, 55.684338], [37.552471, 55.684358], [37.552316, 55.684467], [37.552234, 55.684444]], [[37.522244, 55.701735], [37.522103, 55.701819], [37.522084, 55.70183], [37.521908, 55.701931], [37.519505, 55.703316], [37.516449, 55.705076], [37.516255, 55.705188], [37.51605, 55.705296], [37.515489, 55.705594], [37.515247, 55.705758]], [[37.749828, 55.630782], [37.74999, 55.630736], [37.750144, 55.630704], [37.750166, 55.6307], [37.750401, 55.630656]], [[37.751274, 55.630772], [37.751138, 55.630754], [37.750401, 55.630656]], [[37.764322, 55.681979], [37.764192, 55.681992]], [[37.780946, 55.757419], [37.780839, 55.757401], [37.780887, 55.75732]], [[37.665754, 55.618984], [37.665666, 55.61894], [37.665549, 55.618904], [37.665242, 55.618808]], [[37.522082, 55.713881], [37.522286, 55.713769], [37.522563, 55.713618], [37.523189, 55.713275]], [[37.792857, 55.701282], [37.792858, 55.701252], [37.792843, 55.701235], [37.792699, 55.7008], [37.792622, 55.700566], [37.792527, 55.700317], [37.79251, 55.700259], [37.792499, 55.700224], [37.792464, 55.700171], [37.792298, 55.699607], [37.79191, 55.698304], [37.791844, 55.698086], [37.791834, 55.698049]], [[37.792857, 55.701282], [37.79287, 55.7013], [37.792871, 55.701361], [37.793043, 55.70187], [37.793086, 55.701915], [37.793096, 55.701979]], [[37.619788, 55.63195], [37.619839, 55.631948], [37.619849, 55.632026], [37.619962, 55.632022], [37.619983, 55.632021], [37.620069, 55.632018], [37.620074, 55.632061], [37.620084, 55.632081], [37.620139, 55.632136], [37.620159, 55.632151], [37.620175, 55.632158], [37.620212, 55.632168], [37.620249, 55.632175], [37.620262, 55.632177], [37.620367, 55.632186], [37.620399, 55.632184], [37.620525, 55.632165]], [[37.794467, 55.739249], [37.794301, 55.739216]], [[37.794343, 55.739147], [37.794301, 55.739216]], [[37.823357, 55.796801], [37.823426, 55.795779], [37.823481, 55.794968], [37.8235, 55.794679], [37.823503, 55.79461], [37.823503, 55.794606], [37.823484, 55.794432]], [[37.792855, 55.703459], [37.792779, 55.703383], [37.792645, 55.702967], [37.792641, 55.702933], [37.792647, 55.702901], [37.792659, 55.702845], [37.792657, 55.702815], [37.792538, 55.702409], [37.792537, 55.702367], [37.792596, 55.702333], [37.792684, 55.702313], [37.792702, 55.702306]], [[37.79284, 55.702292], [37.792985, 55.702277], [37.793032, 55.702261], [37.793053, 55.702216], [37.793056, 55.702175], [37.793055, 55.702088], [37.793096, 55.701979]], [[37.791818, 55.697997], [37.79171, 55.697643], [37.791708, 55.697483], [37.791703, 55.697449], [37.791566, 55.696992], [37.791421, 55.696951], [37.791284, 55.696968], [37.791175, 55.696978]], [[37.744801, 55.64738], [37.744651, 55.647364], [37.744586, 55.647392], [37.74453, 55.6474], [37.744466, 55.647402], [37.744161, 55.647374], [37.74418, 55.647304], [37.744195, 55.647278], [37.744217, 55.647265], [37.744264, 55.647267], [37.744284, 55.647266], [37.744299, 55.647261], [37.744311, 55.647253], [37.744385, 55.647063], [37.744819, 55.645951], [37.744832, 55.645888], [37.744869, 55.645074], [37.74488, 55.645014], [37.7449, 55.644937], [37.74507, 55.644219], [37.745093, 55.644122], [37.745179, 55.643758], [37.74519, 55.643712], [37.74521, 55.643661]], [[37.744801, 55.64738], [37.745066, 55.647417]], [[37.745196, 55.647411], [37.745435, 55.646792], [37.746019, 55.645265], [37.746512, 55.64398], [37.747378, 55.641654], [37.747535, 55.641222], [37.747743, 55.640651], [37.748077, 55.639839], [37.748456, 55.638919], [37.748936, 55.637728], [37.74936, 55.636676], [37.749456, 55.636436]], [[37.750098, 55.636982], [37.750067, 55.637066], [37.75003, 55.637225], [37.750019, 55.637263], [37.749975, 55.637379], [37.749815, 55.637807], [37.749761, 55.638006], [37.749752, 55.638101], [37.749729, 55.638156], [37.749699, 55.638222], [37.749624, 55.638346]], [[37.65731, 55.620405], [37.657316, 55.620816], [37.657318, 55.620893], [37.65755, 55.620951]], [[37.647894, 55.628303], [37.647866, 55.628177]], [[37.647894, 55.628303], [37.647917, 55.628401]], [[37.54204, 55.658062], [37.542007, 55.658031]], [[37.54204, 55.658062], [37.542096, 55.658115], [37.543467, 55.659402], [37.544645, 55.660501], [37.545323, 55.661134], [37.545444, 55.661247]], [[37.558712, 55.674564], [37.558659, 55.674515]], [[37.558712, 55.674564], [37.558975, 55.674804]], [[37.559201, 55.674337], [37.559006, 55.674397], [37.558659, 55.674515]], [[37.561594, 55.678673], [37.561587, 55.678694], [37.56157, 55.678707], [37.561278, 55.678876], [37.560395, 55.679384], [37.559166, 55.680093], [37.558197, 55.680652], [37.558107, 55.680684]], [[37.512941, 55.707141], [37.5129, 55.707162]], [[37.51285, 55.707191], [37.5129, 55.707162]], [[37.512941, 55.707141], [37.512894, 55.707115], [37.512885, 55.707104], [37.513342, 55.706845], [37.513449, 55.706784], [37.513577, 55.706711], [37.513812, 55.706577]], [[37.526063, 55.711683], [37.52605, 55.71169], [37.523587, 55.71309], [37.523502, 55.713139], [37.523421, 55.713185], [37.523316, 55.713226], [37.523189, 55.713275]], [[37.407931, 55.771821], [37.407815, 55.771826], [37.407327, 55.77181], [37.406482, 55.771781], [37.404941, 55.771724], [37.404629, 55.771701], [37.404313, 55.771688]], [[37.407931, 55.771821], [37.407944, 55.771919], [37.407953, 55.771943], [37.407974, 55.771972], [37.408056, 55.772041], [37.408072, 55.77205], [37.408389, 55.77222]], [[37.502311, 55.818657], [37.502392, 55.818558]], [[37.530119, 55.825949], [37.529921, 55.82597]], [[37.530119, 55.825949], [37.530145, 55.825982]], [[37.579119, 55.828701], [37.579193, 55.828651], [37.579312, 55.828576], [37.579349, 55.828545], [37.579482, 55.828477], [37.580135, 55.828027], [37.580222, 55.827969]], [[37.635077, 55.62916], [37.635749, 55.629115], [37.638909, 55.628885], [37.638919, 55.628886], [37.638938, 55.628887], [37.638955, 55.628891], [37.638976, 55.628898], [37.638985, 55.628906], [37.638991, 55.628918], [37.639159, 55.628905], [37.63942, 55.628926], [37.641113, 55.628802], [37.643018, 55.628664], [37.643184, 55.628652], [37.643913, 55.628607], [37.644735, 55.628567], [37.644892, 55.628584]], [[37.645005, 55.628584], [37.645004, 55.628553], [37.64501, 55.628533], [37.645021, 55.628515], [37.645042, 55.628498], [37.645077, 55.628488], [37.645161, 55.628472], [37.646056, 55.628417], [37.646574, 55.628385], [37.647157, 55.628349], [37.647222, 55.628346], [37.647237, 55.628445]], [[37.645005, 55.628584], [37.644892, 55.628584]], [[37.572419, 55.832331], [37.572295, 55.832331]], [[37.668131, 55.620231], [37.668208, 55.620265], [37.668294, 55.620303], [37.668483, 55.620379], [37.668612, 55.620431], [37.669169, 55.620655], [37.669398, 55.620747], [37.669667, 55.620896], [37.669805, 55.620967]], [[37.668131, 55.620231], [37.66796, 55.620162], [37.66758, 55.62], [37.667416, 55.619919], [37.666183, 55.619302], [37.665665, 55.619042]], [[37.665754, 55.618984], [37.665665, 55.619042]], [[37.60071, 55.830177], [37.600637, 55.830262]], [[37.60071, 55.830177], [37.600739, 55.830148], [37.600927, 55.830186]], [[37.541946, 55.657874], [37.541817, 55.657754], [37.541674, 55.65762]], [[37.541946, 55.657874], [37.542023, 55.657945], [37.541931, 55.657959], [37.542007, 55.658031]], [[37.593611, 55.632324], [37.593959, 55.632493], [37.59399, 55.632472]], [[37.750098, 55.636982], [37.750199, 55.636715], [37.750301, 55.636442]], [[37.757515, 55.67357], [37.757526, 55.673514], [37.757537, 55.673462], [37.757544, 55.673424]], [[37.757833, 55.673639], [37.75769, 55.673639]], [[37.791818, 55.697997], [37.791834, 55.698049]], [[37.79284, 55.702292], [37.792702, 55.702306]], [[37.794319, 55.707439], [37.794328, 55.707461], [37.794328, 55.707462], [37.794808, 55.708885], [37.794825, 55.708949], [37.794842, 55.70902], [37.794838, 55.709038], [37.794819, 55.709052], [37.794742, 55.709081], [37.794715, 55.709091], [37.794792, 55.709156], [37.794812, 55.709223], [37.794886, 55.709217], [37.794983, 55.709596], [37.795001, 55.70966], [37.795089, 55.709902], [37.795268, 55.710601], [37.795401, 55.711119], [37.795433, 55.711225], [37.795636, 55.711893], [37.795663, 55.712022], [37.795696, 55.712182], [37.795802, 55.712526], [37.795832, 55.712603], [37.795829, 55.712609], [37.795821, 55.712615], [37.795787, 55.712623], [37.79583, 55.712686], [37.795853, 55.712743], [37.795908, 55.712839]], [[37.828733, 55.812394], [37.828612, 55.81239]], [[37.781957, 55.757517], [37.781914, 55.757591], [37.781908, 55.757603]], [[37.780946, 55.757419], [37.78109, 55.757447], [37.781908, 55.757603]], [[37.80006, 55.725058], [37.800128, 55.724984], [37.800152, 55.724958]], [[37.823357, 55.796801], [37.823357, 55.796819], [37.823356, 55.796897]], [[37.757515, 55.67357], [37.75757, 55.673573], [37.757595, 55.673579], [37.757619, 55.673591], [37.757686, 55.673635], [37.75769, 55.673639]], [[37.757822, 55.673338], [37.7578, 55.673356], [37.757779, 55.673373], [37.75775, 55.673391], [37.757718, 55.673406], [37.757696, 55.67341], [37.757544, 55.673424]], [[37.828465, 55.812512], [37.828515, 55.81252], [37.828545, 55.812519], [37.828579, 55.812508], [37.8286, 55.812493], [37.828609, 55.812463], [37.828612, 55.81239]], [[37.828403, 55.81346], [37.828315, 55.813741]], [[37.538754, 55.639776], [37.538656, 55.639802]], [[37.559201, 55.674337], [37.559446, 55.674254], [37.559308, 55.674125], [37.559242, 55.674064], [37.559073, 55.673906]], [[37.461342, 55.809893], [37.461336, 55.809747], [37.461313, 55.80965], [37.461206, 55.809528], [37.461196, 55.809516]], [[37.4597, 55.809367], [37.459586, 55.809323]], [[37.450738, 55.803067], [37.450735, 55.803091], [37.450734, 55.803116], [37.450733, 55.803139], [37.450726, 55.803163], [37.450711, 55.803178], [37.450685, 55.803182], [37.450683, 55.803182], [37.450572, 55.803185]], [[37.436901, 55.804783], [37.435931, 55.804746], [37.435713, 55.804736], [37.435386, 55.804713], [37.435023, 55.804679], [37.429595, 55.803848], [37.429607, 55.803823], [37.429653, 55.803728]], [[37.621949, 55.631997], [37.621927, 55.631949]], [[37.621157, 55.632068], [37.621927, 55.631949]], [[37.621949, 55.631997], [37.621976, 55.632054], [37.62199, 55.632083], [37.621996, 55.632095]], [[37.621157, 55.632068], [37.620525, 55.632165]], [[37.745196, 55.647411], [37.745066, 55.647417]], [[37.672228, 55.619568], [37.672296, 55.619618], [37.672308, 55.619627], [37.672363, 55.619667], [37.672397, 55.619653], [37.672426, 55.619645], [37.672481, 55.619632], [37.672514, 55.619631], [37.67286, 55.619706], [37.672903, 55.619719], [37.672944, 55.619746], [37.67301, 55.6198], [37.673323, 55.620101], [37.673441, 55.620062]], [[37.6699, 55.620855], [37.669967, 55.620802], [37.669586, 55.620649]], [[37.646911, 55.624296], [37.646928, 55.62437], [37.646946, 55.624448]], [[37.646911, 55.624296], [37.646834, 55.624266], [37.646771, 55.623989], [37.64676, 55.623938], [37.646715, 55.623741], [37.646537, 55.622957], [37.646373, 55.622235], [37.646241, 55.621655], [37.646125, 55.621146], [37.646097, 55.621022]], [[37.647749, 55.628073], [37.64754, 55.627155], [37.647375, 55.62643], [37.647281, 55.626017], [37.647197, 55.625647], [37.646982, 55.624702], [37.646946, 55.624448]], [[37.672228, 55.619568], [37.671319, 55.619962], [37.671214, 55.619997]], [[37.752605, 55.630752], [37.752648, 55.630694], [37.752391, 55.630638]], [[37.749577, 55.638403], [37.74956, 55.638442], [37.749577, 55.638479], [37.749634, 55.638506], [37.749983, 55.6386], [37.750038, 55.63861], [37.750097, 55.638612]], [[37.752582, 55.630231], [37.752391, 55.630638]], [[37.647688, 55.628418], [37.647826, 55.628408], [37.647917, 55.628401]], [[37.647846, 55.628101], [37.647837, 55.628066]], [[37.6699, 55.620855], [37.669836, 55.620928], [37.669805, 55.620967]], [[37.656854, 55.619954], [37.656839, 55.620088], [37.656658, 55.62009]], [[37.501063, 55.816134], [37.501042, 55.816129], [37.501309, 55.815826], [37.501451, 55.815667], [37.501778, 55.815299], [37.501821, 55.81525], [37.501928, 55.815164]], [[37.488838, 55.741532], [37.488889, 55.741476], [37.488918, 55.741444], [37.488934, 55.741426], [37.48885, 55.741402]], [[37.488106, 55.741353], [37.488204, 55.741383], [37.488233, 55.74138], [37.488258, 55.741383], [37.488437, 55.741434], [37.48874, 55.741521], [37.488826, 55.741546]], [[37.42839, 55.769316], [37.428514, 55.768973], [37.429103, 55.767325], [37.429115, 55.7673]], [[37.404322, 55.771613], [37.404313, 55.771688]], [[37.437904, 55.750844], [37.437923, 55.75088], [37.437963, 55.750915], [37.438673, 55.751368], [37.438872, 55.751495], [37.439085, 55.751621]], [[37.391153, 55.777034], [37.391098, 55.776974], [37.390446, 55.776276]], [[37.622305, 55.632171], [37.622171, 55.632181], [37.622162, 55.632139], [37.622157, 55.632123], [37.622147, 55.632113], [37.622134, 55.632106], [37.622119, 55.6321], [37.622096, 55.632093], [37.622062, 55.632091], [37.622019, 55.632092], [37.621996, 55.632095]], [[37.522244, 55.701735], [37.522375, 55.701657]], [[37.572419, 55.832331], [37.572446, 55.832331]], [[37.494411, 55.735006], [37.494432, 55.734999], [37.494458, 55.734997], [37.494486, 55.734998], [37.494502, 55.734999], [37.494524, 55.735005]], [[37.647749, 55.628073], [37.647837, 55.628066]], [[37.794319, 55.707439], [37.794258, 55.707447]], [[37.757822, 55.673338], [37.758004, 55.673337], [37.758177, 55.673336]], [[37.488838, 55.741532], [37.488826, 55.741546]], [[37.536799, 55.693382], [37.53689, 55.693359]]]}}]}